ROOF AGE,Permit Number,Permit Type,Description,Address,LAT,LON
27,98030908,Building/Trade Permits/Residential/Roofing,SHINGLE RE-ROOF  SLOPE:4/12,"2296 KENYA LN, PORT CHARLOTTE 33952",26.994914974792444,-82.01850895
27,98030909,Building/Trade Permits/Residential/Roofing,SHINGLE RE-ROOF  SLOPE:4/12,"3422 MAGNOLIA WAY, PUNTA GORDA 33950",26.907354331004107,-82.05031589
27,98030906,Building/Trade Permits/Residential/Roofing,RECOVER SHINGLE ROOF  SLOPE:4/12,"2385 SOFIA LANE, PORT CHARLOTTE 33983",26.99189572885625,-82.01277156
27,98030864,Building/Trade Permits/Residential/Mechanical,CHANGE OUT 15T ON ROOF,"3006 CARING WAY, PORT CHARLOTTE",26.98763920716337,-82.10210831
27,98030907,Building/Trade Permits/Residential/Roofing,RE-ROOF SHINGLE  SLOPE:4/12,"5314 NEVILLE TERRACE, PORT CHARLOTTE 33981",26.952081809844092,-82.21757508
27,98030775,Building/Trade Permits/Residential/Roofing,NEW SHINGLE ROOF,"15550 BURNTSTORE RD UNIT 83, PUNTA GORDA",26.800111665551228,-82.03461822
27,98030813,Building/Trade Permits/Residential/Roofing,RE-ROOF MODIFIED  1/12,"21027 MEEHAN AVE, PORT CHARLOTTE",26.997926746988174,-82.10588836
27,98030829,Building/Trade Permits/Residential/Roofing,TEAR OFF SHINGLE & FLAT   SLOPE:5/12,"1513 FIRESIDE ST, PORT CHARLOTTE",27.003540001513404,-82.09653477
27,98030785,Building/Accessories/Residential/Lanai,ALUM ROOF OVER MH ONLY,"15550 BURNT STORE RD, PUNTA GORDA 433955",26.800111665551228,-82.03461822
27,98030831,Building/Trade Permits/Residential/Roofing,TEAR OFF SHINGLE & FLAT  SLOPE:5/12,"23213 JULES AVE, PORT CHARLOTTE",27.000898377274908,-82.0673905
27,98030733,Building/Trade Permits/Residential/Roofing,REMOVE SHINGLES AND REPLACE WITH 1-PLY,"21970 CELLINI AVE N.E., PORT CHARLOTTE 33952",26.99444378772334,-82.09088902
27,98030754,Building/Trade Permits/Residential/Roofing,SINGLE PLY RE-ROOF,"7470 DANVERS CIRCLE, PORT CHARLOTTE 33981",26.918432203361775,-82.21522514
27,98030745,Building/Accessories/Residential/Lanai,INSTALL NEW INSULATED ROOF AND REPLACE FLAT DECK,"95 WATERSIDE ST, PORT CHARLOTTE",27.029620994652326,-82.09546656
27,98030746,Building/Trade Permits/Residential/Roofing,REROOF,"153 FOUNTAIN ST, PORT CHARLOTTE",27.02884284112449,-82.20780177
27,98030740,Building/Trade Permits/Residential/Roofing,TEAR OFF & REPLACE SHINGLES,"701 JARVIS ST, PORT CHARLOTTE 33948",26.989845231169685,-82.13786322
27,98030734,Building/Trade Permits/Residential/Roofing,RE-ROOF FLAT AND RE-WORK VALLEY,"525 AZALEA AVE, PORT CHARLOTTE",26.98550233488207,-82.1076813
27,98030719,Building/Trade Permits/Residential/Roofing,RE-ROOF,"2140 MISSISSIPPI AVE, ENGLEWOOD",26.91876792990546,-82.32217408
27,98030714,Building/Trade Permits/Residential/Roofing,RE-SHINGLE BACK 1/2 OF ROOF,"126 BEENIE RD, PORT CHARLOTTE",,
27,98030732,Building/Trade Permits/Residential/Roofing,RE-ROOF SHINGLE,"1532 ABSCOTT STREET, PORT CHARLOTTE 33952",27.002746681297726,-82.06960294
27,98030708,Building/Construction/Residential/Addition,SCREEN IN ENCLOSURE & ROOF OVER DECK,"24178 JEAN LAFITTE BLVD, PUNTA GORDA",26.79950798951636,-82.04873313
27,98030662,Building/Trade Permits/Residential/Roofing,INSTALL NEW SHINGLES ON BACK OF HOUSE,"842 FOREST HILL LN, PORT CHARLOTTE",26.994432411885576,-82.12773133
27,98030632,Building/Trade Permits/Residential/Roofing,RE-ROOF TEAR OFF & RE-SHINGLE  4/12 & FLAT,"18386 COURTLAND AVE, PORT CHARLOTTE",27.000011495198475,-82.14418786
27,98030631,Building/Trade Permits/Residential/Roofing,TEAR OFF & REPLACE SHINGLE ROOF,"2164 BROAD RANCH DR, PORT CHARLOTTE 33948",26.99901953525628,-82.12751013
27,98030634,Building/Accessories/Residential/Lanai,ALUM ROOF OVER,"2360 WILEY ST, PORT CHARLOTTE",26.99317367150012,-82.10440067
27,98030666,Building/Trade Permits/Residential/Roofing,RE-ROOF SHINGLE  FLAT,"1510 HELENA AVE, ENGLEWOOD 34223",26.940250295321402,-82.34278865
27,98030629,Building/Trade Permits/Residential/Roofing,TEAR OFF ROCK ROOF REPLACE WITH SHINGLES,"21717 EDGEWATER DR, PORT CHARLOTTE 33948",26.96408667109611,-82.08778387
27,98030668,Building/Construction/Residential/Miscellaneous,RE-ROOF W' TILE  6/12,"1401 BEACH RD, 1, ENGLEWOOD FL 34223",26.932631908104216,-82.35462952
27,98030672,Building/Trade Permits/Residential/Roofing,RE-ROOF - SHINGLES OVER SHINGLES,"20208 TAPPANZEE DR, PORT CHARLOTTE 33952",27.015035651720765,-82.12068939
27,98030637,Building/Trade Permits/Residential/Roofing,INSTALL SHINGLES OVER EXIST SHINGLES  4/12,"3521 AMES ST, PUNTA GORDA",26.906490268629522,-82.04489896
27,98030636,Building/Trade Permits/Residential/Roofing,TEAR OFF & RE-ROOF W/ GAF SHINGLES  SLOPE:4/12,"3810 BAYNARD DRIVE, PUNTA GORDA",26.90423019962925,-82.03917693
27,98030641,Building/Trade Permits/Residential/Roofing,RE-ROOF SHINGLE,"20359 MIDWAY BLVD, PORT CHARLOTTE 33952",26.995546312943667,-82.11482997
27,98030661,Building/Trade Permits/Residential/Roofing,INSTALL NEW SHINGLE ROOF,"1404 ALGIERS ST, PORT CHARLOTTE 33980",27.006332511233502,-82.06201933
27,98030667,Building/Construction/Residential/Miscellaneous,RE-ROOF W'CONCRETE TILE  6/12,"1451 BEACH RD, ENGLEWOOD 34223",26.931299846954058,-82.35399365
27,98030635,Building/Trade Permits/Residential/Roofing,REPAIR TILE ROOF  LESS 1 SQ,"172 COUSLEY DR SE, PORT CHARLOTTE 33952",26.957874221386366,-82.0939865
27,98030633,Building/Trade Permits/Residential/Roofing,RE-ROOF TEAR OFF & RE-SHINGLE  6/12,"478 LONDRINA DR, PUNTA GORDA 33983",27.019918346308604,-82.01702883
27,98030665,Building/Trade Permits/Residential/Roofing,RE-ROOF W'GAF SHINGLES & RUBBEROID  4/12,"150 CRESTVIEW DR, ENGLEWOOD 34223",26.940847321034504,-82.34696962
27,98030638,Building/Trade Permits/Residential/Roofing,RE-ROOF FLAT ROOF,"2263 RIO DE JANERIO AVE, PUNTA GORDA 33983",26.995758061523812,-82.01814276
27,98030623,Building/Trade Permits/Residential/Roofing,COMPLETE RE-ROOF SHINGLE,"701 CLEARVIEW DR, PORT CHARLOTTE",27.021053448387356,-82.20248415
27,98030594,Building/Trade Permits/Residential/Roofing,NEW SHINGLE ROOF,"1860 FAUST DR, ENGLEWOOD 34224",26.92824755241439,-82.31694032
27,98030612,Building/Trade Permits/Residential/Roofing,TEAR OFF AND RESHINGLE,"1614 PAGE ST, PORT CHARLOTTE",27.00084872247463,-82.08180238
27,98030609,Building/Accessories/Residential/Lanai,ROOF OVER MH ONLY,"7337 HEDWIG CT, PORT CHARLOTTE 33981",26.921386731724922,-82.21591951
27,98030596,Building/Construction/Residential/Addition,INSTALL VINYL WINDOW ROOM WITH COMPOSITE ROOF ON,"35711 WASHINGTON LOOP RD, PUNTA GORDA",26.972623747777078,-81.8953654
27,98030620,Building/Trade Permits/Residential/Roofing,COMPLETE RE-ROOF MODIFIED,"22174 FELTON AVE, PORT CHARLOTTE",26.99370761269213,-82.08412174
27,98030606,Building/Trade Permits/Residential/Roofing,RE-ROOF SHINGLES & FLAT DECK  SLOPE:4/12,"478 ORANGE DRIVE, PORT CHARLOTTE",26.988544332837375,-82.11572265
27,98030622,Building/Trade Permits/Residential/Roofing,COMPLETE RE-ROOF SHINGLE,"190310 MCGRATH CIR, PORT CHARLOTTE",,
27,98030621,Building/Trade Permits/Residential/Roofing,COMPLETE MAIN RE-ROOF SHINGLES ONLY,"260 TARPON BLVD E., PORT CHARLOTTE",26.976797094764226,-82.11599725
27,98030624,Building/Trade Permits/Residential/Roofing,COMPLETE RE-ROOF MODIFIED,"2410 LANIER RD, PUNTA GORDA",26.967937554896466,-81.9695968
27,98030535,Building/Trade Permits/Residential/Roofing,REPAIR BASE OF VALLEY ON SHINGLE ROOF  4/12,"1224 CORKTREE CIR, PORT CHARLOTTE",27.01148041825654,-82.12203223
27,98030531,Building/Accessories/Residential/Carport,CARPORT PAN ROOF ONLY,"15319 LEMONADE DRIVE, PUNTA GORDA",26.870207734302276,-81.99711885
27,98030564,Building/Construction/Residential/Addition,"ALUM ROOF, VINYL SIDING, CHANGE VINYL ROOM TO","1000 KINGS HWY #67, PORT CHARLOTTE 33980",27.012224296403744,-82.05295935
27,98030581,Building/Trade Permits/Residential/Roofing,SHINGLE OVER SHINGLE,"880 FAIRFAX TERR NW, PORT CHARLOTTE",26.99332797864043,-82.12577064
27,98030558,Building/Trade Permits/Residential/Roofing,REPLACE PAN ROOF ONLY,"2100 KINGS HWY *NANAIMO*, PORT CHARLOTTE",26.999233302768417,-82.05657329
27,98030534,Building/Trade Permits/Residential/Roofing,REPAIR CORNER OF GABLE ON TILE ROOF,"2310 BENGAL CT, PORT CHARLOTTE",26.994436230170066,-82.01474769
27,98030513,Building/Trade Permits/Residential/Roofing,SHINGLE & FLAT RE-ROOF  SLOPE:4/12,"980 SIDNEY TERRACE, PORT CHARLOTTE",26.989341651902677,-82.12844844
27,98030495,Building/Trade Permits/Residential/Roofing,FLAT RE-ROOF,"21260 BRINSON AVENUE, PORT CHARLOTTE",26.98998275396499,-82.09862638
27,98030511,Building/Trade Permits/Residential/Roofing,SHINGLE & FLAT RE-ROOF  SLOPE:4/12,"4395 MILL ST, PORT CHARLOTTE 33952",26.96239152318732,-82.06145256
27,98030502,Building/Trade Permits/Residential/Roofing,RE-ROOF AND ENLARGE FRONT PORCH,"135 WILHELM DRIVE, ENGLEWOOD 34223",26.918794648653574,-82.35591126
27,98030461,Building/Trade Permits/Residential/Roofing,RE-ROOF,"893 RIVERIA LANE, PORT CHARLOTTE",,
27,98030517,Building/Trade Permits/Residential/Roofing,RESHINGLE OF ROOF,"6387 CUTLER TERR, PORT CHARLOTTE 33948",26.935671149745513,-82.22298143
27,98030466,Building/Trade Permits/Residential/Roofing,ROOF OVER,"833 KENWOOD TERR, PORT CHARLOTTE 33948",26.995662604088793,-82.12596136
27,98030480,Building/Trade Permits/Residential/Roofing,TEAR OFF & RESHINGLE,"21293 PEMBERTON ST, PORT CHARLOTTE 33948",27.016492952733273,-82.09782406
27,98030476,Building/Trade Permits/Residential/Roofing,NEW SHINGLE ROOF  2.5/12,"15550 BURNT STORE RD, PUNTA GORDA",26.800111665551228,-82.03461822
27,98030509,Building/Trade Permits/Residential/Roofing,RE-ROOF WITH SINGLE PLY MEMBRANE RENEW PERMIT 4-18-01 LOT # 125,"24000 RAMPART BLVD, 33948",27.002995639459886,-82.04675012
27,98030489,Building/Trade Permits/Residential/Roofing,SHINGLE OVER SHINGLE,"158 NORMAN ST, PORT CHARLOTTE",27.027755703544564,-82.06187441
27,98030514,Building/Trade Permits/Residential/Roofing,FLAT RE-ROOF,"21259 PERCY AVE, PORT CHARLOTTE",26.995510014329682,-82.09911349
27,98030499,Building/Trade Permits/Residential/Roofing,SHINGLE OVER SHINGLE,"2457 COLOGNE LN, PUNTA GORDA 33983",26.989673750508214,-82.01284798
27,98030510,Building/Trade Permits/Residential/Roofing,SHINGLE RE-ROOF  SLOPE:4/12,"21100 BURKHART DR, PORT CHARLOTTE 33952",27.000171793998508,-82.10406488
27,98030463,Building/Trade Permits/Residential/Roofing,REROOF SHINGLE,"18339 YALE AVE, PORT CHARLOTTE",26.997882831202574,-82.14560704
27,98030396,Building/Trade Permits/Residential/Roofing,NAIL SHINGLES OVER EXIST SHINGLES,"10027 OCEANSPRAY RD, ENGLEWOOD 34224",26.92321768323828,-82.28762054
27,98030424,Building/Trade Permits/Residential/Roofing,REPAIR SHINGLE  LESS 1 SQ,"20168 TAPPAN ZEE DR, PORT CHARLOTTE",27.013990348311836,-82.12072747
27,98030391,Building/Trade Permits/Residential/Roofing,SHINGLE RE-ROOF  SLOPE:3/12,"15530 BURNT STORE RD, PUNTA GORDA",26.800594977038347,-82.03592788
27,98030428,Building/Accessories/Residential/Lanai,ROOF OVER MOBILE HOME 12X57 & FLORIDA ROOM 11X43,"7337 LARES ST, PORT CHARLOTTE 33981",26.921512606437517,-82.21752161
27,98030402,Building/Trade Permits/Residential/Roofing,COAT TILE ROOF W/ URETHANE SYSTEM,"154 FRANCIS DR NE, PORT CHARLOTTE",26.971405070963957,-82.09588628
27,98030405,Building/Trade Permits/Residential/Roofing,"SHINGLES OFF, TIMBERLINE SHINGLES ON","286 ANNAPOLIS LANE, CAPE HAZE",26.891240970525935,-82.29445654
27,98030380,Building/Trade Permits/Residential/Roofing,NEW SHINGLE ROOF,"15550 BURNT STORE RD #78, PUNTA GORDA",26.80039393680137,-82.03623963
27,98030411,Building/Accessories/Residential/Lanai,10'X35' BUILT UP ROOF OVER,"112 AURA ST, ENGLEWOOD 34224",26.92771054717283,-82.36095461
27,98030419,Building/Accessories/Residential/Lanai,ROOF OVER MOBILE HME ONLY,"3216 SUNNY HARBOR DR, PUNTA GORDA",26.975023199845623,-81.97901152
27,98030403,Building/Trade Permits/Residential/Roofing,"SHINGLES OFF, KIMBERLINEI SHINGLES ON","6304 PARTRIDGE AVE, ENGLEWOOD",26.940586058138567,-82.30735014
27,98030379,Building/Trade Permits/Residential/Roofing,COMPLETE RE-ROOF SHINGLE & MODIFIED  SLOPE:3/12,"1429 DORCHESTER ST, PORT CHARLOTTE",27.005449317814502,-82.10835273
27,98030426,Building/Trade Permits/Residential/Roofing,TEAR OFF FLAT DECK AND SHINGLE TIE-IN,"2539 LAKESHORE CIRCLE, PORT CHARLOTTE",26.991975803032997,-82.11106115
27,98030407,Building/Accessories/Residential/Lanai,ALUMINUM ROOF OVER,"2100 KINGS HWY *HURON*, PORT CHARLOTTE",26.999233302768417,-82.05657329
27,98030442,Building/Trade Permits/Residential/Roofing,REPLACE ROOF  TEAR OFF & RE-SHINGLE  3/12,"521 SHARON CIR, PORT CHARLOTTE 33952",26.96981631732376,-82.08850853
27,98030429,Building/Accessories/Residential/Lanai,34X22 BUILD UP ROOF OVER,"1475 FLAMINGO DR, ENGLEWOOD",26.935655016174007,-82.31599614
27,98030328,Building/Trade Permits/Residential/Roofing,COMPLETE REROOF SHINGLE,"20241 MT PROSPECT AVE, PORT CHARLOTTE",27.01431853188201,-82.1158295
27,98030327,Building/Trade Permits/Residential/Roofing,REPAIR SHINGLE LEAK  (LESS THAN 1 SQ),"18295 VAN NUYS CIR, PORT CHARLOTTE FL 33948",26.95813936504686,-82.15003965
27,98030341,Building/Trade Permits/Residential/Roofing,RE-ROOF,"15900 PRAIRIE CRK BLVD, PORT CHARLOTTE",,
27,98030360,Building/Trade Permits/Residential/Roofing,REMOVE BUILT UP AND REPLACE WITH SHINGLE AND,"1878 CITRON ST, PORT CHARLOTTE FL 33980",26.968469618028287,-82.03909306
27,98030343,Building/Accessories/Residential/Lanai,ROOF-OVER JUST MOBILE HOME,"2100 KINGS HWY *MCKENZIE LN*, PORT CHARLOTTE",26.999233302768417,-82.05657329
27,98030367,Building/Trade Permits/Residential/Roofing,METAL ROOF OVER SHINGLES,"1770 EL JOBEAN RD, PORT CHARLOTTE 33948",27.004712269362933,-82.16906938
27,98030342,Building/Trade Permits/Residential/Roofing,ROOF OVER EXISTING SLAB,"158 BUCKEYE AVE, PORT CHARLOTTE",26.973073836969206,-82.10284423
27,98030346,Building/Accessories/Residential/Lanai,ALUM ROOF OVER,"1000 KINGS HWY (BIMINI), PORT CHARLOTTE",27.017786144343614,-82.04914863
27,98030333,Building/Accessories/Residential/Cage,SCREEN PATIO W'HIP ROOF,"9242 SWEDEN BLVD, PUNTA GORDA",26.89554221044988,-81.95896142
27,98030376,Building/Trade Permits/Residential/Roofing,RE-ROOF  6/12,"505 CANADA CT, PUNTA GORDA",26.897445566060394,-82.04879003
27,98030358,Building/Trade Permits/Residential/Roofing,REROOF-SHINGLES 5/12,"2066 ONONDAGA LANE, DEEP CREEK",27.000530143317324,-82.02135468
27,98030353,Building/Trade Permits/Residential/Roofing,SHINGLE OVER SHINGLE,"20368 TAPPANZEE DRIVE, PORT CHARLOTTE 33952",27.017284428308045,-82.11731719
27,98030345,Building/Accessories/Residential/Lanai,ALUM ROOF OVER MOBILE HME,"2100 KINGS HWY *SCOTIA*, PORT CHARLOTTE",26.999233302768417,-82.05657329
27,98030372,Building/Trade Permits/Residential/Roofing,RE-ROOF SINGLE PLY,"8442 TANAKA DRIVE, ENGLEWOOD",26.941368173180244,-82.30851744
27,98030357,Building/Trade Permits/Residential/Roofing,REMOVE EXISTING TILE ROOF INSTALL A 30# 90# DRYIN,"5265 PLACIDA RD, GROVE CITY",26.896202125242066,-82.30966944
27,98030344,Building/Accessories/Residential/Lanai,ALUM ROOF OVER MOBILE HME,"215 RIO VILLA DR(6 HAGUE), PUNTA GORDA",26.90335174995679,-82.04505238
27,98030323,Building/Trade Permits/Residential/Roofing,RE-ROOF SHINGLE OVER SHINGLE,"1505 BLUE HERON DR, ENGLEWOOD 34224",26.93838987608575,-82.31346901
27,98030321,Building/Trade Permits/Residential/Roofing,RE-ROOF - TEAR OFF AND RESHINGLE,"8449 JACAMAR DR, ENGLEWOOD 34224",26.938583399757306,-82.3084411
27,98030298,Building/Trade Permits/Residential/Roofing,REPAIR LESS THAN 1 SQ   TILE 3/12 SLOPE,"3411 MAGNOLIA WAY, PUNTA GORDA",26.907634782077217,-82.05086516
27,98030266,Building/Trade Permits/Residential/Roofing,REROOF SHINGLES,"1312 CORKTREE, PORT CHARLOTTE",27.01212874316919,-82.12441247
27,98030300,Building/Trade Permits/Residential/Roofing,REPLACE ROOF TILE TO SHINGLE 3.5/12 SLOPE,"4229 CONWAY BLVD, PORT CHARLOTTE 33952",26.96600905,-82.09143827
27,98030324,Building/Trade Permits/Residential/Roofing,RE-ROOF   TEAR OFF AND RESHINGLE,"12363 MINOT, PORT CHARLOTTE",26.983840973310876,-82.2443848
27,98030306,Building/Trade Permits/Residential/Mechanical,REPLACE ROOFING AIR CONDITIONING UNIT,"1951 MCCALL ROAD S, ENGLEWOOD",26.936496572946332,-82.3353572
27,98030325,Building/Trade Permits/Residential/Roofing,RE-ROOF TILE TO SHINGLE,"263 CADDY RD, ROTONDA",26.890626775583378,-82.29494472
27,98030287,Building/Trade Permits/Residential/Roofing,SHINGLE RE-ROOF  SLOPE:5/12,"21295 BERKSHIRE AVE, PORT CHARLOTTE 33954",27.023153231169566,-82.09776306
27,98030265,Building/Trade Permits/Residential/Roofing,repair less than one square on flat roof,"1008 LOTUS STREET, PORT CHARLOTTE",27.017932783604717,-82.2009887
27,98030268,Building/Construction/Residential/Addition,SCREEN RM W'COMP PANEL ROOF 10X16,"11128 DEERWOOD AVE, ENGLEWOOD 34224",26.937604974681456,-82.26798254
27,98030197,Building/Trade Permits/Residential/Roofing,TEAR OFF EXISTING SHINGLE ROOF BACK W/ SHINGLES ORGINAL 3-5-98,"6014 GILLOT BLVD, PORT CHARLOTTE",26.947170248889204,-82.22190087
27,98030208,Building/Trade Permits/Residential/Roofing,RE-ROOF  4/12 & 3/12 SLOPE,"288 ANNAPOLIS LANE, ROTONDA",26.891237405154836,-82.29495244
27,98030230,Building/Accessories/Residential/Lanai,ALUMINUM ROOF OVER,"21039 KEELER AVE, PORT CHARLOTTE 33954",27.02327346,-82.10585023
27,98030259,Building/Trade Permits/Residential/Roofing,REROOF    ORIG PERMIT 3-5-98,"22408 LAIKA AVE, PORT CHARLOTTE",27.006244757631983,-82.07798001
27,98030212,Building/Trade Permits/Residential/Roofing,TAKE OFF SHINGLES & REPLACE NEW,"18267 HILLSBOROUGH BLVD, PORT CHARLOTTE 33952",27.03247262800999,-82.14784245
27,98030227,Building/Accessories/Residential/Lanai,ALUMINUM ROOF OVER   MOBILE HOME ONLY,"35711 WASHINGTON LOOP RD, RV-171, PUNTA GORDA FL 33982",26.972591356308257,-81.89349365
27,98030218,Building/Accessories/Residential/Lanai,INSTALL ROOF OVER MH ONLY,"1010 ELM ST, PUNTA GORDA",26.923566752557697,-82.03815454
27,98030210,Building/Trade Permits/Residential/Roofing,RE ROOF SHINGLE,"7019 NATALIE ST, ENGLEWOOD 34224",26.930105187842013,-82.27508544
27,98030192,Building/Trade Permits/Residential/Roofing,RE-ROOF SHINGLE,"1336 SHEEHAN BLVD, PORT CHARLOTTE",27.00861733324798,-82.08339693
27,98030242,Building/Trade Permits/Residential/Roofing,REROOF SHINGLE & FLAT MODIFIED 3/12 SLOPE,"531 LAKEHURST AVE NW, PORT CHARLOTTE",26.983154364207127,-82.11746217
27,98030244,Building/Trade Permits/Residential/Roofing,REROOF SHINGLE 4/12 SLOPE,"9220 SPRING CIR, PORT CHARLOTTE",26.89514349424364,-82.2019424
27,98030196,Building/Trade Permits/Residential/Roofing,TEAR OUT & REPLACE TILE VALLEY,"186 FORREST AVE NW, PORT CHARLOTTE",26.981292809927645,-82.10872656
27,98030248,Building/Trade Permits/Residential/Roofing,RE-ROOF FLAT ROOF  BUILT UP,"1540 HAYWORTH RD, PORT CHARLOTTE 33952",27.003847127103462,-82.08089441
27,98030198,Building/Construction/Residential/Miscellaneous,TEAR OUT CAGE & INSTALL MANSARD CAGE & COMP ROOF,"267 FIELDS TERR SE, PORT CHARLOTTE 33952",26.960117477196963,-82.09294889
27,98030179,Building/Trade Permits/Residential/Roofing,ONE-PLY REROOF .5/12 SLOPE,"3213 WISTERIA PL, PUNTA GORDA",26.909473381892816,-82.04951473
27,98030184,Building/Trade Permits/Residential/Roofing,RE-ROOF SHINGLE & FLAT ROOF 4/12  SLOPE,"2495 NUREMBERG BLVD, PUNTA GORDA 33983",26.991561906113773,-82.01914972
27,98030172,Building/Trade Permits/Residential/Roofing,TEAR OFF OLD SHINGLE INSTALL NEW SHINGLES,"11466 ROYAL ROAD, PUNTA GORDA",26.864788002160985,-81.99404908
27,98030181,Building/Trade Permits/Residential/Roofing,SHINGLE REROOF 4/12 SLOPE,"3124 SEAFARER DR, HARBOR HEIGHTS",26.98068978378377,-82.00434224
27,98030177,Building/Trade Permits/Residential/Roofing,SHINGLE REROOF 2.5/12 SLOPE   SHINGLE,"3643 STOCKTON RD, PORT CHARLOTTE",26.97367474191718,-82.2115021
27,98030166,Building/Trade Permits/Residential/Roofing,SHINGLE RE-ROOF  SLOPE:4/12,"1601 PLACIDA RD, ENGLEWOOD",26.934374783162546,-82.33695575
27,98030182,Building/Trade Permits/Residential/Roofing,SHINGLE REROOF 5/12 SLOPE,"26184 MADRAS CT, PUNTA GORDA",26.988679913348633,-82.01942441
27,98030165,Building/Trade Permits/Residential/Roofing,SHINGLE RE-ROOF  SLOPE:4/12,"20036 CHALKLEAF, PORT CHARLOTTE",27.014175281120316,-82.12181849
27,98030180,Building/Trade Permits/Residential/Roofing,SHINGLE & FLAT ROOF REPLACEMENT  4/12 SLOPE,"26201 MADRAS CT, PUNTA GORDA",26.98818977594147,-82.01893618
27,98030175,Building/Trade Permits/Residential/Roofing,SHINGLE RE-ROOF  SLOPE:4/12,"2371 LAKESHORE CIRCLE, PORT CHARLOTTE",26.995153359001872,-82.11175537
27,98030170,Building/Trade Permits/Residential/Roofing,TEAR OFF OLD ROOF INSTALL NEW SINGLE PLY MB,"4535 TAMIAMI TRL, PORT CHARLOTTE",26.962843610005727,-82.07270343
27,98030148,Building/Trade Permits/Residential/Roofing,SHINGLE RE-ROOF  SLOPE:4/12,"517 BOLENDER ST, PUNTA GORDA",27.02093708163979,-81.96950524
27,98030151,Building/Accessories/Residential/Shed,ERECT 10X6 METAL SHED,"8885 ST. PAUL DRIVE, PORT CHARLOTTE 33981",26.908989079600136,-82.19284819
27,98030173,Building/Trade Permits/Residential/Roofing,"SHINGLE RE-ROOF  SLOPE:2/12   ----- ""LOVELY""","35711 WASHINGTON LOOP RD, PUNTA GORDA",26.972623747777078,-81.8953654
27,98030171,Building/Trade Permits/Residential/Roofing,REPAIR TILE VALLEY *LESS THAN 1 SQ),"495 KENSINGTON, PORT CHARLOTTE",27.018756764167417,-82.1024323
27,98030176,Building/Trade Permits/Residential/Roofing,RE-ROOF SHINGLE INCLUDES GARAGE,"12219 CHANCELLOR BLVD, PORT CHARLOTTE 33953",27.032758671300755,-82.24840548
27,98030130,Building/Trade Permits/Residential/Roofing,REPAIR SHINGLE ROOF LESS THAN A SQUARE,"26146 RAMPART BLVD, PUNTA GORDA 33983",27.002582494913145,-82.02013399
27,98030078,Building/Trade Permits/Residential/Roofing,RE-ROOF FLAT ROOF,"1605 HINTON ST, PORT CHARLOTTE 33952",27.000680832002757,-82.10971829
27,98030132,Building/Trade Permits/Residential/Roofing,REROOF SHINGLES 4/12,"26129 MADRAS CT, PUNTA GORDA",26.988160959194335,-82.0212708
27,98030079,Building/Trade Permits/Residential/Roofing,RE-ROOF FLAT ROOF,"1226 SETLIFF CT NW, PORT CHARLOTTE",27.005468269898593,-82.13826754
27,98030138,Building/Trade Permits/Residential/Roofing,REROOF TAR & GRAVEL WITH URETHANE SYS,"3069 EASY ST, PORT CHARLOTTE 33952",26.986163981635098,-82.09435268
27,98030081,Building/Trade Permits/Residential/Roofing,INSTALL TIMERLINE SHINGLES  4/12,"2324 HAYWORTH RD, PORT CHARLOTTE",26.995664469115596,-82.08072656
27,98030134,Building/Trade Permits/Residential/Roofing,SHINGLE RE-DRIVE  SLOPE 4/12,"20200 TAPPENZEE DR, PORT CHARLOTTE 33952",27.01482974583976,-82.12069704
27,98030136,Building/Trade Permits/Residential/Roofing,NEW SHINGLE ROOF  SLOPE 4/12,"1269 DORCHESTER ST, PORT CHARLOTTE 33952",27.00992012169626,-82.10825341
27,98030137,Building/Trade Permits/Residential/Roofing,SHINGLE RE-DRIVE  SLOPE 4/12,"23242 MCCANDLESS AVE, PORT CHARLOTTE 33980",26.99456028,-82.06665045
27,98030082,Building/Trade Permits/Residential/Roofing,COMPLETE NEW RE-ROOF SHIONGLE,"312 CORRIENTES CIR, PORT CHARLOTTE",27.023595944555858,-82.02129369
27,98030131,Building/Trade Permits/Residential/Roofing,SHINGLE ROOF NEW 4/12 SLOPE,"27502 TIERRA DEL FUEGO CIR, PUNTA GORDA FL 33983",27.028112470562565,-82.00471501
27,98030032,Building/Trade Permits/Residential/Roofing,RE0ROOF SHINGLE 4/12 SLOPE,"1073 WATERSIDE ST, PORT CHARLOTTE 33952",27.015560069560333,-82.09558111
27,98030023,Building/Trade Permits/Residential/Roofing,COMPLETE RE-ROOF SHINGLE  3/12,"3393 SUNRISE TR, PORT CHARLOTTE",26.978513721582782,-82.10434717
27,98030033,Building/Accessories/Residential/Lanai,ALUMINUM ROOF OVER MOBILE ONLY,"15550 BURNTSTORE RD, PUNTA GORDA",26.800111665551228,-82.03461822
27,98030006,Building/Construction/Residential/Miscellaneous,REROOF SHINGLE,"22215 BREEZESWEPT, PORT CHARLOTTE",27.002525388396556,-82.08390048
27,98030035,Building/Trade Permits/Residential/Roofing,TEAR OFF & RE-SHINGLE  4/12,"737 EDGEMERE ST, PORT CHARLOTTE",26.989376065509497,-82.12936402
27,98030007,Building/Construction/Residential/Miscellaneous,REROOF SHINGLE & MODIFIED 4/12 SLOPE,"401 SKYLARK LN, PORT CHARLOTTE FL 33952",26.982519179417167,-82.1122894
27,98030024,Building/Trade Permits/Residential/Roofing,RE-ROOF  TILE TO SHINGLE,"3292 ELCKAM BLVD, PORT CHARLOTTE",26.98095525701157,-82.10569004
27,98030036,Building/Trade Permits/Residential/Roofing,TEAR OFF SHINGLE RESHINGLE,"26300 RAMPART BLVD, PUNTA GORDA 33983",27.00275371841855,-82.0152899
27,98030053,Building/Accessories/Residential/Lanai,INSTALL ALUMINUM ROOF OVER COACH & PORCH,"10100 BURNTSTORE RD #68, PUNTA GORDA 33950",26.887263245330292,-82.0230621
27,98030009,Building/Construction/Residential/Miscellaneous,REROOF MODIFIED,"21148 MCGUIRE, PORT CHARLOTTE",26.994665082398893,-82.10215764
27,98030048,Building/Trade Permits/Residential/Roofing,REROOF MODIFIED BITUMEN,"21124 MCGUIRE AVE, PORT CHARLOTTE 33952",26.99473966330493,-82.1027756
27,98030034,Building/Accessories/Residential/Lanai,ALUMINUM ROOF OVER MOBILE ONLY,"1000 KINGS HWY, PORT CHARLOTTE 33980",27.012224296403744,-82.05295935
27,98030072,Building/Trade Permits/Residential/Roofing,RE-ROOF FLAT ROOF,"4209 YUCATAN CIR, PORT CHARLOTTE 33952",26.97123342990124,-82.1367492
27,98030039,Building/Trade Permits/Residential/Roofing,TEAR OFF SHINGLES RESHINGLES,"26310 RAMPART BLVD, PUNTA GORDA",27.002895119321405,-82.01500413
27,98030020,Building/Construction/Residential/Addition,SHED/CONCRETE/DRIVEWAY/PANROOF,"10101 BURNT STORE RD#88(AVE D), PUNTA GORDA",26.885207729679426,-82.02358348
27,98030013,Building/Trade Permits/Residential/Roofing,REROOF SHINGLE 3/12 SLOPE,"18134 GARVIN AVE, PORT CHARLOTTE",27.00271422378789,-82.15182489
27,98030056,Building/Trade Permits/Residential/Roofing,REROOF LANIA MODIFIED,"488 TARPON BLVD WEST, PORT CHARLOTTE",26.983976455841887,-82.11620327
27,98030012,Building/Trade Permits/Residential/Roofing,NEW ROOF SHINGLES,"6382 CUTLER TERRACE, PORT CHARLOTTE",26.935121585566886,-82.22269435
27,98030055,Building/Accessories/Residential/Lanai,BUILT UP ROOF OVER MOBILE HOME ONLY,"6767 SAN CASA DR, ENGLEWOOD 34224",26.923697328378378,-82.31568031
27,98030073,Building/Trade Permits/Residential/Roofing,RE-COVER SHINGLE ROOF,"2100 KINGS HWY(1022 YORK), PORT CHARLOTTE 33952",26.999233302768417,-82.05657329
27,98030038,Building/Trade Permits/Residential/Roofing,TEAR OFF SHINGLES RESHINGLE,"26290 RAMPART BLVD, PUNTA GORDA",27.00291034,-82.01559064
27,98030008,Building/Construction/Residential/Miscellaneous,REROOF SHINGLE 4/12 SLOPE,"1074 FLETCHER ST, PORT CHARLOTTE",27.015562081583347,-82.09593963
27,98030031,Building/Trade Permits/Residential/Roofing,RE-SHINGLE ROOF,"2442 COLOGNE LANE, PUNTA GORDA",26.990140869657633,-82.01233673
26,1999091500,Building/Trade Permits/Residential/Roofing,REPAIR TILE ROOF-VALLEY,"19245 PINE BLUFF CT, PORT CHARLOTTE",26.953462482669224,-82.13224025
26,1999091528,Building/Trade Permits/Residential/Roofing,TEAR OFF & RE-ROOF SHINGLES  4/12   ORIG PERMIT 9-30-99,"22582 GREER AVE, PORT CHARLOTTE",27.00459100220248,-82.07238003
26,1999091481,Building/Accessories/Residential/Lanai,ROOF OVER AND 13 REPLACEMENT WINDOWS,"15539 MAYNARD AVE, PORT CHARLOTTE",27.01653470736467,-82.18874363
26,1999091498,Building/Trade Permits/Residential/Roofing,SHINGLE REPAIR,"308 TIMBRUCE LN, PORT CHARLOTTE",26.97900206614735,-82.10531612
26,1999091537,Building/Trade Permits/Residential/Roofing,RE-ROOF SHINGLES  6/12,"2727 N BEACH RD, ENGLEWOOD",26.93362257196969,-82.36471708
26,1999091536,Building/Trade Permits/Residential/Roofing,RE-ROOF SHINGLES  6/12,"2729 N BEACH RD, ENGLEWOOD",26.93360999421458,-82.36507893
26,1999091541,Building/Accessories/Residential/Lanai,CONSTRUCTION BOAT HOUSE ROOF,"24353 HENRY MORGAN BLVD, PUNTA GORDA",26.801223714419518,-82.04337308
26,1999091407,Building/Trade Permits/Residential/Roofing,SHINGLE RE-ROOF SLOPE 4-12,"313 ATWATER ST, PORT CHARLOTTE",27.023387975449353,-82.11344911
26,1999091430,Building/Trade Permits/Residential/Roofing,REROOF SLOPE 5:12,"3045 N BEACH RD, ENGLEWOOD",26.93882939477984,-82.36796575
26,1999091433,Building/Trade Permits/Residential/Roofing,REROOF SLOPE 4:12,"1210 MARYKNOLL RD, ENGLEWOOD",26.941808532498605,-82.34397709
26,1999091413,Building/Accessories/Residential/Cage,INSTALL SCREENED PATIO ENCLOSURE W/ ALUM ROOF ON EXISTING DECK,"20287 BANNER AVE, PORT CHARLOTTE",26.999738734469034,-82.11405179
26,1999091403,Building/Trade Permits/Residential/Roofing,REPAIR RIGHT SIDE VALLEY TILLE/FELT ROOF SLOPE 4-12,"2531 ABSCOTT ST, PORT CHARLOTTE",26.990736088255364,-82.07435607
26,1999091460,Building/Accessories/Residential/Lanai,"INSTALL SCREEN WALLS, COMP ROOF, & SLAB W/ FOOTERS TO CODE         INCLUDES ROW","2060 S PINE ST, ENGLEWOOD",26.928234064572063,-82.33712774
26,1999091431,Building/Trade Permits/Residential/Roofing,REPAIR ROOF/ REPALCE 40' RIDGE VENT,"6134 BENNINGTON ST, ENGLEWOOD",26.941663657768657,-82.27860256
26,1999091397,Building/Trade Permits/Residential/Roofing,"REMOVE TAR & GRAVEL, REPLACE WITH SHINGLES  2.5/12","1916 PENNSYLVANIA AVE, ENGLEWOOD",26.913824152438874,-82.33229071
26,1999091404,Building/Trade Permits/Residential/Roofing,"TILE REPAIR, LESS THAN ONE SQUARE SLOPE 3:12","148 ANNAPOLIS LN, ROTONDA WEST",26.88975910145899,-82.278595
26,1999091402,Building/Trade Permits/Residential/Roofing,RE-ROOF SHINGLE SLOPE 4-12,"723 PHYLLIS ST, PORT CHARLOTTE",26.99077985773917,-82.132965
26,1999091439,Building/Trade Permits/Residential/Roofing,SINGLE PLY ROOF OVER,"5601 DUNCAN RD, PUNTA GORDA 33982",26.94658833704319,-82.00447989
26,1999091434,Building/Trade Permits/Residential/Roofing,REROOF SLOPE 4:12,"2451 ELEVENTH ST, ENGLEWOOD FL 34224",26.921268494904787,-82.32674413
26,1999091461,Building/Trade Permits/Residential/Roofing,ONE PLY RUBBER-LANAI ROOF,"2103 HARIET ST, PORT CHARLOTTE",27.00010871002141,-82.08955382
26,1999091400,Building/Trade Permits/Residential/Roofing,RE-ROOF SHINGLE SLOPE4-12,"1341 ALLISON ST, PORT CHARLOTTE",27.008007041455777,-82.11599731
26,1999091466,Building/Accessories/Residential/Lanai,INSTALL OF 9X20 SCREEN ENCLOSURE W/ STRUC PAN ROOF,"1199 LIVE OAK CIR, PORT CHARLOTTE 33948",27.013683378836195,-82.12942506
26,1999091465,Building/Accessories/Residential/Lanai,INSTALL 8X15 SCREEN ENCLOSURE W/ PAN ROOF  NO ROW REQUIRED,"1235 GREEN OAK TRL, PORT CHARLOTTE 33948",27.01343153751878,-82.12722786
26,1999091441,Building/Trade Permits/Residential/Roofing,SINGLE PLY ROOF OVER,"5601 DUNCAN RD, PUNTA GORDA 33982",26.94658833704319,-82.00447989
26,1999091455,Building/Trade Permits/Residential/Roofing,REPAIR FLAT ROOF,"22393 LEWISTON AVE, PORT CHARLOTTE",26.98497774552696,-82.07863623
26,1999091442,Building/Accessories/Residential/Carport,"3"" COMPOSITE ROOF & SUPPORT WALL ON EXISTING CONCRETE","1275 JEFFERSON DR, ENGLEWOOD",26.93732465385464,-82.32131956
26,1999091426,Building/Trade Permits/Residential/Roofing,REROOF SLOPE 5:12,"1531 PLACIDA RD, ENGLEWOOD",26.93516073266819,-82.33570505
26,1999091429,Building/Trade Permits/Residential/Roofing,REROOF SLOPE 4:12,"7450 SNOW DR, ENGLEWOOD",26.918811840850047,-82.28663635
26,1999091388,Building/Construction/Residential/Miscellaneous,REPAIR WOOD FRAME ON CHIMNEY DAMAGED BY WATER LEAK AT ROOF LINE,"263 GEORGE RD, PORT CHARLOTTE",26.956941530126286,-82.09134675
26,1999091405,Building/Trade Permits/Residential/Roofing,TILE REPAIR LESS THAN ONE SQUARE SLOPE 4:12,"4557 COLLEEN ST, PORT CHARLOTTE",26.964389760594372,-82.11113732
26,1999091437,Building/Trade Permits/Residential/Roofing,SINGLE PLY ROOF OVER,"29200 JONES LOOP RD, PUNTA GORDA",26.877499466515914,-81.99328296
26,1999091398,Building/Trade Permits/Residential/Roofing,RE-ROOF   FLAT  ROOF,"645 GAINES ST, PORT CHARLOTTE 33952",26.989006068756936,-82.11499018
26,1999091376,Building/Accessories/Residential/Shed,ASSEMBLE METAL SHED W/ FOUNDATION KIT 10X14,"1141 DAVENPORT DR, PORT CHARLOTTE",27.01552196693285,-82.24296568
26,1999091366,Building/Trade Permits/Residential/Roofing,COMPLETE REROOF SHINGLE & MODIFIED SLOPE 4:12,"20254 BLAINE AVE, PORT CHARLOTTE",27.001024272310055,-82.11512757
26,1999091379,Building/Trade Permits/Residential/Roofing,SHINGLR RE-ROOF,"3684 STOCKTON RD, PORT CHARLOTTE",26.972946104177506,-82.21251671
26,1999091353,Building/Trade Permits/Residential/Roofing,SHINGLE OVER SHINGLE  5/12     ORIG PERMIT 9-28-99,"14 BUNKER CT, ROTONDA WEST",26.895265533499966,-82.29391474
26,1999091350,Building/Trade Permits/Residential/Roofing,NEW FLAT ROOF,"18193 WOLBRETTE CIR, PORT CHARLOTTE",26.96240427984384,-82.15312962
26,1999091234,Building/Accessories/Residential/Lanai,"INSTALL PATIO, ALUM PAN ROOF   XREF:ROW & SLAB 99080608","22299 BREEZESWEPT AVE, PORT CHARLOTTE",27.002546359865647,-82.08131415
26,1999091253,Building/Trade Permits/Residential/Roofing,LANAI  ROOF-ONE PLY RUBBER,"1435 HAYWORTH RD, PORT CHARLOTTE",27.005706870560605,-82.08344265
26,1999091247,Building/Trade Permits/Residential/Roofing,FLAT RE-ROOF ONLY-ONE PLY,"2392 STAVER ST, PORT CHARLOTTE",26.99196633023353,-82.06411743
26,1999091290,Building/Trade Permits/Residential/Roofing,REPLACE APP. 6SQ SHINGLES ON ROOF,"5421 KEMPSON LN, PORT CHARLOTTE",26.951566664399945,-82.23657219
26,1999091239,Building/Trade Permits/Residential/Roofing,TEAR OFF TILE & PUT BACK SHINGLE   SLOPE:3/12,"156 CROOP LN, PORT CHARLOTTE",26.962789545869583,-82.09680171
26,1999091246,Building/Trade Permits/Residential/Roofing,SHINGLE RE-ROOF,"4150 PELICAN POINTE DR, PUNTA GORDA",26.900621470107872,-82.05036166
26,1999091295,Building/Trade Permits/Residential/Roofing,SHINGLE OVER SHINGLE,"1186 RIZZO ST, PORT CHARLOTTE",27.01242450161252,-82.07468413
26,1999091298,Building/Accessories/Residential/Lanai,INSTALL ALUM PAN ROOF OVER EXIST CONCRETE PAD,"8501 PLACIDA RD, ENGLEWOOD",26.85980427208188,-82.29861063
26,1999091203,Building/Trade Permits/Residential/Roofing,LOT 35 RE-ROOF SLOPE 3:12     ORIG PERMIT 4-4-00,"15550 BURNT STORE RD, PUNTA GORDA",26.800111665551228,-82.03461822
26,1999091212,Building/Trade Permits/Residential/Roofing,COMPLETE RE-ROOF 3/12 SHINGLES,"11671 CLAREMONT DR, ENGLEWOOD",26.941747630484958,-82.26246635
26,1999091167,Building/Trade Permits/Residential/Roofing,SHINGLE RE-ROOF BACK HIP @POOL SOLAR,"321 AURORA ST, PORT CHARLOTTE",26.979766953652785,-82.13274382
26,1999091148,Building/Accessories/Residential/Lanai,"SLAB & FOOTER, SCREEN ROOM & PAN ROOF    ORIG PERMIT 10-25-99","22094 SHERRY AVE, PORT CHARLOTTE",27.022750987752353,-82.08753969
26,1999091168,Building/Trade Permits/Residential/Roofing,REPAIR-SHINGLE,"29200 CYBELE ST, PUNTA GORDA",27.018032149255472,-81.96884155
26,1999091208,Building/Trade Permits/Residential/Roofing,"TEAR OFF OLD ROOF, INSTALL SHINGLES","1225 MCCALL RD, ENGLEWOOD",26.940584170812105,-82.34880067
26,1999091191,Building/Trade Permits/Residential/Roofing,RE-ROOF LOW SLOPE ROOF W/ MODIFIED   ORIG PERMIT DADTE 9/24/99,"2280 GIFFORD ST, PORT CHARLOTTE",26.99478914712994,-82.10143281
26,1999091196,Building/Accessories/Residential/Shed,10 X 10 ALUM SHED UNDER ROOF,"3737 EL JOBEAN RD, PORT CHARLOTTE",26.97707077018931,-82.21147089
26,1999091165,Building/Trade Permits/Residential/Roofing,TEAR OFF & RESHINGLE   SLOPE:4/12,"3082 DAFFODIL TER, Port Charlotte FL 33983",26.985851174590213,-81.99886316
26,1999091171,Building/Trade Permits/Residential/Roofing,REROOF SHINGLE-MODIFIED,"3194 DAYTONA DR, PORT CHARLOTTE",26.983303158454486,-81.99977868
26,1999091166,Building/Trade Permits/Residential/Roofing,RE-ROOF MODIFIED-FLAT,"21448 ELDRED AVE, PORT CHARLOTTE",27.00781046578089,-82.09319307
26,1999091061,Building/Accessories/Residential/Lanai,SELF SUPPORTING SCREEN ROOM W/VINYL WINDOWS UNDER EXISTING ROOF  INCLUDES ROW,"8320 RIVERSIDE DR, PUNTA GORDA 33982",26.973979011178223,-81.96263477
26,1999091089,Building/Trade Permits/Residential/Roofing,COMPLETE RE-ROOF MODIFIED 2/12,"200 WATERWAY CIR, PORT CHARLOTTE",26.974889851463015,-82.093666
26,1999091076,Building/Trade Permits/Residential/Roofing,SKYLIGHT REPAIR-SHINGLE,"29200 JONES LOOP RD, PUNTA GORDA",26.877499466515914,-81.99328296
26,1999091011,Building/Trade Permits/Residential/Roofing,SHINGLE RE-ROOF FOR TENNIS PRO SHOP   SLOPE:5/12,"5000 GASPARILLA RD, BOCA GRANDE",,
26,1999091013,Building/Trade Permits/Residential/Roofing,RE ROOF SHINGLE SLOPE 4:12,"1517 BLUE LAKE CIR, PORT CHARLOTTE",27.010808955641185,-82.03350069
26,1999090970,Building/Accessories/Commercial/Sign,2ND A NON-ILLUM SF 65 SQ  SUNNILAND ROOFING,"19910 VETERANS BLVD, PORT CHARLOTTE 33954",27.02111042112796,-82.12450408
26,1999090987,Building/Accessories/Residential/Lanai,INSTALL SCREEN ROOM W/ ALUM ROOF OVER EXISTING SLAB,"23102 LINDALE AVE, PORT CHARLOTTE",27.026001107781703,-82.07081608
26,1999090985,Building/Construction/Residential/Miscellaneous,"SCREEN ROOM, PAN ROOF [CONC EXIST 97120920]","20014 ISOBAR AVE, PORT CHARLOTTE",27.019521657878126,-82.12354278
26,1999091012,Building/Trade Permits/Residential/Roofing,RE-ROOF SHINGLE & FLAT ROOF SLOPE 4:12,"3473 DE SOTO DR, PUNTA GORDA FL 33983",26.975298894665478,-82.00970462
26,1999090974,Building/Trade Permits/Residential/Roofing,SHINGLE REPAIR  (LESS THAN 1 SQ)      OVER KITCHEN AREA CONNECTED TO MAIN OFFICE BLDG,"2100 KINGS HWY, PORT CHARLOTTE",26.999233302768417,-82.05657329
26,1999091005,Building/Trade Permits/Residential/Roofing,SHINGLE RE-ROOF   SLOPE:4/12,"2268 COLLINGSWOOD BLVD, PORT CHARLOTTE",26.996095707298974,-82.15570837
26,1999091004,Building/Trade Permits/Residential/Roofing,SHINGLE RE-ROOF   SLOPE:4/12,"21286 COACHMAN AVE, PORT CHARLOTTE",27.00617603171164,-82.09813694
26,1999090879,Building/Trade Permits/Residential/Roofing,RE-ROOF SHINGLE SLOPE 4-12,"22444 DELHI AVE, PORT CHARLOTTE",27.01523596418939,-82.07674406
26,1999090924,Building/Trade Permits/Residential/Roofing,TEAR OFF BUILT UP INSTALL M/B ON FLAT ROOF,"2637 LEAR RD, ENGLEWOOD",26.930271172399287,-82.31470492
26,1999090911,Building/Trade Permits/Residential/Roofing,"TEAR OFF SHINGLE ROOF ON 1 END OF HOUSE, INSTALL NEW SHINGLES  SLOPE:3/12","2193 BEACON DR, PORT CHARLOTTE",26.997476696307007,-82.07172388
26,1999090929,Building/Trade Permits/Residential/Roofing,NEW FLAT ROOF,"4181 CONWAY BLVD, PORT CHARLOTTE",26.96704480424206,-82.09175875
26,1999090882,Building/Trade Permits/Residential/Roofing,RE-ROOF SHINGLE  SLOPE 4-12,"861 SILVER SPRINGS TER, PORT CHARLOTTE",26.993858373209097,-82.12561035
26,1999090919,Building/Construction/Commercial/DCA Office,RELOCATE EXIST METAL BLDG FROM ST JOSEPHS HOSPITAL TO OWNER,"21505 AUGUSTA AVE, PORT CHARLOTTE",26.989574778229468,-82.09351241
26,1999090881,Building/Trade Permits/Residential/Electrical,REWIRING ROOF TOP A/C,"4265 TAMIAMI TER, PORT CHARLOTTE",26.966631270997116,-82.08007602
26,1999090876,Building/Trade Permits/Residential/Roofing,RE-ROOF FLAT ROOF SLOPE 1-12,"23092 UTICA AVE, PORT CHARLOTTE",26.97879602911315,-82.07134246
26,1999090874,Building/Trade Permits/Residential/Roofing,RE-ROOF FLAT ROOF SHINGLE  SLOPE 1-12,"4630 FALLON CIR, PORT CHARLOTTE",26.960979360810505,-82.13667292
26,1999090759,Building/Accessories/Residential/Cage,INSTALL A SCREENED POOL ENCLOSURED. PLAN ALTERATION: P/C-ROOF BEAM & COLUMN SIZE,"2394 SANTEE ST, PORT CHARLOTTE",26.992612774040186,-82.14885715
26,1999090851,Building/Construction/Residential/Addition,PATIO ROOF & UTILITY ROOM,"140 LELAND ST, PORT CHARLOTTE",26.965198531677586,-82.09883118
26,1999090773,Building/Accessories/Residential/Lanai,ROOF OVER-NEW TRUSSES OVER OLD. PLAN ALTERATION: P/C INSPECTORS AS BUILTS,"1085 SHORE VIEW DR, ENGLEWOOD FL 34223",26.91310874426482,-82.35382087
26,1999090808,Building/Trade Permits/Residential/Roofing,SHINGLE ROOF FOR ADDITIONS TO MH     XREF:99051174,"27110 JONES LOOP RD, PUNTA GORDA 33982",26.896110867282697,-81.98914997
26,1999090628,Building/Trade Permits/Residential/Roofing,COMPLETE SHINGLE RE-ROOF ONLY    SLOPE:4/12,"20247 KINDERKEMAC AVE, PORT CHARLOTTE",27.00624854416982,-82.11557766
26,1999090663,Building/Trade Permits/Residential/Roofing,SHINGLE REPAIR  (LESS THAN 1 SQ),"1512 RIO DE JANEIRO AVE, PORT CHARLOTTE",27.003489027704862,-82.01698701
26,1999090722,Building/Trade Permits/Residential/Roofing,RE-ROOF SHINGLE,"25100 SANDHILL BLVD, PORT CHARLOTTE",27.017560740851035,-82.03705864
26,1999090646,Building/Trade Permits/Residential/Roofing,RE-ROOF W METAL & FLAT W RUBBER    ORIG 9-16-99  RENEW 4-17-01,"6057 GEWANT BLVD, PUNTA GORDA",26.944913959636978,-81.96619419
26,1999090623,Building/Trade Permits/Residential/Roofing,SHINGLE RE-ROOF SLOPE:4/12,"24501 NOVA LN, PORT CHARLOTTE",26.989034628804454,-82.04189306
26,1999090665,Building/Trade Permits/Residential/Roofing,SHINGLE RE-ROOF SHUFFLEBOARD COURTS  SLOPE;3/12,"2100 KINGS HWY, PORT CHARLOTTE",26.999233302768417,-82.05657329
26,1999090664,Building/Trade Permits/Residential/Roofing,SHINGLE RE-ROOF SLOPE:4/12,"3394 IDLEWILD ST, PORT CHARLOTTE",26.97952854601502,-82.07346346
26,1999090656,Building/Construction/Residential/Miscellaneous,REMOVE EXIST SCREEN CAGE TOP REPL W PAN ROOF ETC. PLAN ALTERATION: P/C ADD DETAIL SHEET TO PLANS,"2145 MAZATLAN RD, Port Charlotte FL 33983",26.99964128966372,-82.02214058
26,1999090647,Building/Trade Permits/Residential/Roofing,RE-ROOF FLAT W RUBBER,"VARIOUS LOCATIONS, CHARLOTTE COUNTY",,
26,1999090725,Building/Trade Permits/Residential/Roofing,REPLACE LOWER FLAT ROOF,"4435 TAMIAMI TER, PORT CHARLOTTE",26.96457488889376,-82.0750962
26,1999090679,Building/Trade Permits/Residential/Roofing,RE-ROOF W/ URETHANE,"21545 AUGUSTA AVE, PORT CHARLOTTE",26.989873774939152,-82.0904389
26,1999090723,Building/Trade Permits/Residential/Roofing,RE-ROOF SHINGLE,"26044 SALONIKA LN, PORT CHARLOTTE",27.01017188278575,-82.02336882
26,1999090661,Building/Trade Permits/Residential/Roofing,RE-ROOF SHINGLE  4.5/12,"17155 HORIZON LN, PORT CHARLOTTE",26.96713456,-82.16795345
26,1999090644,Building/Accessories/Residential/Lanai,ROOF OVER,"2333 ACHILLES ST, PORT CHARLOTTE",26.99366571789458,-82.06994636
26,1999090682,Building/Accessories/Residential/Lanai,"SLAB, COMP ROOF, SCREEN RM","245 WAYNE RD, PLACIDA",26.91357041010803,-82.29055794
26,1999090626,Building/Trade Permits/Residential/Roofing,SHINGLE RE-ROOF W/ MODIFIED FLAT   SLOPE:4/12,"30415 HOLLY RD, PUNTA GORDA",26.99131211161473,-81.94628904
26,1999090660,Building/Trade Permits/Residential/Roofing,REPAIR TILE ROOF (LESS THAN 1 SQ),"3307 PINE TREE ST, PORT CHARLOTTE",26.979726660213707,-82.11189264
26,1999090667,Building/Trade Permits/Residential/Roofing,MODIFIED RE-ROOF,"23041 HARBORVIEW RD, PORT CHARLOTTE",26.964286819381467,-82.07205208
26,1999090694,Building/Accessories/Residential/Lanai,INSTALL SCREEN WALL-SCREENING ALUM PAN ROOF & GUTTERS,"2710 N BEACH RD, ENGLEWOOD",26.933368600665137,-82.36572264
26,1999090469,Building/Trade Permits/Residential/Roofing,SHINGLE RE-ROOF  SLOPE:4/12,"2654 TITANIA RD, ENGLEWOOD",26.92824366291117,-82.31565854
26,1999090502,Building/Trade Permits/Residential/Roofing,RE-ROOF SHINGLE SLOPE 4-12,"18534 BRIGGS CIR, PORT CHARLOTTE",26.96174621434874,-82.14184577
26,1999090471,Building/Trade Permits/Residential/Roofing,SHINGLE RE-ROOF   SLOPE:4/12,"10475 WILLMINGTON BLVD, ENGLEWOOD",26.942674623695396,-82.27379608
26,1999090527,Building/Trade Permits/Residential/Roofing,RE-ROOF SHINGLE 3/12    ORIG PERMIT 9-15-99,"280 DUXBURY AVE, PORT CHARLOTTE",26.970634331476987,-82.08794398
26,1999090591,Building/Accessories/Residential/Lanai,INSTALL LAYDOWN ROOF SYSTEM TO MH,"7384 VARLEY CIR, PORT CHARLOTTE",26.920972853292742,-82.22091668
26,1999090456,Building/Trade Permits/Residential/Mechanical,REPLACE EXISTING  COND UNIT ON ROOF,"2305 AARON ST, PORT CHARLOTTE",26.98988451273835,-82.10121928
26,1999090520,Building/Trade Permits/Residential/Roofing,URETHANE FOAM ROOF,"19285 ABHENRY CIR, PORT CHARLOTTE",26.97181140203016,-82.13256073
26,1999090567,Building/Trade Permits/Residential/Roofing,REROOF SHINGLE SLOPE 5:12,"17376 JULIANO DR, PORT CHARLOTTE",27.008798606071664,-82.1611481
26,1999090519,Building/Trade Permits/Residential/Roofing,RE-ROOF SHINGLE 4/12      ORIG PERMIT 9-15-99,"4477 BRINTNALL ST, PORT CHARLOTTE",26.96081363129557,-82.14801019
26,1999090501,Building/Trade Permits/Residential/Roofing,TEAR OFF TILE & RE-SHINGLE,"574 LOWELL AVE, PORT CHARLOTTE",26.97620588188929,-82.11842343
26,1999090525,Building/Trade Permits/Residential/Roofing,RE-ROOF SHINGLE 4/12    ORIG PERMIT 9-15-99,"15184 COMMUNITY AVE, PORT CHARLOTTE",27.020265471525715,-82.19967649
26,1999090514,Building/Trade Permits/Residential/Roofing,RE-ROOF SHIMGLE DOOR,"3420 SULSTONE DR, PORT CHARLOTTE",26.976648319306797,-82.00739291
26,1999090417,Building/Trade Permits/Residential/Roofing,SHINGLE REPAIR  4/12,"3636 IDLEWILD ST, PORT CHARLOTTE",26.972938461687335,-82.0735245
26,1999090410,Building/Trade Permits/Residential/Roofing,SHINGLE RE-ROOF,"25516 AREQUIPA DR, PORT CHARLOTTE",27.022449538401535,-82.02564246
26,1999090409,Building/Trade Permits/Residential/Roofing,REPAIR SHINGLE & ROTTEN WOOD,"3505 PORT CHARLOTTE BLVD, PORT CHARLOTTE",26.975843430884993,-82.10717017
26,99090372,Building/Trade Permits/Residential/Electrical,PROVE CIRCUITRY TO ROOF TOP AC UNITS,"3280 TAMIAMI TR, PORT CHARLOTTE",26.982761718556137,-82.09909323
26,99090336,Building/Accessories/Residential/Lanai,CONCRETE SLAB W/ FOOTER/SCREEN ENCLOSURE W/ PRE-FAB ROOF,"405 DUNN DRIVE, PORT CHARLOTTE",26.971296241512473,-82.09455875
26,99090279,Building/Construction/Commercial/Miscellaneous,REPLACE ROTTED WOOD & WATERPROOF SLIDING DOOR  ORIG ISSUE 9-14-99   RENEW 5-19-00,"6030 BOCA GRANDE CSWY, PLACIDA 33921",26.809480271722478,-82.275511
26,99090278,Building/Construction/Commercial/Miscellaneous,REPLACED ROTTED WOOD & WATERPROOF SLIDING DOOR  ORIG ISSUE DATE 9-14-99  RENEW DATE 5-19-00,"6030 BOCA GRANDE CSWY, PLACIDA 33921",26.809480271722478,-82.275511
26,99090269,Building/Trade Permits/Residential/Roofing,SHINGLE RE-ROOF  SLOPE:3.5/12,"1130 LUDLOW AVE, PORT CHARLOTTE",27.015893994219354,-82.2539901
26,99090273,Building/Trade Permits/Residential/Roofing,SHINGLE RE-ROOF  SLOPE:3/12,"21591 EDGEWATER DR, PORT CHARLOTTE",26.964080682497606,-82.09187313
26,99090285,Building/Construction/Commercial/Miscellaneous,REPLACE ROTTED WOOD & WATERPROOF SLIDING DOOR  ORG ISSUE 9-14-99  RENEW 5-19-00,"6030 BOCA GRANDE CSWY, B, Boca Grande FL 33921",26.809480271722478,-82.275511
26,99090281,Building/Construction/Commercial/Miscellaneous,REPLACE ROTTED WOOD & WATERPROOF SLIDING DOOR  ORG ISSUE 9-14-99   RENEW 5-19-00,"6030 BOCA GRANDE CSWY, PLACIDA 33921",26.809480271722478,-82.275511
26,99090283,Building/Construction/Commercial/Miscellaneous,REPLACE ROTTED WOOD & WATERPROOF SLIDING DOOR   ORIG DATE 9-14-99   RENEW 5-19-00,"6030 BOCA GRANDE CSWY, PLACIDA 33921",26.809480271722478,-82.275511
26,99090268,Building/Trade Permits/Residential/Roofing,TILE REPAIR,"141 CREEK DR, PORT CHARLOTTE",26.9594804,-82.10182955
26,99090286,Building/Construction/Commercial/Miscellaneous,REPLACE ROTTED WOOD & WATERPROOF SLIDING DOOR   ORG ISSUE DATE 9-14-99  RENEW 5-19-00,"6030 BOCA GRANDE CSWY, PLACIDA 33921",26.809480271722478,-82.275511
26,99090204,Building/Trade Permits/Residential/Roofing,ONE-PLY REROOF 1 1/4:12 SLOPE,"22223 AUGUSTA AVE, PORT CHARLOTTE",26.99379357885318,-82.0860748
26,99090253,Building/Trade Permits/Residential/Roofing,SHINGLE OVER SHINGLE  5/12,"108 GRAHAM ST SW, PORT CHARLOTTE",26.963001310732583,-82.10514825
26,99090262,Building/Trade Permits/Residential/Roofing,SHINGLE RE-ROOF  SLOPE:4/12,"1336 NEAPOLITAN, PORT CHARLOTTE",27.009202894039117,-82.02431487
26,99090232,Building/Trade Permits/Residential/Roofing,SHINGLE RE-ROOF SLOPE:5/12,"3624 ISLAND VIEW DR, PUNTA GORDA",26.95022659931105,-82.01088154
26,99090224,Building/Accessories/Residential/Lanai,ADD SCREEN ROOMS 1/2 SOLID & 1/2 SCREEN ROOF-INCLUDES ROW,"28 BUNKER TER, ROTONDA WEST",26.896802924746716,-82.28415682
26,99090209,Building/Trade Permits/Residential/Roofing,SHINGLE RE-ROOF,"376 KENSINGTON AVE, PORT CHARLOTTE",27.02205458219401,-82.10186008
26,99090252,Building/Trade Permits/Residential/Roofing,RE-ROOF SHINGLE 4/12,"18738 AYRSHIRE CIR, PORT CHARLOTTE",26.953599883622072,-82.14036561
26,99090263,Building/Trade Permits/Residential/Roofing,SHINGLE RE-ROOF  SLOPE:4/12,"1225 GULF BLVD, ENGLEWOOD",26.91525281467835,-82.35429383
26,99090201,Building/Trade Permits/Residential/Roofing,RE-ROOF SHINGLE  3/12,"4343 S ACCESS RD, ENGLEWOOD",26.932127768206342,-82.26476824
26,99090261,Building/Trade Permits/Residential/Roofing,RE-ROOF FLAT ROOF,"4535 MEAGER CIR, PORT CHARLOTTE",26.965400609415955,-82.13826751
26,99090259,Building/Trade Permits/Residential/Roofing,RE-ROOF FLAT ROOF,"750 SPRINGLAKE BLVD, PORT CHARLOTTE",26.99096679081598,-82.11882014
26,99090135,Building/Trade Permits/Residential/Roofing,RE-ROOF--SLOPE 3:12,"717 CRESTVIEW CIR, PORT CHARLOTTE FL 33948",26.99807177982619,-82.1234817
26,99090171,Building/Trade Permits/Residential/Roofing,REPLACE SHINGLE ROOF,"24517 TANGERINE AVE, PORT CHARLOTTE",26.996234748923307,-82.0418548
26,99090166,Building/Trade Permits/Residential/Roofing,REPAIR HIGH STAPLES RIGHT SIDE ROOF LESS THAN,"22490 GLEN AVE, PORT CHARLOTTE",26.97273249792802,-82.07472229
26,99090149,Building/Trade Permits/Residential/Roofing,RE-ROOF APPROX 43 SQ   5/12 FLAT,"23168 RUBY AVE, PORT CHARLOTTE 33952",27.011234380142884,-82.06890863
26,99090169,Building/Trade Permits/Residential/Roofing,RE-ROOF SHINGLE  4/12,"343 FLETCHER ST, PORT CHARLOTTE 33954",27.022930216974814,-82.09642034
26,99090183,Building/Trade Permits/Residential/Roofing,TEAR OFF RESHINGLE & TORCH RUBBER,"19163 AVIATION CT, PORT CHARLOTTE 33948",26.95345489,-82.13488763
26,99090151,Building/Trade Permits/Residential/Roofing,RE-ROOF APPROX 19 SQ  3/12 FLAT,"2555 BALTIC AVE, PORT CHARLOTTE 33952",26.98876769056531,-82.08529663
26,99090144,Building/Trade Permits/Residential/Roofing,MODIFIED RUBBER ROOF,"500 DARST AVE, PUNTA GORDA",26.951123091451173,-82.00898948
26,99090079,Building/Trade Permits/Residential/Roofing,REPAIR TILE VALLEY (ROOF),"4188 EASTLAKE COURT, PORT CHARLOTTE",26.968137660565542,-82.17158509
26,99090095,Building/Trade Permits/Residential/Roofing,REROOF MODIFIED FLAT DECK,"565 SKYLARK LN, PORT CHARLOTTE",26.98647123952108,-82.11228939
26,99090075,Building/Trade Permits/Residential/Roofing,REPAIR LEAKING ROOF NEW 25YR SHINGLE,"1313 YORKSHIRE ST, PORT CHARLOTTE 33952",27.008981784596745,-82.10372157
26,99090102,Building/Trade Permits/Residential/Roofing,URETHANE COATING & SHINGLE RE-ROOF MANSARD,"23085 CENTRAL, CHARLOTTE HARBOR",,
26,99090008,Building/Trade Permits/Residential/Roofing,SHINGLE RE-ROOF  SLOPE:4/12,"2522 NEWBURY ST, PORT CHARLOTTE",26.98821820764736,-82.07336427
26,99090009,Building/Trade Permits/Residential/Roofing,MODIFIED RE-ROOF,"22034 HERNANDO, PORT CHARLOTTE",26.99252131526387,-82.08962242
26,99090035,Building/Trade Permits/Residential/Roofing,REPLACE SHINGLE ROOF   ORIG 9-1-99  RENEW 4-30-01,"1713 WALDEN CT, ENGLEWOOD",26.93386278240838,-82.32807154
26,99090018,Building/Trade Permits/Residential/Roofing,MODIFIED RE-ROOF,"550 SHARON CIR, PORT CHARLOTTE",26.969121989225496,-82.08793635
26,99090029,Building/Accessories/Residential/Cage,INSTALL SCREEN POOL ENCLOSURE W PARTIAL ALUM ROOF,"284 ORLANDO BLVD, PORT CHARLOTTE",27.02429384690816,-82.07363129
26,99090007,Building/Trade Permits/Residential/Roofing,SHINGLE & FLAT RE-ROOF  SLOPE:4/12,"654 GAINES ST, PORT CHARLOTTE",26.98983758,-82.11529548
26,99090038,Building/Construction/Residential/Addition,"ENLARGING GARAGE, CLOSING LANAI, & ADD A PAN ROOF  INCLUDES ROW  ORIG DATE 10/19/99 3-28-01","15382 RED HEAD AVE, PORT CHARLOTTE 33981",26.88623807285575,-82.19548793
26,99090030,Building/Trade Permits/Residential/Roofing,SHINGLE RE-ROOF  SLOPE:2.5/12,"8195 DREW ST, ENGLEWOOD",26.89889337235273,-82.3150558
26,1999121272,Building/Trade Permits/Residential/Roofing,RESHINGLE ROOF,"384 MILFORD ST, PORT CHARLOTTE",27.022346628281166,-82.2030716
26,1999121287,Building/Trade Permits/Residential/Roofing,RE-SHINGLE 5/12,"1109 DORCHESTER ST, PORT CHARLOTTE",27.01473412607019,-82.10820764
26,1999121265,Building/Trade Permits/Residential/Roofing,REROOF- SHINGLE SLOPE 4/12,"18562 QUAINT AVE, PORT CHARLOTTE",26.97908386907493,-82.13884741
26,1999121204,Building/Accessories/Residential/Lanai,ALUM ROOF OVER,"413 SUMAC, MAPLE LEAF ESTATES",,
26,1999121209,Building/Trade Permits/Residential/Roofing,REPLACE SHINGLE ROOF,"23364 PATERA AVE, PORT CHARLOTTE",26.979133673755058,-82.06299591
26,1999121185,Building/Trade Permits/Residential/Roofing,REROOF SHINGLE  4/12,"3200 BROOKLYN AVE, PORT CHARLOTTE",26.98145098666698,-82.0781784
26,1999121208,Building/Accessories/Residential/Lanai,ALUM ROOF OVER MH,"2100 KINGS HWY, PORT CHARLOTTE",26.999233302768417,-82.05657329
26,1999121202,Building/Construction/Residential/Addition,ALUMINUM ROOF OVER & ALUM SHED,"299 MUSKOKA, MAPLE LEAF ESTATES",,
26,1999121206,Building/Accessories/Residential/Lanai,ALUMINUM ROOF OVER,"3701 BAYNARD DR, PUNTA GORDA",26.901269298587234,-82.04133966
26,1999121215,Building/Trade Permits/Residential/Roofing,TEAR OFF & RE SHINGLE,"381 ORANGE DR, PORT CHARLOTTE",26.98799319753929,-82.11260226
26,1999121207,Building/Accessories/Residential/Lanai,ALUM ROOF OVER MH,"1000 KINGS HWY, PORT CHARLOTTE",27.017786144343614,-82.04914863
26,1999121205,Building/Accessories/Residential/Lanai,ALUM ROOF OVER MH,"10100 BURNT STORE RD, PUNTA GORDA",26.884617743859664,-82.02171605
26,1999121174,Building/Trade Permits/Residential/Roofing,RE-ROOF SHINGLE  3/12,"1262 HINTON ST, PORT CHARLOTTE",27.010461682542193,-82.1089478
26,1999121212,Building/Trade Permits/Residential/Roofing,REPLACE FLAT ROOF ON LANAI,"4083 ROCK CREEK DR, PORT CHARLOTTE",26.971445193933416,-82.13505559
26,1999121211,Building/Trade Permits/Residential/Roofing,REPAIR TILE VALLEY,"4446 WYNKOOP CIR, PORT CHARLOTTE",26.962781924820494,-82.1366806
26,1999121147,Building/Trade Permits/Residential/Roofing,SHINGLE REROOF- MH - 3/12,"1475 FLAMINGO DR, ENGLEWOOD",26.935655016174007,-82.31599614
26,1999121141,Building/Trade Permits/Residential/Roofing,NEW ROOF,"23185 UTICA AVE, PORT CHARLOTTE",26.97836681042589,-82.06837469
26,1999121144,Building/Trade Permits/Residential/Roofing,TEAR OFF ROOF REPLACE WITH TORCH MODIFIED,"4054 GARDNER DR, PORT CHARLOTTE",26.97024530710259,-82.08483884
26,1999121163,Building/Accessories/Residential/Lanai,INSTALL COMPOSITE ROOF-REDO WALL ROW NOT INCLUDED,"125 ROSELLE CT, PORT CHARLOTTE",26.963213073220953,-82.0842437
26,1999121170,Building/Construction/Commercial/Remodel,INTERIOR REMODEL SPACE #499. PLAN ALTERATION: P/C - CHANGE FROM METAL DUCT T,"1441 TAMIAMI TER, PORT CHARLOTTE",27.00798828021376,-82.14831778
26,1999121108,Building/Trade Permits/Residential/Roofing,SHINGLE OVER SHINGLE,"15168 CHAMBERLAIN BLVD, PORT CHARLOTTE",27.018590881523032,-82.20013425
26,1999121120,Building/Trade Permits/Residential/Roofing,URETHANE & ELATOMERIC COATINGS TO EXIST TILES & FLAT DECK,"18590 BRIGGS CIR, PORT CHARLOTTE",26.960733413132072,-82.14069361
26,1999121055,Building/Accessories/Residential/Cage,SCREEN ROOM SCREEN ROOF,"1229 MADONA CT, PUNTA GORDA",27.01445198331243,-81.97080991
26,1999121064,Building/Trade Permits/Residential/Roofing,REROOF SHINGLE 4/12  3TAB,"20351 BANNER AVE, PORT CHARLOTTE",26.999688999047706,-82.11206055
26,1999121032,Building/Trade Permits/Residential/Roofing,REROOF SINGLE PLY MEMBRANE  ORIG 12-27-99   RENEW 4-17-2001,"1475 FLAMINGO DR, ENGLEWOOD",26.935655016174007,-82.31599614
26,1999121019,Building/Trade Permits/Residential/Roofing,SHINGLE OVER SHINGLE- FLAT - 1/12 &  4/12          ORIG:  12/27/1999     RENEW:  05/06/02,"22497 UTICA AVE, PORT CHARLOTTE",26.978502256730483,-82.0754319
26,1999121082,Building/Accessories/Residential/Lanai,"SLAB, PAN ROOF, SCREEN WALLS ROW REQUIRED","156 GUAVA ST, PORT CHARLOTTE",26.970052804283835,-82.04035211
26,1999121056,Building/Accessories/Residential/Carport,CONCRETE/ PAN ROOF/ DRIVEWAY,"10101 BURNT STORE RD, PUNTA GORDA 33955",26.88339344565352,-82.02358759
26,1999121023,Building/Trade Permits/Residential/Roofing,REROOF METAL  5V  3/12,"345 RIO VISTA AVE, PUNTA GORDA",27.025697674978133,-81.97046656
26,1999120984,Building/Trade Permits/Residential/Roofing,REROOF SHINGLE  4/12    ORIG:  12/27/1999        RENEW:  05/06/02,"18537 KULDIN AVE, PORT CHARLOTTE",26.976112369355963,-82.13954924
26,1999120972,Building/Trade Permits/Residential/Roofing,REROOF SHINGLE  4/12     ORIG: 12/27/1999    RENEW:  05/06/02,"1613 BIRCHCREST BLVD, PORT CHARLOTTE",27.00095573,-82.09084323
26,1999120973,Building/Trade Permits/Residential/Roofing,INSTALL NEW SHINGLES & ONE PLY,"545 DALTON BLVD, PORT CHARLOTTE",26.968986442168084,-82.09041591
26,1999120920,Building/Trade Permits/Residential/Roofing,REROOF  SHINGLE & E.P. FLAT SLOPE 3/12,"1191 MANOR RD, ENGLEWOOD 34223",26.941976757067557,-82.33026393
26,1999120960,Building/Trade Permits/Residential/Roofing,SHINGLE OVER SHINGLE,"27109 TIERRA DEL FUEGO CIR, PORT CHARLOTTE",27.029993142153476,-82.0050965
26,1999120933,Building/Trade Permits/Residential/Roofing,TEAR OFF SHINGLE ROOF & INSTALL NEW SHINGLE  4.5/12  ORIGINAL DATE 12/21/99,"28094 CHINQUAPIN DR, PUNTA GORDA",26.84384334665624,-81.98654171
26,1999120951,Building/Trade Permits/Residential/Roofing,RE-ROOF W/ SINGLE PLY,"2100 KINGS HWY, PORT CHARLOTTE",26.999233302768417,-82.05657329
26,1999120921,Building/Trade Permits/Residential/Roofing,RE-ROOF SHINGLES SLOPE 4/12,"1705 LORALIN DR, ENGLEWOOD",26.94087787395621,-82.33939355
26,1999120865,Building/Construction/Residential/Addition,GLASS ROOM ENLARGEMENT ON EXIST SLAB & PAN ROOF,"76 WINDMILL, PUNTA GORDA",26.898033237315904,-82.0466461
26,1999120882,Building/Trade Permits/Residential/Roofing,SHINGLE RE-ROOF   SLOPE:4/12,"1240 CORKTREE CIR, PORT CHARLOTTE",27.011473495583687,-82.12264175
26,1999120901,Building/Accessories/Residential/Lanai,ROOFOVER HOME & VINYL ROOMS,"1395 FLAMINGO DR, ENGLEWOOD",26.93829929536534,-82.31763463
26,1999120893,Building/Trade Permits/Residential/Roofing,REPLACE APPROX 5SQ FLAT ROOFING,"2411 MCCALL RD, ENGLEWOOD",26.9340582,-82.31956589
26,1999120803,Building/Trade Permits/Residential/Roofing,SHINGLE REROOF  4/12,"5185 NEVILLE TER, PORT CHARLOTTE",26.95474446,-82.21749884
26,1999120823,Building/Accessories/Residential/Lanai,INSTALL SCREEN ROOM & ROOF ON EXISTING CONCRETE,"3260 PINE TREE ST, PORT CHARLOTTE",26.98105239602212,-82.11139672
26,1999120846,Building/Trade Permits/Residential/Roofing,SHINGLE OVER,"512 DONORA ST, PORT CHARLOTTE",26.985557583665006,-82.13372798
26,1999120828,Building/Trade Permits/Residential/Roofing,REROOF SHINGLE SLOPE 4:12,"6313 DRUCKER CIR, PORT CHARLOTTE",26.938440361151798,-82.22909541
26,1999120824,Building/Trade Permits/Residential/Roofing,REPAIR ROOF OVER GARAGE 1/4,"11012 CORRIGAN AVE, ENGLEWOOD",26.921859610269376,-82.27182774
26,1999120822,Building/Accessories/Residential/Lanai,INSTALL 4X15 PAN ROOF W/ SCREEN ROOM IN FRONT   INCLUDES ROW,"1041 GUILD ST, PORT CHARLOTTE",27.016395632167537,-82.08979031
26,1999120804,Building/Trade Permits/Residential/Roofing,SHINGLE REROOF  4/12,"860 MENSH TER, PORT CHARLOTTE",26.99620430079738,-82.12764738
26,1999120827,Building/Trade Permits/Residential/Roofing,REROOF SHINGLE SLOPE 3:12           ORIGINAL PERMIT ISSUED 12-17-99,"6274 PARTRIDGE AVE, ENGLEWOOD",26.94059375345199,-82.30834965
26,1999120809,Building/Accessories/Residential/Boatlift,BOAT LIFT ONLY. PLAN ALTERATION: P/C BOAT LIFT ROOF,"1170 DELMAR ST, ENGLEWOOD",26.942594570006246,-82.32580562
26,1999120752,Building/Trade Permits/Residential/Roofing,REROOF - SHINGLE 3/12 FLAT,"1628 HAYWORTH RD, PORT CHARLOTTE",27.001886296226942,-82.07897183
26,1999120667,Building/Trade Permits/Residential/Roofing,REROOF SHINGLE   4/12     ORIG 12/15/1999          RENEW 05/06/02,"18542 ACKERMAN AVE, PORT CHARLOTTE",26.96589853752068,-82.13900751
26,1999120666,Building/Trade Permits/Residential/Roofing,REROOF SHINGLE  4/12      ORIG 12/15/99      RENEW 05-06-02,"142 COUSLEY DR, PORT CHARLOTTE",26.961326584987145,-82.0971832
26,1999120693,Building/Trade Permits/Residential/Roofing,REROOF SINGLE PLY MEMBRANE,"6092 SHEARWATER DR, ENGLEWOOD",26.94236172318534,-82.31036382
26,1999120718,Building/Trade Permits/Residential/Roofing,RE-ROOF W/ F.P. STEVENS EP MEMBRANE   ORIG PERMIT 12-15-99,"1288 KINGFISHER DR, ENGLEWOOD",26.94283677428068,-82.31992342
26,1999120613,Building/Accessories/Residential/Lanai,SCREEN ENCLOSURE ON SLAB OF HOUSE PAN ROOF,"5755 DAVID BLVD, PORT CHARLOTTE",26.955707668914414,-82.22767639
26,1999120588,Building/Trade Permits/Residential/Roofing,REMOVE & REPLACE ROOF W' SHINGLES  4/12,"2816 SHANNON DR, PUNTA GORDA",26.943993387477374,-82.01828211
26,1999120615,Building/Construction/Residential/Miscellaneous,ROOF OVER BOAT LIFT,"5755 DAVID BLVD, PORT CHARLOTTE",26.955707668914414,-82.22767639
26,1999120614,Building/Trade Permits/Residential/Roofing,REROOF  4/12 & FLAT  25YR SHINGLE ROBEROID,"13265 FOWLER AVE, PORT CHARLOTTE",26.93702304701844,-82.23117829
26,1999120608,Building/Trade Permits/Residential/Roofing,REROOF SHINGLE  4/12,"913 WEST TARPON BLVD, PORT CHARLOTTE",26.995300210630557,-82.10826869
26,1999120610,Building/Accessories/Residential/Lanai,SCREEN ENCLOSURE PAN ROOF,"4520 ALMAR DR, PUNTA GORDA",26.897459013062925,-82.05445105
26,1999120616,Building/Trade Permits/Residential/Roofing,REROOF 4/12 25 YR SHINGLE,"1836 EDISON DR, ENGLEWOOD",26.93160249582257,-82.32902521
26,1999120523,Building/Trade Permits/Residential/Roofing,TEAR OFF & RESHINGLE & TORCH RUBBER,"151 FRANCIS DR, PORT CHARLOTTE",26.970830936981926,-82.09570307
26,1999120557,Building/Trade Permits/Residential/Roofing,SHINGLE RE-ROOF   SLOPE:4/12,"21043 LAWSON AVE, PORT CHARLOTTE",27.003442672614003,-82.10560605
26,1999120549,Building/Accessories/Residential/Lanai,ALUMINUM ROOF OVER   ORIG PERMIT 12-30-99,"2100 KINGS HWY, PORT CHARLOTTE",26.999233302768417,-82.05657329
26,1999120537,Building/Trade Permits/Residential/Roofing,ONE-PLY REROOF  1.25/12,"574 AZALEA AVE, PORT CHARLOTTE",26.98649021168228,-82.10821539
26,1999120526,Building/Accessories/Residential/Lanai,BUILD 17X31 SCREEN ROOM W/ SLAB & FOOTINGS & PAN ROOF  INCLUDES ROW,"4137 YUCATAN CIR, PORT CHARLOTTE",26.970222381534487,-82.13636787
26,1999120550,Building/Trade Permits/Residential/Roofing,COMPLETE RE-ROOF SHINGLE & MODIFIED 3.5/12 & EDGE,"3440 CONWAY BLVD, PORT CHARLOTTE",26.976432331709802,-82.08830125
26,1999120544,Building/Trade Permits/Residential/Roofing,"RE-ROOF SHINGLE 28 SQ, RE-ROOF LFAT MODIFIED 7 SQ","22199 LANCASTER AVE, PORT CHARLOTTE",26.98338130863391,-82.08454898
26,1999120543,Building/Trade Permits/Residential/Roofing,SHINGLE REPAIR LESS 1 SQ  5/12,"123 COLONIAL ST, PORT CHARLOTTE",26.96336566708852,-82.1017608
26,1999120559,Building/Trade Permits/Residential/Roofing,RE-ROOF SHINGLE 3/12,"218 BANGSBERG RD, PORT CHARLOTTE",26.96014207724941,-82.08935553
26,1999120548,Building/Construction/Residential/Miscellaneous,ALUMINUM ROOF OVER & VINYL SIDING,"1000 KINGS HWY, PORT CHARLOTTE 33980",27.012224296403744,-82.05295935
26,1999120492,Building/Trade Permits/Residential/Roofing,NEW MODIFIED ROOF  2/12,"21906 HAINES AVE, PORT CHARLOTTE",26.993999479464545,-82.09275051
26,1999120459,Building/Trade Permits/Residential/Roofing,RE ROOF SHINGLE  4/12,"1088 SALOX ST, PORT CHARLOTTE",27.01553913163086,-82.11866003
26,1999120493,Building/Trade Permits/Residential/Roofing,NEW SHINGLE ROOF 4/12  25YR     FOR POOL HOUSE,"1512 RIO DE JANEIRO AVE, PORT CHARLOTTE",27.003489027704862,-82.01698701
26,1999120495,Building/Trade Permits/Residential/Roofing,NEW SHINGLE 4/12 25 YR,"1512 RIO DE JANEIRO AVE, 1, Port Charlotte FL 33983",27.003440777850418,-82.01794436
26,1999120460,Building/Trade Permits/Residential/Roofing,RE-ROOF SHINGLES 2/12,"122 COUSLEY DR, PORT CHARLOTTE",26.96348562403452,-82.09765626
26,1999120443,Building/Accessories/Residential/Cage,SCREEN POOL ENCLOSURE W'PARTIAL COMP PANEL ROOF. PLAN ALTERATION: 3-10-00 ADDENDEUM PURLIN/BEAM,"3169 SCRANTON ST, PORT CHARLOTTE",26.983243955879814,-82.08119197
26,1999120496,Building/Trade Permits/Residential/Roofing,NEW SHINGLE 4/12 25 YR,"1512 RIO DE JANEIRO AVE, PORT CHARLOTTE",27.003489027704862,-82.01698701
26,1999120497,Building/Trade Permits/Residential/Roofing,NEW SHINGLE 4/12 25 YR,"1512 RIO DE JANEIRO AVE, PORT CHARLOTTE",27.003489027704862,-82.01698701
26,1999120451,Building/Trade Permits/Residential/Roofing,RE-ROOF MODIFIED,"2425 DEEDRA ST, PORT CHARLOTTE",26.991411161471405,-82.10553735
26,1999120477,Building/Accessories/Residential/Carport,PAN ROOF ON EXISTCONCRETE,"10101 BURNT STORE RD, PUNTA GORDA 33955",26.88339344565352,-82.02358759
26,1999120463,Building/Trade Permits/Residential/Roofing,REROOF SHNGLE SLOPE 3;12,"6279 PARTRIDGE AVE, ENGLEWOOD",26.940111226194176,-82.3080673
26,1999120475,Building/Trade Permits/Residential/Roofing,REROOF SHINGLE,"21307 GERTRUDE AVE, PORT CHARLOTTE",26.991859102258157,-82.09788258
26,1999120494,Building/Trade Permits/Residential/Roofing,NEW  SHINGLE 4/12 25 YR  BLDG 4,"1512 RIO DE JANEIRO AVE, PORT CHARLOTTE",27.003489027704862,-82.01698701
26,1999120374,Building/Trade Permits/Residential/Roofing,SHINGLE REPAIR  (LESS THAN A SQ),"9081 SWISS BLVD, PUNTA GORDA",26.899814638161626,-81.96981813
26,1999120414,Building/Trade Permits/Residential/Roofing,REMOVE SHINGLE- INSTALL GALVALUME 5-VCRIMP METAL ROOF,"24338 TREASURE ISLAND BLVD, PUNTA GORDA",26.802438877067043,-82.04496761
26,1999120370,Building/Trade Permits/Residential/Roofing,RE-ROOF SHINGLE OVER SHINGLE,"23059 UTICA AVE, PORT CHARLOTTE",26.978410832252997,-82.07228852
26,1999120409,Building/Trade Permits/Residential/Roofing,"REMOVE TILE & URETHANE, REPLACE W/ SHINGLE & MODIFIED","4477 HARBOR BLVD, PORT CHARLOTTE",26.962463541242194,-82.10882294
26,1999120392,Building/Trade Permits/Residential/Roofing,RE ROOF SHINGLE SLOPE 4:12,"2372 ALDA LN, PORT CHARLOTTE",26.99534601013536,-82.10775757
26,1999120379,Building/Trade Permits/Residential/Roofing,RE-ROOF W/ SINGLE PLY RUBBER MEMBRANE,"1542 SANDERLING DR, ENGLEWOOD",26.94378287726238,-82.31661981
26,1999120421,Building/Construction/Commercial/Miscellaneous,"REPAIR FIRE DAMAGED TRUSSES, ROOF DECKING","2411 MCCALL RD, ENGLEWOOD",26.9340582,-82.31956589
26,1999120380,Building/Trade Permits/Residential/Roofing,RE-ROOF W/ SINGLE PLY RUBBER MEMBRANE,"1475 FLAMINGO DR, ENGLEWOOD",26.935655016174007,-82.31599614
26,1999120308,Building/Trade Permits/Residential/Roofing,"TEAR OFF OLD SHINGLES, INSTALL NEW 2/12","5448 RIVER BAY DR, PUNTA GORDA",26.888868430306655,-82.05623629
26,1999120335,Building/Trade Permits/Residential/Roofing,SHINGLE RE-ROOF   SLOPE:4/12,"16943 OHARA DR, PORT CHARLOTTE",26.967965999914515,-82.17402652
26,1999120320,Building/Trade Permits/Residential/Roofing,REROOF SHINGLE - 4/12,"25449 RANCAGUA DR, PORT CHARLOTTE",27.027788096344576,-82.0272598
26,1999120355,Building/Trade Permits/Residential/Roofing,SHINGLE OVER SHINGLE,"22412 DELHI AVE, PORT CHARLOTTE",27.015235971684792,-82.07774357
26,1999120362,Building/Accessories/Residential/Lanai,"SCREEN ROOM ON EXISTING SLAB 3"" ELITE PANEL ROOF","168 TORRINGTON ST, PORT CHARLOTTE",27.02745251963958,-82.06794741
26,1999120353,Building/Trade Permits/Residential/Roofing,REROOF INSTALL ONE PLY RUBBER SYSTEM,"21066 GEPHART AVE, PORT CHARLOTTE",26.99682989576531,-82.10471339
26,1999120359,Building/Accessories/Residential/Lanai,"10X22X4 SCREEN RM 3"" PAN ROOF INSULATED 16"" K/P ON EXISTING SLAB  ROW NOT REQUIRED","3701 BAYNARD DR, PUNTA GORDA",26.901269298587234,-82.04133966
26,1999120339,Building/Trade Permits/Residential/Roofing,RE-ROOF  ORIGINAL PERMIT DATE 12/08/99,"1407 FLAMINGO DR, ENGLEWOOD",26.93777652106294,-82.31769563
26,1999120305,Building/Trade Permits/Residential/Roofing,SHINGLE RE-ROOF   SLOPE:4/12,"4407 MUNDELLA CIR, PORT CHARLOTTE",26.96720694023048,-82.13671868
26,1999120251,Building/Trade Permits/Residential/Roofing,RE-ROOF SHINGLES SLOPE 4X12,"205 TAM O SHANTER LN, PUNTA GORDA",26.94567108391455,-81.99922187
26,1999120233,Building/Trade Permits/Residential/Roofing,RE-ROOF FELLOWSHIP HALL ONLY - 5/12,"21075 QUESADA AVE, PORT CHARLOTTE",27.00942039197156,-82.10520165
26,1999120266,Building/Trade Permits/Residential/Roofing,RE-ROOF SHINGLE 4/12,"3530 ISLAND VIEW DR, PUNTA GORDA 33982",26.95020647169513,-82.01211248
26,1999120222,Building/Trade Permits/Residential/Roofing,REROOF SHINGLE - 4/12 FRONT & RT SIDE,"5307 EARLY TER, PORT CHARLOTTE",26.951291980471446,-82.21579739
26,1999120252,Building/Trade Permits/Residential/Roofing,REPAIR TILE ROOF LESS THAN 1 SQUARE,"2184 PELLAM BLVD, PORT CHARLOTTE",26.99827190287487,-82.13991552
26,1999120262,Building/Trade Permits/Residential/Roofing,REROOF SHINGLE SLOPE 4X12   ORIG12-7-99  RENEW 4-30-01,"10104 EDMONTON AVE, ENGLEWOOD",26.944103229466993,-82.28517146
26,1999120221,Building/Trade Permits/Residential/Roofing,RE-ROOF SHINGLE - 4/12 & FLAT ROOF - 1/12,"2045 LAKEVIEW BLVD, PORT CHARLOTTE",27.00221811490424,-82.13549033
26,1999120232,Building/Trade Permits/Residential/Roofing,ROOF REPAIR,"4196 EASTLAKE CT, PORT CHARLOTTE",26.96856116778325,-82.1714554
26,1999120210,Building/Trade Permits/Residential/Roofing,COMPLETE TEAR OFF & REROOF,"9354 NEWMAN CIR, PORT CHARLOTTE",26.896694302378148,-82.19728848
26,1999120206,Building/Trade Permits/Residential/Roofing,ONE-PLY REROOF   1/2.12,"2521 BEACON DR, PORT CHARLOTTE",26.988708515352684,-82.07582863
26,1999120183,Building/Trade Permits/Residential/Roofing,NEW 25YR SHINGLE ROOF -- 4/12,"20322 MT PROSPECT AVE, PORT CHARLOTTE",27.014627543925833,-82.11389928
26,1999120178,Building/Trade Permits/Residential/Roofing,NEW 25YR SHINGLE ROOF -  4/12,"70 ANNAPOLIS LN, ROTONDA WEST",26.88375483559602,-82.28340908
26,1999120173,Building/Trade Permits/Residential/Roofing,NEW FLAT ROOF  MODIFIED,"2408 STARLITE LN, PORT CHARLOTTE",26.992797767644987,-82.08358771
26,1999120182,Building/Trade Permits/Residential/Roofing,REROOF - SHINGLE---  2.5/12,"4310 DELTONA DR, PUNTA GORDA",26.899168021290276,-82.05125428
26,1999120144,Building/Construction/Residential/Addition,"REPAIR DAMAGE TO ROOF, TRUSSES DUE TO FIRE","205 TAM O SHANTER LN, PUNTA GORDA",26.94567108391455,-81.99922187
26,1999120155,Building/Trade Permits/Residential/Roofing,REPAIR & REPLACING ROOF- METAL ROOF,"101 CARLISLE AVE, PORT CHARLOTTE",26.97154819233393,-82.10632326
26,1999120150,Building/Trade Permits/Residential/Roofing,REROOF MODIFIED SLOPE 1.5/12,"21533 MIDWAY BLVD, PORT CHARLOTTE",26.999109172295217,-82.09082034
26,1999120135,Building/Trade Permits/Residential/Roofing,TEAR  OFF & RESHINGLE,"23339 ROUNTREE AVE, PORT CHARLOTTE",26.98658,-82.06364434
26,1999120079,Building/Construction/Residential/Addition,10X26 ALUM ROOF & VINYL ROOM & 5X5 SHED,"3701 BAYNARD DR, PUNTA GORDA",26.901269298587234,-82.04133966
26,1999120092,Building/Trade Permits/Residential/Roofing,ONE PLY REROOF 1.25/12,"1176 MARTIN DR, ENGLEWOOD",26.93699654219195,-82.32591242
26,1999120063,Building/Trade Permits/Residential/Roofing,SHINGLE OVER SHINGLE,"21515 BANCROFT AVE, PORT CHARLOTTE",27.01986498455294,-82.09127807
26,1999120077,Building/Trade Permits/Residential/Roofing,RE-SHINGLE ROOF & BACK FLAT ROOF,"20443 KINDERKEMAC AVE, PORT CHARLOTTE",27.006105554969448,-82.10956581
26,1999120094,Building/Trade Permits/Residential/Roofing,SHINGLE RE-ROOF   SLOPE:4/12,"12628 BACCHUS RD, PORT CHARLOTTE",26.969852463640795,-82.24018865
26,1999120091,Building/Trade Permits/Residential/Roofing,ONE PLY REROOF  1.5/12,"22171 BELINDA AVE, PORT CHARLOTTE",26.994632667929785,-82.08608252
26,1999120002,Building/Trade Permits/Residential/Roofing,REMOVE & REPLACE SHINGLE ROOF,"1125 SALINA AVE, PORT CHARLOTTE",26.97889547434552,-82.13477891
26,1999120052,Building/Accessories/Residential/Lanai,INSTALL COMP & SCREEN ROOF W' SCREEN WALL ON EXIST WOOD DECK,"5120 CHAVES CIR, PORT CHARLOTTE",26.958562910947904,-82.13854983
26,1999120045,Building/Trade Permits/Residential/Roofing,REROOF W/ SINGLE PLY,"1390 BLUE HERON DR, ENGLEWOOD",26.94226261465615,-82.31499484
26,1999120004,Building/Trade Permits/Residential/Roofing,BUILT-UP RE-ROOF W/ RUBEROID FOR CARPORT,"1145 EDGEMERE PL, ENGLEWOOD",26.93755160540398,-82.32713311
26,1999120050,Building/Trade Permits/Residential/Roofing,RE-ROOF SHINGLE ROOF 4/12,"25373 NARWHAL LN, PORT CHARLOTTE",27.01494795658812,-82.02989955
26,1999120043,Building/Trade Permits/Residential/Roofing,RE-ROOF SINGLE PLY MEMBRANE,"1323 IBIS DR, ENGLEWOOD",26.941324346941574,-82.32033535
26,1999120042,Building/Trade Permits/Residential/Roofing,RE-ROOF SINGLE PLY MEMBRANE,"6120 PARTRIDGE AVE, ENGLEWOOD",26.942304691630238,-82.31166842
26,1999120049,Building/Trade Permits/Residential/Roofing,REROOF SHINGLE & FLAT,"2513 BEACON DR, PORT CHARLOTTE",26.98896208331921,-82.07582093
26,1999120014,Building/Trade Permits/Residential/Roofing,"TEAR OFF SHINGLE, INSTALL NEW  4.5/12","181 NORTHSHORE TER, PORT CHARLOTTE",26.97073374823311,-82.03540034
26,1999120048,Building/Trade Permits/Residential/Roofing,RE-ROOF  SHINGLE,"3389 LAKEVIEW BLVD, PORT CHARLOTTE",26.97782699789967,-82.123787
26,1999120047,Building/Trade Permits/Residential/Roofing,RE-ROOF SHINGLE,"2317 BREMEN CT, PORT CHARLOTTE",26.994428746123425,-82.02229304
25,2000051831,Building/Trade Permits/Residential/Roofing,SHINGLE REPAIR,"402 LONDRINA DR, PORT CHARLOTTE",27.020961755624228,-82.01831812
25,2000051811,Building/Trade Permits/Residential/Roofing,SHINGLE REROOF  5:12 SLOPE,"20012 CHALKLEAF CT, PORT CHARLOTTE",27.01417365867043,-82.12266087
25,2000051870,Building/Trade Permits/Residential/Roofing,REROOF SHINGLE ROOF 4-12 SLOPE,"5219 BLACKJACK CIR, PUNTA GORDA",27.00094426789164,-81.91905209
25,2000051852,Building/Trade Permits/Residential/Roofing,RE-ROOF SHINGLE,"21491 MICHIGAN AVE, PORT CHARLOTTE",27.016347882543254,-82.09167485
25,2000051862,Building/Trade Permits/Residential/Roofing,REROOF SHINGLE 4:12 SLOPE,"1370 WILMETTE ST, PORT CHARLOTTE",27.00725552284891,-82.06294245
25,2000051866,Building/Trade Permits/Residential/Roofing,REROOF FLAT ROOF,"3200 COLONY CT, PUNTA GORDA",26.90951728060018,-82.05136876
25,2000051857,Building/Trade Permits/Residential/Roofing,TAKE OFF OLD SHINGLE  ROOF REPLACE WITH NEW SHINGLE ROOF,"1308 DRURY LN, ENGLEWOOD",26.936244933321678,-82.32527916
25,2000051859,Building/Trade Permits/Residential/Roofing,REROOF SHINGLE 4:12 SLOPE,"17121 DOYLE AVE, PORT CHARLOTTE",27.02921299638614,-82.16869354
25,2000051869,Building/Trade Permits/Residential/Roofing,REROOF SHINGLE AND FLAT ROOF 4-12 /1-12 SLOPE,"20205 NAVAJO LN, PORT CHARLOTTE",26.998476134505356,-82.11699681
25,2000051848,Building/Accessories/Residential/Lanai,ALUMINUM ROOF OVER NO GAS,"125 BARRE DR, PORT CHARLOTTE",26.979522567511612,-82.10169222
25,2000051796,Building/Trade Permits/Residential/Roofing,SHINGLE REPAIR LESS THAN ONE SQUARE 5X12 SLOPE,"339 MARACA ST, PORT CHARLOTTE",27.022470554116616,-82.03060918
25,2000051760,Building/Trade Permits/Residential/Roofing,SHINGLE RE-ROOF,"22434 GLEN AVE, PORT CHARLOTTE",26.972747918544954,-82.07646939
25,2000051785,Building/Trade Permits/Residential/Roofing,"TEAR OFF FLAT ROOF, REROOF FLAT","23423 AVACADO AVE, PORT CHARLOTTE",27.00253494390964,-82.06092071
25,2000051765,Building/Accessories/Residential/Cage,TEAR OUT CAGE & INSTALL MANSARD CAGE &  PAN ROOF   * ORIG PERMIT 6-15-00 *,"133 BANGSBERG RD, PORT CHARLOTTE",26.96280676793693,-82.08953862
25,2000051842,Building/Trade Permits/Residential/Roofing,SHINGLE & RUBEROID RE-ROOF   SLOPE:4/12,"857 E 5TH ST, ENGLEWOOD",26.943357329463396,-82.33277127
25,2000051719,Building/Trade Permits/Residential/Roofing,RE-ROOF SHINGLE 32 SQ           SLOPE:4/12,"27102 SAN MARCO DR, PORT CHARLOTTE",27.00512113937254,-82.00518794
25,2000051729,Building/Accessories/Residential/Shed,"CONSTRUCT 10 X 18 SHED, FLOOR EXIST, UNDER ROOF=PER #MB WORK NOT DONE","2100 KINGS HWY, PORT CHARLOTTE",26.999233302768417,-82.05657329
25,2000051686,Building/Trade Permits/Residential/Roofing,SHINGLE TEAR OFF SLOPE 2 1/ 4:12,"341 DUXBURY AVE, PORT CHARLOTTE",26.970554303130072,-82.0891648
25,2000051651,Building/Accessories/Residential/Lanai,ALUM ROOF ONLY         SLAB PERMIT 97020699,"21984 BEVERLY AVE, PORT CHARLOTTE",26.990112240436325,-82.08845515
25,2000051647,Building/Accessories/Residential/Cage,POOL CAGE WITH COMPOSITE ALUM ROOF. PLAN ALTERATION: P/C CAGE DESIGN TO GABLE ROOF,"3577 PEACE RIVER DR, PORT CHARLOTTE",26.975856650588955,-82.00648498
25,2000051656,Building/Construction/Residential/Single Family,SFR   INCLUDES ROW. PLAN ALTERATION: P/C- ROOF SHEATHING NAILSP/C,"17399 OHARA DR, PORT CHARLOTTE",26.959980061526153,-82.16173561
25,2000051658,Building/Accessories/Residential/Lanai,ROOF OVER MOBILE HOME & FL ROOM,"2018 ESSENCE AVE, ENGLEWOOD",26.90917764963006,-82.32405857
25,2000051567,Building/Trade Permits/Residential/Roofing,REROOF SHINGLE/FLAT 4:12 SLOPE,"1202 STAMFORD ST, PORT CHARLOTTE",27.01199715399939,-82.07839965
25,2000051562,Building/Accessories/Commercial/Sign,CLASS A/GR/ILL/ DF/SQ FT 48/    TILE & CARPET WORLD  ORIGINAL PERMIT DATE 6/9/00,"4820 TAMIAMI TER, PORT CHARLOTTE",26.95745839614976,-82.06574243
25,2000051613,Building/Accessories/Residential/Lanai,"INSTALL 3"" PAN ROOF SCREEN ROOM ON EXISTING CONCRETE","18723 FORT SMITH CIR, PORT CHARLOTTE",26.957746513067065,-82.14098356
25,2000051564,Building/Trade Permits/Residential/Roofing,REROOF - MODIFIED SINGLE PLY FLAT  ORIG PERM. DATE: 5/26/00,"21227 GLADIS AVE, PORT CHARLOTTE",26.99715575434938,-82.10001895
25,2000051561,Building/Trade Permits/Residential/Roofing,REROOF SHINGLE   SLOPE 4:12,"22440 LACOMBE AVE, PORT CHARLOTTE",26.984617237778878,-82.07718654
25,2000051566,Building/Construction/Commercial/Miscellaneous,12X10 PRO-FAB ROOF PATIO COVER ON EXISTING ASPHALT     ROW NOT REQUIRED. PLAN ALTERATION: P/C - FASTENER ADDITION - 06/2,"4109 TAMIAMI TER, PORT CHARLOTTE",26.96980655987602,-82.08323675
25,2000051582,Building/Accessories/Residential/Lanai,ALUMINUM  ROOF OVER MOBILE HOME ONLY,"2100 KINGS HWY, PORT CHARLOTTE",26.999233302768417,-82.05657329
25,2000051560,Building/Trade Permits/Residential/Roofing,REROOF SHINGLE   SLOPE 4:12,"1129 PRESQUE ISLE DR, PORT CHARLOTTE",27.013959917120204,-82.08793643
25,2000051578,Building/Accessories/Residential/Lanai,ALUMINUM ROOF OVER,"10303 BURNT STORE RD, PUNTA GORDA",26.879129489569408,-82.02545427
25,2000051577,Building/Accessories/Residential/Lanai,ALUMINUM ROOF OVER MH ONLY,"2100 KINGS HWY, PORT CHARLOTTE",26.999233302768417,-82.05657329
25,2000051568,Building/Trade Permits/Residential/Roofing,REROOF SHINGLE 4:12 SLOPE,"27526 TIERRA DEL FUEGO CIR, PORT CHARLOTTE",27.028099183855655,-82.00546268
25,2000051583,Building/Accessories/Residential/Lanai,ALUM ROOF OVER MH ONLY,"6400 TAYLOR RD, PUNTA GORDA",26.876983193064607,-82.00379409
25,2000051576,Building/Accessories/Residential/Lanai,ALUMINUM ROOF OVER,"6400 TAYLOR RD, PUNTA GORDA",26.876983193064607,-82.00379409
25,2000051565,Building/Accessories/Residential/Carport,INSTALL 20X12 PAN ROOF PATIO COVER ROW NOT REQUIRED,"27850 LEATHERWOOD CIR, PUNTA GORDA",26.88170057896068,-81.9914322
25,2000051543,Building/Accessories/Residential/Lanai,SCREEN PATIO W/ SCREEN ROOF & CONCRETE DECK ROW NOT REQUIRED,"3250 BAY RIDGE WAY, PORT CHARLOTTE",26.985729231635013,-82.22386933
25,2000051580,Building/Accessories/Residential/Lanai,ALUMINUM ROOF OVER,"2100 KINGS HWY, PORT CHARLOTTE",26.999233302768417,-82.05657329
25,2000051623,Building/Trade Permits/Residential/Roofing,TEAR OFF & RESHINGLE SLOPE 4:12,"19154 NEW HAVEN CT, PORT CHARLOTTE",26.956146248930533,-82.13513177
25,2000051581,Building/Accessories/Residential/Lanai,ALUMINUM ROOF OVER  MH ONLY,"15498 ORCHID DR, PUNTA GORDA",26.86886586036871,-81.99264525
25,2000051563,Building/Trade Permits/Residential/Roofing,REROOF SHINGLE AND FLAT ROOF  4/12,"1635 ADRIAN ST, PORT CHARLOTTE",26.999868514002177,-82.09371943
25,2000051573,Building/Accessories/Residential/Lanai,SCREEN LANAI W/ SCREEN ROOF,"25284 PUNTA MADRYN AVE, PORT CHARLOTTE",27.027267518600432,-82.03221132
25,2000051480,Building/Trade Permits/Residential/Roofing,TEAR OFF & RE-SHINGLE,"7365 BASS ST, ENGLEWOOD",26.920530403701658,-82.27426145
25,2000051492,Building/Trade Permits/Residential/Roofing,SHINGLE REPAIR LESS THAN ONE SQUARE   SLOPE 4:12,"22505 GLEN AVE, PORT CHARLOTTE",26.97237790629391,-82.07429506
25,2000051479,Building/Trade Permits/Residential/Roofing,RE-SHINGLE ROOF 5/12,"7347 EBRO RD, ENGLEWOOD",26.921117685902452,-82.29507446
25,2000051518,Building/Trade Permits/Residential/Roofing,TEAR OFF & RE-ROOF 4/12  SHINGLES,"1161 DRURY LN, ENGLEWOOD 34224",26.939464711913132,-82.3248214
25,2000051468,Building/Trade Permits/Residential/Roofing,TEAR OFF TILE & FLAT ROOF PUT BACK TILE,"4450 HARBOR BLVD, PORT CHARLOTTE",26.962079974320527,-82.10724637
25,2000051475,Building/Trade Permits/Residential/Roofing,REROOF BUILT UP ROOF,"3115 HARBOR BLVD, PORT CHARLOTTE",26.98516094214912,-82.09654994
25,2000051478,Building/Trade Permits/Residential/Roofing,RE-SHINGLE ROOF 5/12,"9375 CASA GRANDE AVE, ENGLEWOOD",26.926311514490035,-82.29349517
25,2000051441,Building/Accessories/Residential/Lanai,INSTALL SCREEN  ENCLOSURE W/ PAN ROOF,"1170 LIVE OAK CIR, PORT CHARLOTTE 33948",27.01437373194385,-82.1298294
25,2000051405,Building/Construction/Commercial/Commercial Building,80 X 77  METAL BLDG W' MASONARY WALLS  INCLUDES ROW. PLAN ALTERATION: PRECAST OVER DOOR OPENING #2,"3205 TAMIAMI TRL, PUNTA GORDA 33950",26.90965855949058,-82.04209905
25,2000051386,Building/Trade Permits/Residential/Roofing,RESHINGLE ROOF SLOPE 5:12,"7397 SPINNAKER BLVD, ENGLEWOOD",26.919660602390035,-82.28881077
25,2000051311,Building/Trade Permits/Residential/Roofing,"REMOVE SHINGLES, INSTALL TIMBERLINE SHINGLES 4/12","3289 MARION ST, ENGLEWOOD",26.877929705927905,-82.31292732
25,2000051380,Building/Trade Permits/Residential/Roofing,REROOF STEEL SHINGLES,"4112 GINGOLD ST, PORT CHARLOTTE",26.970733609608832,-82.1446915
25,2000051308,Building/Trade Permits/Residential/Roofing,SHINGLE OVER SHINGLE,"21496 FAIRWAY AVE, PORT CHARLOTTE",27.009464229772156,-82.09171288
25,2000051312,Building/Trade Permits/Residential/Roofing,RE-ROOF RUBBEROID  1.5/12    ORIG PERMIT 5-22-00,"21518 OLEAN BLVD, PORT CHARLOTTE",26.988113288595855,-82.09123999
25,2000051345,Building/Trade Permits/Residential/Roofing,RE-ROOF SINGLE PLY GTA N-B2 GS 1.5/12,"2055 MISSISSIPPI AVE, ENGLEWOOD",26.91696546433447,-82.32532502
25,2000051348,Building/Trade Permits/Residential/Roofing,REROOF - SHINGLES 4/12,"22071 MARSHALL AVE, PORT CHARLOTTE",26.997861837838492,-82.08835605
25,2000051304,Building/Trade Permits/Residential/Roofing,REPAIR SHINGLE ROOF,"1322 FIRESIDE ST, PORT CHARLOTTE",27.008804218435248,-82.09597783
25,2000051315,Building/Construction/Commercial/Miscellaneous,"REPALCE EXIST CEILING W'2 X 4 ACOUSTIC, LAY IN TILE - DEMO EXIST CEILING","21500 GIBRALTER DR, PORT CHARLOTTE",26.99568747718907,-82.09152979
25,2000051321,Building/Trade Permits/Residential/Electrical,PROVIDECIRCUITORY ROOFTOP A/C,"15502 BURNT STORE RD, PUNTA GORDA 33955",26.80012102,-82.03667243
25,2000051385,Building/Trade Permits/Residential/Roofing,RESHINGLE ROOF SLOPE 4:12,"5194 COOPER TER, PORT CHARLOTTE",26.95446772585314,-82.2195282
25,2000051363,Building/Trade Permits/Residential/Roofing,REROOF SHINGLE SLOPE 3;12,"1444 MOHAWK DR, PORT CHARLOTTE",27.00692166079875,-82.11641688
25,2000051369,Building/Trade Permits/Residential/Roofing,RE ROOF SHINGLE  SLOPE 5/12,"170 MEREDITH DR, ENGLEWOOD",26.920930836158227,-82.3565979
25,2000051384,Building/Trade Permits/Residential/Roofing,RESHINGLE ROOF SLOPE 4:12,"9105 BENSONHURST LN, ENGLEWOOD",26.925546636364416,-82.30150604
25,2000051326,Building/Trade Permits/Residential/Roofing,SHINGLE REPAIR 4/12,"26388 ANGELICA RD, PUNTA GORDA",26.865636560404823,-82.01163316
25,2000051245,Building/Trade Permits/Residential/Roofing,RE-ROOF SHINGLE 4/12/ 1-12 SLOPE SINGLE PLY  SHINGLE,"3282 DAYTONA DR, PORT CHARLOTTE",26.982156615116143,-82.00196838
25,2000051242,Building/Trade Permits/Residential/Roofing,"REMOVE BUILT UP ROOFING, RE-ROOF MODIFIED 19 SQ","318 CORTEZ DR, PORT CHARLOTTE",26.968807287705012,-82.05709075
25,2000051252,Building/Trade Permits/Residential/Roofing,RE-ROOF SHINGLE 4/12 & FLAT,"809 E 6TH ST, ENGLEWOOD",26.944112314665436,-82.33625201
25,2000051253,Building/Trade Permits/Residential/Roofing,RE-ROOF SHINGLES & RUBEROID  4/12 & FLAT,"1870 RIVERSIDE DR, ENGLEWOOD",26.932098257616936,-82.33930212
25,2000051270,Building/Trade Permits/Residential/Roofing,RE-ROOF SHINGLE,"20 OAKLAND HILLS CT, ROTONDA WEST",26.882135314343195,-82.28952793
25,2000051292,Building/Accessories/Residential/Cage,REPAIR EXIST POOL PUMP ROOM & ROOF,"1416 SAN CRISTOBAL AVE, PORT CHARLOTTE",27.00542689,-82.01218789
25,2000051290,Building/Trade Permits/Residential/Roofing,REMOVE OLD GRAVEL ROOF - REPLACE W/ ROLLED ROOFING,"3146 MARINE TER, PORT CHARLOTTE",26.98420907867085,-82.00231929
25,2000051178,Building/Trade Permits/Residential/Roofing,REMOVE SHINGLES FROM PARAPET WALL RE-APPLY 3 TABS,"1599 MCCALL RD, ENGLEWOOD",26.93836504989637,-82.34181376
25,2000051157,Building/Trade Permits/Residential/Electrical,125 AMPS WEATHERPROOF OVERHEAD POLE SERVICE & WELL HOOK UP,"5250 RUSTIC DR, PUNTA GORDA 33982",26.965104956999514,-81.91799162
25,2000051142,Building/Accessories/Residential/Cage,POOL CAGE & ALUM ROOF ON EXISTING CONCRETE DECK,"2089 BARKSDALE ST, PORT CHARLOTTE",27.000909896243265,-82.14952095
25,2000051169,Building/Trade Permits/Residential/Roofing,RE-ROOF SHINGLE 4/12,"2366 CONWAY BLVD, PORT CHARLOTTE",26.99271204572492,-82.08112337
25,2000051125,Building/Trade Permits/Residential/Roofing,RE ROOF SHINGLE OFF  SLOPE 4/12,"2083 CANNOLOT BLVD, PORT CHARLOTTE",27.00119014360578,-82.14829255
25,2000051153,Building/Construction/Commercial/Miscellaneous,REPAIR ROTTED PLYWOOD AND SEAM METAL ROOFING   ORIG   5-24-2000  RENEW 6-15-2001,"2400 BEACH RD, ENGLEWOOD 34223",26.929345326742947,-82.36395674
25,2000051151,Building/Trade Permits/Residential/Roofing,RE ROOF SINGLE PLY MEMBRANE,"15550 BURNT STORE RD, PUNTA GORDA",26.800111665551228,-82.03461822
25,2000051209,Building/Trade Permits/Residential/Roofing,TEAR OFF FLAT ROOF - REPLACE FLAT ROOF,"2735 TAMIAMI TRL, PORT CHARLOTTE FL 33952",26.99000157277421,-82.11128227
25,2000051165,Building/Trade Permits/Residential/Roofing,RE-ROOF SHINGLE SLOPE 4/12      ORIG ISSUED 05-19-00,"133 ROSELLE CT, PORT CHARLOTTE",26.962932713748813,-82.0842438
25,2000051172,Building/Trade Permits/Residential/Roofing,RE-ROOF SHINGLE  4/12,"21342 BASSETT AVE, PORT CHARLOTTE",27.011047502170747,-82.09656528
25,2000051109,Building/Trade Permits/Residential/Roofing,SHINGLE OVER SHINGLE 4/12,"1053 SEA CREST DR, PORT CHARLOTTE",26.999797891599936,-82.12947087
25,2000051166,Building/Trade Permits/Residential/Roofing,RE-ROOF SHINGLE 4/12,"4638 HERMAN CIR, PORT CHARLOTTE",26.960773367286848,-82.13880151
25,2000051132,Building/Trade Permits/Residential/Roofing,SHINGLE REROOF 5:12 SLOPE,"13549 DIBELLA AVE, PORT CHARLOTTE",26.941692396620216,-82.2225647
25,2000051174,Building/Trade Permits/Residential/Roofing,RE-ROOF FLAT ROOF  1/12,"6615 COLISEUM BLVD, PORT CHARLOTTE",26.93460808703851,-82.22718032
25,2000051037,Building/Accessories/Residential/Lanai,ALUM ROOF OVER  MH ONLY,"24325 HARBORVIEW RD, PORT CHARLOTTE",26.967171472072284,-82.04610809
25,2000051036,Building/Accessories/Residential/Lanai,ALUMINUM ROOF OVER MH ONLY,"2100 KINGS HWY, PORT CHARLOTTE",26.999233302768417,-82.05657329
25,2000051035,Building/Accessories/Residential/Lanai,ALUM ROOF OVER MH ONLY,"2100 KINGS HWY, PORT CHARLOTTE",26.999233302768417,-82.05657329
25,2000051083,Building/Trade Permits/Residential/Roofing,SHINGLE OVER SHINGLE,"504 MCCABE ST, PORT CHARLOTTE",27.02049825487009,-82.2255783
25,2000051041,Building/Accessories/Residential/Lanai,RE-ROOF WITH SINGLE PLY RUBBER MEMBRANE,"1209 KINGFISHER DR, ENGLEWOOD",26.944896179535373,-82.32139023
25,2000051042,Building/Accessories/Residential/Lanai,RE ROOF WITH SINGLE PLY RUBBER  MEMRANE,"1300 SANDERLING DR, ENGLEWOOD",26.943151455488014,-82.31266017
25,2000050974,Building/Trade Permits/Residential/Roofing,SHINGLE RE-ROOF   SLOPE:2.5/12,"1540 PULASKI ST, PORT CHARLOTTE",27.002433858418133,-82.07569126
25,2000051000,Building/Trade Permits/Residential/Roofing,TEAR OFF EXISTING ROOF & REROOF SLOPE 4/12 SHINGLE,"2474 STARLITE LN, PORT CHARLOTTE",26.99187654765571,-82.08508301
25,2000050984,Building/Trade Permits/Residential/Roofing,REROOF RESIDENCE SLOPE 5:12,"14497 CRESENT AVE, PORT CHARLOTTE",27.029132871208912,-82.20639797
25,2000050985,Building/Trade Permits/Residential/Roofing,RE-ROOF 1.5/12   ORIG PERMIT DATE 5/16/00,"2410 BAIRD ST, PORT CHARLOTTE",26.99217227206214,-82.15067289
25,2000050978,Building/Trade Permits/Residential/Roofing,REPLACE SHINGLE ROOF W/ GALVINIZED ROOF     SLOPE:5/12,"6023 SUNNYBROOK BLVD, ENGLEWOOD",26.944812652300406,-82.27214052
25,2000050976,Building/Accessories/Residential/Carport,SLAB 7X10 & 10X7X10 U-ROOM & 8.5 X 10 ROOF    ROW NOT REQUIRED,"2100 KINGS HWY, PORT CHARLOTTE",26.999233302768417,-82.05657329
25,2000050986,Building/Accessories/Residential/Carport,"INSTALL A 6X11 SHED, 14X17 CARPORT, 6X13 PAN ROOF","3019 SUNNY HARBOR DR, PUNTA GORDA",26.973293169026604,-81.97936252
25,2000051020,Building/Trade Permits/Residential/Roofing,RE-ROOF SHINGLE 3/12 SLOPE,"108 ANNAPOLIS LN, ROTONDA WEST",26.886716772515225,-82.28009028
25,2000050921,Building/Trade Permits/Residential/Roofing,MODIFIED REROOF,"3189 NORMANDY DR, PORT CHARLOTTE 33952",26.98370168511355,-82.09437566
25,2000050910,Building/Trade Permits/Residential/Roofing,TEAR OFF & REROOF SLOPE 5:12,"2518 MAURITANIA RD, PORT CHARLOTTE",26.991157555054528,-82.01000214
25,2000050899,Building/Trade Permits/Residential/Roofing,REROOF TEAR OFF OLD ROOF  REPLACE W/ NEW ROOF  SLOPE 5:12,"20416 COPELAND AVE, PORT CHARLOTTE",27.015401978227278,-82.11043546
25,2000050937,Building/Construction/Residential/Miscellaneous,ADD VINYLS & INSULATED ROOF TO EXISTING SCREEN ROOM,"29200 JONES LOOP RD, PUNTA GORDA",26.877499466515914,-81.99328296
25,2000050860,Building/Trade Permits/Residential/Roofing,REROOF W/  METAL SLOPE 6:12,"2795 N BEACH RD, ENGLEWOOD 34223",26.934846977837687,-82.36554725
25,2000050876,Building/Trade Permits/Residential/Roofing,REROOF SHINGLE SLOPE 4:12,"22276 STATE AVE, PORT CHARLOTTE",27.012758393220427,-82.081871
25,2000050863,Building/Trade Permits/Residential/Roofing,"TEAR OFF SHINGLES, REPLACE W' NEW","6275 FALCON DR, ENGLEWOOD",26.93804562331804,-82.30541988
25,2000050914,Building/Trade Permits/Residential/Roofing,REPAIR/REPLACE DAMAGED TILE,"13799 PALMETTO POINT CT, PORT CHARLOTTE",26.986354897669653,-82.22023009
25,2000050934,Building/Trade Permits/Residential/Roofing,REROOF,"207 S GULF BLVD, PLACIDA",26.85991474226496,-82.31286626
25,2000050892,Building/Accessories/Residential/Lanai,ALUMINUM ROOF OVER SHED & BEDROOM RFS,"2100 KINGS HWY, PORT CHARLOTTE",26.999233302768417,-82.05657329
25,2000050861,Building/Trade Permits/Residential/Roofing,REROOF SHINGLE OVER SHINGLE SLOPE 4/12,"837 MENSH TER, PORT CHARLOTTE",26.996208283878214,-82.12667842
25,2000050920,Building/Trade Permits/Residential/Roofing,SHINGLE REROOF                         5/15/00,"1052 SOMERSET ST, PORT CHARLOTTE",27.016416506831753,-82.11396785
25,2000050864,Building/Trade Permits/Residential/Roofing,ROOF- SHINGLE OVER SHSINGLE SLOPE 4/12,"1472 NEAPOLITAN RD, PORT CHARLOTTE",27.008846296876015,-82.02135468
25,2000050918,Building/Trade Permits/Residential/Roofing,MODIFIED REROOF    ORIG PERMIT 5-15-00,"3189 NORMANDY DR, PORT CHARLOTTE",26.98370168511355,-82.09437566
25,2000050866,Building/Trade Permits/Residential/Roofing,TEAR OFF & RESHINGLE SLOPE 4/12,"23331 ROUNTREE AVE, PORT CHARLOTTE",26.98658187,-82.06388849
25,2000050793,Building/Trade Permits/Residential/Roofing,SHINGLE REROOF,"4714 S FAIRWAY DR, PUNTA GORDA",26.940519442097905,-81.99914544
25,2000050792,Building/Trade Permits/Residential/Roofing,SHINGLE REROOF SLOPE 1 1/4:12,"22191 AUGUSTA AVE, PORT CHARLOTTE",26.993291952255056,-82.08677668
25,2000050790,Building/Trade Permits/Residential/Roofing,SHINGLE REROOF SLOPE 5:12,"480 KENSINGTON ST, PORT CHARLOTTE",27.019199386981327,-82.10191341
25,2000050800,Building/Trade Permits/Residential/Roofing,RE-ROOF SHINGLE & FLAT 4/12 MODIFIED,"296 ELIDA ST, PORT CHARLOTTE",27.024345363266537,-82.10492707
25,2000050831,Building/Accessories/Residential/Cage,INSTALL ELITE ROOF W'SCREEN ENCLOSURE ON EXIST DECK,"159 NORMAN ST, PORT CHARLOTTE",27.027734880798693,-82.06239326
25,2000050836,Building/Trade Permits/Residential/Roofing,REROOF SINGLE PLY MEMBRANE  ORIGINAL PERMIT DATE 5/12/00,"3320 BOURBON ST, ENGLEWOOD",26.903629322802445,-82.32522577
25,2000050838,Building/Trade Permits/Residential/Roofing,REROOF SINLGE PLY,"15550 BURNT STORE RD, PUNTA GORDA",26.800111665551228,-82.03461822
25,2000050791,Building/Trade Permits/Residential/Roofing,SHINGLE REROOF SLOPE 3:12,"4714 S FAIRWAY DR, PUNTA GORDA",26.940519442097905,-81.99914544
25,2000050801,Building/Trade Permits/Residential/Roofing,RE-ROOF MODIFIED FLAT,"1268 HINTON ST, PORT CHARLOTTE",27.00994863662756,-82.10894778
25,2000050814,Building/Trade Permits/Residential/Roofing,RE-ROOF BUDDY FREDDY'S & SOUTH END OF RETAIL SPACE SLOPE1/4/12,"2150 TAMIAMI TER, PORT CHARLOTTE",27.001637768340284,-82.12345892
25,2000050839,Building/Trade Permits/Residential/Roofing,REROOF SINGLE PLY MEMBRANE   ORIG 5-12-2000   RENEW 5-16-01,"15550 BURNT STORE RD, PUNTA GORDA",26.800111665551228,-82.03461822
25,2000050684,Building/Trade Permits/Residential/Roofing,REROOF FLAT ROOF 1-12 SLOPE SINGLE PLY,"3335 TAMIAMI TER, PORT CHARLOTTE",26.908231849664077,-82.04049685
25,2000050672,Building/Trade Permits/Residential/Roofing,TEAR OFF EXISTING SHINGLE ROOF AND REROOF WITH SHINGLES,"2076 RIVER BASIN TER, PUNTA GORDA",26.999910483011647,-81.98277283
25,2000050721,Building/Trade Permits/Residential/Roofing,RE-ROOF TILE APPROX 33 SQS  4/12,"126 COLONIAL ST, PORT CHARLOTTE",26.963664969172463,-82.1013031
25,2000050671,Building/Trade Permits/Residential/Roofing,"REMOVE EXIST SHINGLE ROOF, INSTALL NEW 5 V CRIMP METAL  5/12","1923 CITRON ST, PORT CHARLOTTE",26.968387642271146,-82.03659827
25,2000050663,Building/Trade Permits/Residential/Roofing,RE-ROOF FLAT SINGLE PLY,"25441 DEEP CREEK BLVD, PORT CHARLOTTE",27.02361498496127,-82.03358464
25,2000050677,Building/Trade Permits/Residential/Roofing,RE-ROOF SHINGLE 4/12,"2316 ABSCOTT ST, PORT CHARLOTTE",26.99411978215624,-82.07057949
25,2000050681,Building/Trade Permits/Residential/Roofing,RE-ROOF FLAT 1/12 SINGLE PLY,"3335 TAMIAMI TER, PORT CHARLOTTE",26.908231849664077,-82.04049685
25,2000050678,Building/Trade Permits/Residential/Roofing,RE-ROOF SHINGLE & FLAT 4/12,"2219 LEE TER, PORT CHARLOTTE",26.997104604218226,-82.10771187
25,2000050679,Building/Accessories/Residential/Carport,CONCRETE COMPOSITE ROOF ON HOUSE & BARN (4) 2- ON HOUSE & 2- ON BARN,"34879 WASHINGTON LOOP RD, PUNTA GORDA",26.978930008877864,-81.89387422
25,2000050770,Building/Trade Permits/Residential/Roofing,REOOF MANSARED (REUSE EVVE DRIP & METAL CAP),"12050 VAN LENTEN BLVD, PORT CHARLOTTE",26.98952091507666,-82.2539063
25,2000050708,Building/Trade Permits/Residential/Roofing,SHINGLE RE-ROOF   SLOPE:4/12,"21231 WYNYARD AVE, PORT CHARLOTTE",27.02398865,-82.09978486
25,2000050675,Building/Trade Permits/Residential/Roofing,RE-ROOF SHINGLE 4/12,"5834 OAKVIEW LN, PUNTA GORDA",26.885446555391304,-82.014862
25,2000050620,Building/Trade Permits/Residential/Roofing,REROOF  SLOPE 4:12,"13048 SANIBEL DR, PUNTA GORDA",26.842180126280695,-81.99739844
25,2000050638,Building/Trade Permits/Residential/Roofing,NEW ROOF TEAR OFF AND REPLACE W/ NEW SHINGLES,"21246 COVINGTON AVE, PORT CHARLOTTE",27.00783162219939,-82.09937289
25,2000050627,Building/Trade Permits/Residential/Roofing,TEAR OFF & REPLACE SHINGLES 4/12,"1384 CORKTREE CIR, PORT CHARLOTTE",27.014402292379316,-82.12443544
25,2000050519,Building/Accessories/Residential/Lanai,RE-ROOF W' SINGLE PLY RUBBER MEMBRANE:ORIG ISSUE DATE 5/12/00,"1294 BLUE HERON DR, ENGLEWOOD",26.945249452689932,-82.31362158
25,2000050525,Building/Trade Permits/Residential/Roofing,ROOF SHINGLES ALONG SIDE OF FLAT ROOF,"1619 INVERNESS ST, PORT CHARLOTTE",27.000621925100138,-82.07258609
25,2000050512,Building/Trade Permits/Residential/Roofing,SHINGLE RE-ROOF   SLOPE:3/12     ORIG PEMRIT 5-9-00,"6365 FLORIDA ST, PUNTA GORDA",26.93778597266497,-82.02439111
25,2000050515,Building/Trade Permits/Residential/Roofing,REROOF SHINGLES OFF/ON SLOPE 4:12,"2443 CONWAY BLVD, PORT CHARLOTTE",26.991929975197184,-82.08345798
25,2000050529,Building/Accessories/Residential/Shed,MAKE 5X6 UROOM INTO 11X15 UNDER EXISTING ROOF AND SLAB RENEW PERMIT 6-1-01,"3112 BAYSIDE PKWY, PUNTA GORDA",26.973525954435605,-81.97813416
25,2000050530,Building/Accessories/Residential/Carport,"13X39 CARPORT, 8X8 UROOM, 10X24 SCREEN ROOM, 10X40 ROOF","24325 HARBORVIEW RD, PORT CHARLOTTE",26.967171472072284,-82.04610809
25,2000050510,Building/Trade Permits/Residential/Roofing,TEAR OFF EXISTING REPLACE W/ SHINGLE   SLOPE:5/12,"180 E BAY HEIGHTS RD, ENGLEWOOD",26.944459908955977,-82.34976961
25,2000050516,Building/Trade Permits/Residential/Roofing,REROOF  TILES OFF SHINGLE ON SLOPE 3:12,"3238 SCOTIA ST, PORT CHARLOTTE",26.981584510750537,-82.08620449
25,2000050514,Building/Trade Permits/Residential/Roofing,SHINGLE RE-ROOF   SLOPE:5/12    ORIG PERMIT 5-29-00,"21031 NOWELL AVE, PORT CHARLOTTE",27.019138265999647,-82.10638423
25,2000050454,Building/Trade Permits/Residential/Roofing,SHINGLE RE-ROOF    ORIG PERMIT 5-9-00,"3581 BEACON DR, PORT CHARLOTTE",26.972446522432236,-82.07781222
25,2000050461,Building/Trade Permits/Residential/Roofing,REROOF OF BLDG. #15,"7092 PLACIDA RD, ENGLEWOOD 34224",26.87096484352145,-82.31020551
25,2000050415,Building/Trade Permits/Residential/Roofing,TEAR  OFF AND RESHINGLE 4/12 SLOPE,"2284 FINTONROD ST, PORT CHARLOTTE",26.99574280396002,-82.14601894
25,2000050410,Building/Accessories/Residential/Lanai,ALUMINUM ROOF OVER MOBILE HOMES ONLY,"2100 KINGS HWY, PORT CHARLOTTE",26.999233302768417,-82.05657329
25,2000050458,Building/Trade Permits/Residential/Roofing,RERIIF SHINGLE PLY  ORIGINAL PERMIT DATE 5/8/00,"215 RIO VILLA DR, PUNTA GORDA",26.896870149217435,-82.04666291
25,2000050407,Building/Accessories/Residential/Lanai,ALUMINUM ROOF OVER,"3701 BAYNARD DR, PUNTA GORDA",26.901269298587234,-82.04133966
25,2000050424,Building/Trade Permits/Residential/Roofing,REMOVE BUILTUP ROOFING & REROOF MODIFIED 9 SQUARES  FLAT ROOF,"119 SE PECKHAM ST, PORT CHARLOTTE",26.964862729494435,-82.10221856
25,2000050400,Building/Trade Permits/Residential/Roofing,SHINGLE OVER SHINGLE 4/12,"3421 HIGHLANDS RD, PORT CHARLOTTE",26.97674357,-82.00887295
25,2000050408,Building/Accessories/Residential/Lanai,ALUMINUM ROOF OVER MOBILE HOME ONLY,"760 CORAL DR, PUNTA GORDA",26.895460256420545,-82.05334469
25,2000050442,Building/Trade Permits/Residential/Roofing,TEAR OFF GRAVEL ROOF - INSTALL SINGLE PLY MB,"2842 TAMIAMI TER, PORT CHARLOTTE",26.989349490416632,-82.10813039
25,2000050451,Building/Trade Permits/Residential/Roofing,TILE ROOF REPAIR LESS THAN 15SQ 4/12 SLOPE    ORIG PERMIT 5-9-00,"249 HALLCREST TER, PORT CHARLOTTE",27.025451721097912,-82.05979914
25,2000050460,Building/Trade Permits/Residential/Roofing,SHINGLE REPAIR  5/12,"30290 HOLLY RD, PUNTA GORDA 33982",26.991899603027914,-81.95011141
25,2000050414,Building/Accessories/Residential/Lanai,ALUMINUM ROOF OVER MOBILE HOME ONLY,"215 RIO VILLA DR, PUNTA GORDA",26.896870149217435,-82.04666291
25,2000050459,Building/Trade Permits/Residential/Roofing,RE-ROOF MODIFIED 1/12,"273 HIRAM ST, PUNTA GORDA",27.027635629372945,-81.96797187
25,2000050425,Building/Trade Permits/Residential/Roofing,REROOF SHINGLE APPROX. 20 SQUARES SLOPE 4:12,"23148 AJAX AVE, PORT CHARLOTTE",27.009546360540607,-82.06941993
25,2000050413,Building/Accessories/Residential/Lanai,ALUMINUM ROOF OVER MOBILE HOME ONLY,"215 RIO VILLA DR, PUNTA GORDA",26.896870149217435,-82.04666291
25,2000050475,Building/Trade Permits/Residential/Roofing,REROOF TEAR OFF OLD SHINGLE REPLACE NEW SHINGLE,"12181 WELLINGTON AVE, PORT CHARLOTTE",26.951454193828468,-82.24962624
25,2000050426,Building/Trade Permits/Residential/Roofing,"REROOF METAL, APPROX. 33 SQUARES   SLOPE 3.5X5 FLAT","141 BEDFORD DR, PORT CHARLOTTE",26.976297392268922,-82.09558869
25,2000050428,Building/Trade Permits/Residential/Roofing,RE-ROOF SHINGLE 3.5/12,"2501 CANNOLOT BLVD, PORT CHARLOTTE",26.991884186692285,-82.14403534
25,2000050427,Building/Trade Permits/Residential/Roofing,REROOF SHINGLE APPROX. 47 SQUARES,"125 LELAND ST, PORT CHARLOTTE",26.96561247332053,-82.10096741
25,2000050411,Building/Accessories/Residential/Lanai,ALUMINUM ROOF OVER MOBILE HOME ONLY,"2100 KINGS HWY, PORT CHARLOTTE",26.999233302768417,-82.05657329
25,2000050455,Building/Trade Permits/Residential/Roofing,ROOF REPAIR,"107 SALEM AVE, PORT CHARLOTTE",26.96966735418465,-82.10231781
25,2000050453,Building/Trade Permits/Residential/Roofing,SHINGLR REROOF W/MODIFIED SLOPE 3/12,"22247 NEW ROCHELLE AVE, PORT CHARLOTTE",26.97599972071947,-82.08283993
25,2000050420,Building/Trade Permits/Residential/Roofing,TEAR OFF FLAT DECK INSTALL MODIFIED BITUMEN TYPE ROOF SLOPE  FLAT,"235 MACARTHUR DR, PORT CHARLOTTE",27.026853667632327,-82.07788842
25,2000050457,Building/Trade Permits/Residential/Roofing,ROOF REPAIR,"115 DARTMOUTH DR, PORT CHARLOTTE",26.97658158326721,-82.10101324
25,2000050412,Building/Accessories/Residential/Lanai,ALUMINUM ROOF OVER MOBILE HOME ONLY,"3701 BAYNARD DR, PUNTA GORDA",26.901269298587234,-82.04133966
25,2000050378,Building/Accessories/Residential/Lanai,"BUILD SCREEN ROOF, SCREEN ROOM ON EXISTING CONCRETE","13489 OVERTON AVE, PORT CHARLOTTE",26.939720211760786,-82.22422793
25,2000050322,Building/Trade Permits/Residential/Roofing,REROOF SHINGLE AND FLATROOF 4;12-FLAT,"3496 HARBOR BLVD, PORT CHARLOTTE",26.97546189690504,-82.09936523
25,2000050346,Building/Trade Permits/Residential/Roofing,REROOF SHINGLE AND FLATROOF 4.12 SLOPE,"4361 HARBOR BLVD, PORT CHARLOTTE",26.964361222376326,-82.10607147
25,2000050345,Building/Trade Permits/Residential/Roofing,REROOF SHINGLE SLOPE 4/12,"163 DEERFIELD AVE, PORT CHARLOTTE",26.97324936578948,-82.09916686
25,2000050375,Building/Trade Permits/Residential/Mechanical,REPLACE PKG UNIT ON ROOF 2.5T 8KW,"1432 LEMON BAY DR, ENGLEWOOD",26.936882046557727,-82.34730537
25,2000050364,Building/Trade Permits/Residential/Roofing,RE-ROOF SLOPE 4.5/12,"1531 PLACIDA RD, 1, ENGLEWOOD FL 34223",,
25,2000050370,Building/Construction/Residential/Single Family,SFR  INCLUDES ROW. PLAN ALTERATION: ROOF SHEATHING NAILS,"6231 ALLOWAY ST, ENGLEWOOD",26.93905268389556,-82.28005978
25,2000050339,Building/Trade Permits/Residential/Roofing,RE-ROOF SLOPE 5/12,"5000 GASPARILLA RD, BOCA GRANDE",,
25,2000050374,Building/Construction/Residential/Single Family,SFR   INCLUDES ROW. PLAN ALTERATION: ROOF SHEATHING NAILS.,"6336 HERA ST, ENGLEWOOD",26.935859538736004,-82.27070626
25,2000050369,Building/Trade Permits/Residential/Roofing,RE-ROOF 4/12 LOW SLOPE,"9450 CASA GRANDE AVE, ENGLEWOOD",26.926815049507706,-82.29127499
25,2000050377,Building/Trade Permits/Residential/Roofing,ONE-PLEX REROOF SLOPE 1.5:12,"21315 PERCY AVE, PORT CHARLOTTE",26.99556160785482,-82.09753424
25,2000050348,Building/Trade Permits/Residential/Roofing,REPAIR ROOF/INSTALL NEW FLASHING,"6510 DULZURA ST, ENGLEWOOD",26.93135461825697,-82.29358674
25,2000050324,Building/Accessories/Residential/Garage,FOUNDATION & ERECT PIONEER METAL BUILDING   ROW NOT REQUIRED,"988 SABAL PALM LN, Punta Gorda",,
25,2000050368,Building/Trade Permits/Residential/Roofing,RE-ROOF SLOPE 4.5/12,"1531 PLACIDA RD, ENGLEWOOD",26.93516073266819,-82.33570505
25,2000050365,Building/Trade Permits/Residential/Roofing,REPAIR ROOF/REPAIR A 6'X9' TILE,"2129 MICHIGAN AVE, ENGLEWOOD",26.92091939,-82.3237762
25,2000050299,Building/Accessories/Residential/Lanai,12X60 ALUM ROOF OVER & 12X30 ALUM COMP ROOF   ORIG PERMIT 5-31-00,"14426 WOODSTOCK RD, PORT CHARLOTTE",26.967235625007135,-82.20914688
25,2000050347,Building/Trade Permits/Residential/Roofing,REROOF SHINGLE SLOPE 4/12,"2493 CUSHING DR, PORT CHARLOTTE",26.989177647868896,-81.9984359
25,2000050390,Building/Trade Permits/Residential/Roofing,SHINGLE-REROOF SLOPE 2:12,"24000 RAMPART BLVD, PORT CHARLOTTE 33980",27.002995639459886,-82.04675012
25,2000050334,Building/Trade Permits/Residential/Roofing,RE-ROOF SLOPE 5/12,"5000 GASPARILLA RD, BOCA GRANDE",,
25,2000050282,Building/Accessories/Residential/Carport,INSTALL PAN ROOF,"1311 RED OAK LN, PORT CHARLOTTE 33948",27.012067919083073,-82.12900549
25,2000050284,Building/Accessories/Residential/Carport,INSTALL PAN ROOF,"1319 RED OAK LN, PORT CHARLOTTE 33948",27.01197427599425,-82.12869269
25,2000050261,Building/Trade Permits/Residential/Roofing,TEAR OFF & REPLACE SHINGLES,"13584 DRYSDALE AVE, PORT CHARLOTTE",26.946277602754666,-82.22116096
25,2000050264,Building/Trade Permits/Residential/Roofing,RE-ROOF RUBBER MOD 2/12,"11338 FIRST AVE, PUNTA GORDA",26.866170751477632,-81.99923704
25,2000050281,Building/Accessories/Residential/Carport,INSTALL PAN ROOF,"1287 RED OAK LN, PORT CHARLOTTE 33948",27.012527560541596,-82.12940972
25,2000050283,Building/Accessories/Residential/Carport,INSTALL PAN ROOF,"1309 RED OAK LN, PORT CHARLOTTE 33948",27.01217077515999,-82.12910465
25,2000050291,Building/Accessories/Residential/Carport,20 X 21 PRE-FAB METAL CARPORT,"4472 DUNCAN RD, PUNTA GORDA 33982",26.96676897453863,-81.96873352
25,2000050238,Building/Trade Permits/Residential/Roofing,SHINGLE RE-ROOF   SLOPE:4/12,"415 NORTHVIEW ST, PORT CHARLOTTE",27.02095401238219,-82.10150149
25,2000050247,Building/Accessories/Residential/Lanai,INSTALL PAN ROOF SCREEN ENCLOSURE ON EXISTING SLAB. PLAN ALTERATION: VARIFY FOUNDATION OR ISOLATED,"5311 LEVY LN, PORT CHARLOTTE",26.951412077214687,-82.24663545
25,2000050218,Building/Trade Permits/Residential/Roofing,SHINGLE RE-ROOF,"4238 COCKRELL ST, PORT CHARLOTTE",26.96715913673198,-82.13273627
25,2000050142,Building/Accessories/Residential/Lanai,RE-ROOF WITH SINGLE PLY RUBBER MEMBRANE; ORIG ISSUE DATE 5/9/00,"6263 GREENFINCH RD, ENGLEWOOD",26.938444233058316,-82.30720525
25,2000050208,Building/Trade Permits/Residential/Roofing,SHINGLE RE-ROOF SLOPE:3/12,"8466 NIGHTHAWK DR, ENGLEWOOD",26.942163399732628,-82.30767825
25,2000050193,Building/Accessories/Residential/Lanai,SCREEN PATIO WITH SCREEN ROOF & CONCRETE DECK,"3312 OSPREY LN, PORT CHARLOTTE 33953",26.982252138159044,-82.22174076
25,2000050246,Building/Trade Permits/Residential/Roofing,SHINGLE RE-ROOF     SLOPE:4/12,"1930 POINCIANA AVE, PUNTA GORDA 33950",26.947590014234564,-82.02747352
25,2000050236,Building/Trade Permits/Residential/Roofing,SHINGLE RE-ROOF   SLOPE:4/12,"1188 SULTANA ST, PORT CHARLOTTE",27.012470143949486,-82.09278865
25,2000050240,Building/Trade Permits/Residential/Roofing,RE-ROOF SHINGLE & FLAT,"3055 EASY ST, PORT CHARLOTTE",26.986578026508294,-82.09434515
25,2000050205,Building/Trade Permits/Residential/Roofing,SHINGLE RE-ROOF   SLOPE:3/12,"1384 WALL ST, ENGLEWOOD 34223",26.937650735760876,-82.33298486
25,2000050237,Building/Trade Permits/Residential/Roofing,SHINGLE RE-ROOF   SLOPE:4/12,"269 MARK TWAIN LN, ROTONDA WEST",26.905311606832484,-82.28675846
25,2000050175,Building/Accessories/Residential/Lanai,ADD LANAI & REROOF ENTIRE HOUSE         INCLUDES ROW,"21040 PEACHLAND BLVD, PORT CHARLOTTE",27.017934852221824,-82.10590365
25,2000050239,Building/Trade Permits/Residential/Roofing,RE-ROOF FLAT ROOF,"1700 HAYWORTH RD, PORT CHARLOTTE",26.999935139218348,-82.07838435
25,2000050225,Building/Construction/Residential/Single Family,SFR ROW REQUIRED. PLAN ALTERATION: ADDED TO SIDE OF GARAGE.ROOF,"811 BOUNDARY BLVD, ROTONDA WEST",26.900177110420284,-82.24845062
25,2000050233,Building/Trade Permits/Residential/Roofing,RE-ROOF REAR MAIN ROOF ONE PLY,"21378 MEEHAN AVE, PORT CHARLOTTE",26.99816511614428,-82.09558104
25,2000050207,Building/Trade Permits/Residential/Roofing,SHINGLE RE-ROOF   SLOPE:4/12,"3401 PEPPERWOOD LN, ENGLEWOOD",26.88015360289813,-82.29888909
25,2000050188,Building/Trade Permits/Residential/Roofing,PARTIAL ROOF REPLACEMENT METAL ROOF,"21275 OLEAN BLVD, PORT CHARLOTTE",26.98726469902624,-82.09823606
25,2000050075,Building/Trade Permits/Residential/Roofing,SHINGLE OVER SHINGLE APPROX. 18 SQUARES,"27436 SAN MARINO DR, PUNTA GORDA FL 33983",26.987010881762163,-81.99539186
25,2000050122,Building/Accessories/Residential/Cage,REPAIR POOL ENCLOSURE/ REPLACE ALUM PAN ROOF. PLAN ALTERATION: CHANGE PAN ROOF TO COMPOSITE P,"142 ROTONDA CIR, ROTONDA WEST",26.886997174221946,-82.29489897
25,2000050083,Building/Trade Permits/Residential/Roofing,REMOVE SHINGLE ROOF & INSTALL NEW 5-U CRIMP METAL,"10 BALDUR DR, PORT CHARLOTTE",27.032079635775066,-82.10752869
25,2000050088,Building/Trade Permits/Residential/Roofing,SHINGLE RE-ROOF   SLOPE:4/12,"13569 ISABELL AVE, PORT CHARLOTTE",26.940889224170526,-82.22213749
25,2000050076,Building/Trade Permits/Residential/Roofing,TEAR OFF SHINGLE INSTALL NEW SHINGLES,"2418 PRAGUE LN, PORT CHARLOTTE",26.99093238279343,-82.01136224
25,2000050080,Building/Trade Permits/Residential/Roofing,RE-ROOF SHINGLE SLOPE 4/12,"3133 CROWDER ST, PORT CHARLOTTE",26.984418819571676,-82.06756595
25,2000050063,Building/Trade Permits/Residential/Roofing,RESEAL FLAT ROOF PERIMETER LESS THAN ONE SQUARE REPAIR,"4414 MUNDELLA CIR, PORT CHARLOTTE",26.96706567511632,-82.13725284
25,2000050049,Building/Trade Permits/Residential/Roofing,TEAR OFF & RESHINGLE & TORCH RUBBER,"1286 HILLCREST AVE, PORT CHARLOTTE 33948",27.005567414140877,-82.13782493
25,2000050019,Building/Trade Permits/Residential/Roofing,REROOF SHINGLE SLOPE 3:12,"2129 IVY ST, PORT CHARLOTTE",26.999645319535496,-82.11687476
25,2000050041,Building/Trade Permits/Residential/Roofing,"REMOVE & REPLACE TILE, REMOVE TAR & GRAVEL & APPLY GAF RUBEROID","1285 HOLIDAY DR, ENGLEWOOD",26.914892261680272,-82.35286714
25,2000050033,Building/Trade Permits/Residential/Roofing,RE-ROOF TILE GO BACK TO SHINGLE   SLOPE:4/12,"2284 BROAD RANCH DR, PORT CHARLOTTE",26.99657051,-82.12500758
25,2000050020,Building/Trade Permits/Residential/Roofing,REROOF-SHINGLE SLOPE  5:12,"744 RED BAY ST, PORT CHARLOTTE",26.990997328672712,-82.13443761
25,2000050002,Building/Trade Permits/Residential/Roofing,SHINGLE OVER SHINGLE   SLOPE:4/12,"18403 EVENGLOW AVE, PORT CHARLOTTE",26.993734225999606,-82.14366917
25,2000050037,Building/Trade Permits/Residential/Roofing,REROOF SINGLE PLY MEMEBRANE,"10101 BURNT STORE RD, PUNTA GORDA 33955",26.88339344565352,-82.02358759
25,2000050040,Building/Trade Permits/Residential/Roofing,REPAIR ROOF/REPLACE BROKEN TILES,"9278 GULFSTREAM BLVD, ENGLEWOOD",26.931238072363865,-82.30150607
24,2001051898,Building/Trade Permits/Residential/Roofing,RE ROOF WITH SHINGLES SLOPE 4/12,"168 DARTMOUTH DR, PORT CHARLOTTE",26.97612952889791,-82.10247806
24,2001051937,Building/Trade Permits/Residential/Roofing,RE-ROOF SHINGLE TO SHINGLE - 4/12 SLOPE,"1055 ARDEN TER, PORT CHARLOTTE",26.999671975429692,-82.13082118
24,2001051941,Building/Trade Permits/Residential/Roofing,REPAIR FIRE DAMAGE SHINGLE RE-ROOF 4/12 SLOPE,"7338 CASTLEBERRY TER, ENGLEWOOD",26.922132390067464,-82.29874413
24,2001051928,Building/Trade Permits/Residential/Roofing,SHINGLE RE-ROOF   4:12 SLOPE,"1189 GREAT FALLS AVE, PORT CHARLOTTE",,
24,2001051902,Building/Accessories/Residential/Lanai,ADD ROOF OVER EXIST SLAB    X REF  ROOF  2001070210,"264 EAST TARPON BLVD, PORT CHARLOTTE",26.977325551766086,-82.11612702
24,2001051934,Building/Trade Permits/Residential/Roofing,RE-ROOF SHINGLE TO SHINGLE 2/12 SLOPE,"185 FERRIS DR, PORT CHARLOTTE",26.982498166083495,-82.10778044
24,2001051758,Building/Trade Permits/Residential/Roofing,RE-ROOF SHINGLE - 4/12 SLOPE,"3457 FAITH ST, PORT CHARLOTTE",26.97570028144514,-82.08457188
24,2001051801,Building/Trade Permits/Residential/Roofing,RE-ROOF SHINGLE SLOPE 4:12,"2167 BENDWAY DR, PORT CHARLOTTE",26.998731488936357,-82.15565485
24,2001051762,Building/Trade Permits/Residential/Roofing,SHINGLE RE-ROOF               SLOPE:4/12,"10059 BAY AVE, ENGLEWOOD",26.92585175,-82.28664392
24,2001051759,Building/Trade Permits/Residential/Roofing,RE-ROOF SHINGLE - 2/12 SLOPE,"271 DALTON BLVD, PORT CHARLOTTE",26.972623867594262,-82.0893402
24,2001051745,Building/Accessories/Residential/Lanai,TEAR DOWN OLD CAGE REBUILD WITH ELEITE ROOF & ADD TO DECK. PLAN ALTERATION: P/C REVISIONS,"286 SEVERIN RD, PORT CHARLOTTE",26.959327669022226,-82.08778381
24,2001051779,Building/Trade Permits/Residential/Roofing,RE-ROOF SHINGLES 4/12 SLOPE,"3123 DAVID ST, PUNTA GORDA",26.987579435949893,-81.93727109
24,2001051812,Building/Construction/Residential/Addition,"12X24 LEVEL SLAB, EXTEND SHED TO REAR 6',INSTALL GLASS RM 12X12, 26X13 ALUM PAN A FRAME ROOF","1332 SANDERLING DR, ENGLEWOOD",26.941675270186565,-82.31251527
24,2001051699,Building/Construction/Residential/Addition,"STORAGE, LIVING, DINING & FAMILY ROOMS & LANAI W' ELITE ROOF","6107 GRANDEUR ST, ENGLEWOOD",26.94239238908812,-82.26934818
24,2001051723,Building/Accessories/Residential/Lanai,LOT 110    ALUM PAN ROOF/CONCRETE SLB/VS GABLE END/SCREEN WALLS/ EXISTING SLAB. PLAN ALTERATION: MANY CHANGES USE NEW PLAN,"15550 BURNT STORE RD, PUNTA GORDA",26.800111665551228,-82.03461822
24,2001051714,Building/Accessories/Residential/Cage,MANSARD CAGE/COMPOSITE ROOF ON EXISTING SLAB (X-REF 2001040933). PLAN ALTERATION: P/C BEAM SIZEENGINEERING,"2152 CLERMONT ST, PORT CHARLOTTE",26.998987262541576,-82.11451718
24,2001051734,Building/Trade Permits/Residential/Roofing,SHINGLE RE-ROOF             SLOPE:4/12,"9214 BENSONHURST LN, ENGLEWOOD",26.924242017771682,-82.29905695
24,2001051733,Building/Trade Permits/Residential/Roofing,TEAR OFF ROCK REPLACING W/ METAL SLOPE 3:12,"8284 OSPREY RD, ENGLEWOOD",26.900289492197437,-82.31227103
24,2001051658,Building/Trade Permits/Residential/Roofing,RE ROOF MODIFIED SLOPE 2/12,"155 POINSETTIA CIR, PORT CHARLOTTE",26.96841803528659,-82.09483334
24,2001051672,Building/Trade Permits/Residential/Roofing,TEAR OFF/RE-ROOF/ SHINGLE & ONE PLY/ 4/12 & 1/12 SLOPE,"3542 ROCK CREEK DR, PORT CHARLOTTE",26.974020106992747,-82.13524628
24,2001051660,Building/Trade Permits/Residential/Roofing,RE-ROOF SHINGLES,"3920 BARNEGAT DR, PUNTA GORDA",26.903501421184973,-82.03691096
24,2001051725,Building/Accessories/Residential/Lanai,ALUM ROOF/ SCREEN ROOM/ NEW CONCRETE SLAB W/FOOTERS ROW REQUIRED,"18275 CORTLAND AVE, PORT CHARLOTTE",26.99953272388893,-82.1475906
24,2001051701,Building/Accessories/Residential/Lanai,ALUM ROOF  OVER NO GAS VENT,"21033 EVANSTON AVE, PORT CHARLOTTE",27.011594743933134,-82.1058807
24,2001051691,Building/Trade Permits/Residential/Roofing,RE-ROOF SHINGLES  5/12,"218 SEASONS DR, PORT CHARLOTTE",27.025773909841188,-82.00736242
24,2001051661,Building/Trade Permits/Residential/Roofing,REPLACE LEFT REAR SHINGLE ROOF  4/12,"21232 WYNYARD AVE, PORT CHARLOTTE",27.02444638178123,-82.09983061
24,2001051682,Building/Trade Permits/Residential/Roofing,RE-ROOF/ FIBERGLASS SHINGLES/ 3/12 & 4/12 SLOPES,"12118 CHANCELLOR BLVD, PORT CHARLOTTE",27.03248788829079,-82.25206764
24,2001051637,Building/Trade Permits/Residential/Roofing,PARTIAL RE-ROOF REFER# 2001051144 SHINGLE SLOPE 4/12,"7399 CASTLEBERRY TER, ENGLEWOOD",26.921731814923163,-82.30023953
24,2001051589,Building/Trade Permits/Residential/Roofing,SHINGLE OVER SHINGLE,"25317 PALISADE RD, PORT CHARLOTTE",27.015865351725694,-82.03163903
24,2001051565,Building/Trade Permits/Residential/Roofing,TEAR OFF/RE-ROOF/ SHINGLE/ 3/12 SLOPE,"264 EAST TARPON BLVD, PORT CHARLOTTE",26.977325551766086,-82.11612702
24,2001051554,Building/Trade Permits/Residential/Roofing,TEAR OFF/RE-ROOF/SHINGLE/ 4/12 SLOPE,"21192 BIRWOOD AVE, PORT CHARLOTTE",27.021993713520732,-82.10099792
24,2001051591,Building/Trade Permits/Residential/Roofing,TEAR OFF/ RE-ROOF/ SHINGLE/ 2.5/12 SLOPE,"655 CLEMENS AVE, PUNTA GORDA",26.934196499655986,-82.03766627
24,2001051578,Building/Construction/Residential/Miscellaneous,COVER FRONT PORCH W/ ROOF,"5647 JOSLYN TER, PORT CHARLOTTE",26.945466907449585,-82.23583987
24,2001051556,Building/Trade Permits/Residential/Roofing,TEAR OFF/ RE-ROOF/SHINGLE/4/12 SLOPE & FLAT SINGLE PLY,"3518 YUKON DR, PORT CHARLOTTE",26.974678084508973,-82.13703919
24,2001051587,Building/Trade Permits/Residential/Roofing,RE-ROOF SHINGLES - 4 1 1/2 SLOPE,"21052 KEARNEY AVE, PORT CHARLOTTE",27.004756932262364,-82.10533899
24,2001051590,Building/Trade Permits/Residential/Roofing,TEAR OFF/RE-ROOF/ METAL/ 3.5/12 SLOPE,"3711 PALM DR, PUNTA GORDA",26.904838455762565,-82.04867556
24,2001051555,Building/Trade Permits/Residential/Roofing,TEAR OFF/ RE-ROOF/SHINGLE/ 4/12 SLOPE,"20423 HILLSBOROUGH BLVD, PORT CHARLOTTE",27.032150368771525,-82.10980225
24,2001051585,Building/Trade Permits/Residential/Roofing,"RE-ROOF, SHINGLES 4 1 1/2 SLOPE","4138 CORN ST, PORT CHARLOTTE",26.96983722253547,-82.13209538
24,2001051604,Building/Trade Permits/Residential/Roofing,TEAR OFF & RESHINGLE ROOF SLOPE 4/12   ORIG 5-25-01  RENEW 3-21-02,"6191 GEWANT BLVD, PUNTA GORDA",26.94102867941713,-81.96601865
24,2001051583,Building/Trade Permits/Residential/Roofing,RE-ROOF SHINGLE - 4 1 1/2 SLOPE,"781 SIDNEY TER, PORT CHARLOTTE",26.991557965427013,-82.12437441
24,2001051588,Building/Trade Permits/Residential/Roofing,RE-ROOF SHINGLES - 2/12 SLOPE,"3513 CONEY ISLAND ST, PORT CHARLOTTE",26.97417833607238,-82.08365627
24,2001051638,Building/Accessories/Residential/Lanai,ADD SCREEN ROOM W/ SOLID ROOF ROW REQUIRED/XREF ROOF 2001070111,"1544 KOLENDA ST, PORT CHARLOTTE",27.002754332662427,-82.09840397
24,2001051549,Building/Trade Permits/Residential/Roofing,TEAR OFF/RE-ROOF/ SHNGLE/4/12 SLOPE,"2386 QUIRT LN, PUNTA GORDA FL 33983",26.99136532,-82.02289583
24,2001051551,Building/Trade Permits/Residential/Roofing,TEAR OFF/RE-ROOF/SHINGLE/4/12 SLOPE,"25295 CAYCE CT, PORT CHARLOTTE",27.00991059885763,-82.03245546
24,2001051550,Building/Trade Permits/Residential/Roofing,TEAR OFF/RE-ROOF/SHINGLE/4/12 SLOPE,"26541 VALPARAISO DR, PORT CHARLOTTE",27.030277264246493,-82.00875085
24,2001051489,Building/Trade Permits/Residential/Roofing,RE-ROOF SHINGLE 4/12 SLOPE,"25388 PANACHE LN, PORT CHARLOTTE",27.00390256086912,-82.02928167
24,2001051485,Building/Trade Permits/Residential/Roofing,TEAR OFF REPLACE W/SHINGLES,"18311 KERRVILLE CIR, PORT CHARLOTTE",26.956262669830373,-82.15052028
24,2001051521,Building/Trade Permits/Residential/Roofing,"REMOVE SHINGLES APPLY GAF TIMBERLINE, REMOVE TAR & GRAVEL APPLY GAF RUBEROID       SLOPE:3/12","1690 LORALIN DR, ENGLEWOOD",26.941255457645845,-82.3396606
24,2001051435,Building/Accessories/Residential/Lanai,INSTALLING SCREEN WALLS UNDER EXISTING ROOF  LOT #40   ORIG PERMIT 5/23/01,"25163 MARION AVE, PUNTA GORDA",26.94114218991704,-82.03416972
24,2001051411,Building/Accessories/Residential/Lanai,NEW ROOF EXTENSION W/ ISOLOTED FOOTER,"2840 WAXWING LN, ENGLEWOOD",26.937391398931386,-82.3116837
24,2001051384,Building/Construction/Residential/Remodel,"REMODEL INSIDE & OUTSIDE   X-REF QR #2001030420/2001030421 (EXT ELEVATOR,SIDING,ROOF,5' DECK)","2041 PANAMA BLVD, ENGLEWOOD",26.87194832314898,-82.31163018
24,2001051320,Building/Trade Permits/Residential/Roofing,SHINGLE ROOF OVER    SLOPE:5/12,"3 PEBBLE BEACH RD, ROTONDA WEST",26.896204045713837,-82.28010566
24,2001051346,Building/Trade Permits/Residential/Roofing,SHINGLE OVER SHINGLE,"401 SAN MARIE DR, PUNTA GORDA",26.92302143979301,-82.04245751
24,2001051338,Building/Accessories/Residential/Lanai,"ALUM FRAME, COMPOSITE ROOF (TIE INTO SHINGLE) SCREEN ROOM       INCLUDES ROW","1161 NORTH LN, ENGLEWOOD",26.87152679372533,-82.26840214
24,2001051302,Building/Trade Permits/Residential/Roofing,RE-ROOF TILE TO SHINGLE,"186 DEERFIELD AVE, PORT CHARLOTTE",26.97493948388303,-82.09904477
24,2001051354,Building/Accessories/Residential/Door,"INSTALL METAL 3'6""DOUBLE PRE HUNG UNIT, BLOCK & FRAME OPENING","7451 GOLF COURSE BLVD, PUNTA GORDA",26.918224716725625,-82.00246254
24,2001051314,Building/Trade Permits/Residential/Roofing,SHINGLE ROOF OVER          SLOPE:4/12,"46 BUNKER CT, ROTONDA WEST",26.89526940570283,-82.29013063
24,2001051315,Building/Trade Permits/Residential/Roofing,SHINGLE ROOF OVER    SLOPE:4/12,"10121 EDMONTON AVE, ENGLEWOOD",26.943630088777798,-82.28468326
24,2001051318,Building/Trade Permits/Residential/Roofing,SHINGLE ROOF OVER        SLOPE:4/12,"7210 DEEGAN ST, ENGLEWOOD",26.92497437172811,-82.2911529
24,2001051309,Building/Trade Permits/Residential/Roofing,REMOVE SHINGLE & RUBBER FLAT AND REPLACE 4/12 SLOPE,"244 CHAMBER ST, PORT CHARLOTTE",26.977119498936982,-82.130188
24,2001051253,Building/Accessories/Residential/Lanai,ROOF OVER FLORIDA ROOM AND HOME   LOT 39,"6233 FALCON DR, ENGLEWOOD",26.939323344876346,-82.30539704
24,2001051248,Building/Accessories/Residential/Carport,LOT 5         12X12.5 & 4X15.5 FREE STANDING ROOFS,"35711 WASHINGTON LOOP RD, RV-5, PUNTA GORDA FL 33982",26.972591356308257,-81.89349365
24,2001051269,Building/Trade Permits/Residential/Roofing,REC CENTER      TEAR OFF/ RE-ROOF / SHINGLE & SINGLE PLY/ 4/12 SLOPE & FLAT,"6615 COLISEUM BLVD, PORT CHARLOTTE",26.93460808703851,-82.22718032
24,2001051251,Building/Accessories/Residential/Lanai,RE-ROOF OVER FLORIDA ROOM AND HOME  LOT 10,"2761 GREBE LN, ENGLEWOOD",26.94019876329831,-82.31441495
24,2001051229,Building/Trade Permits/Residential/Roofing,FASTEN TAPERED INSULATION-INSTALL MODIFIED BASE SHEET INSTALL APP MODIDIED NEW METAL EDGE FLASHING R,"2101 TAYLOR RD, PUNTA GORDA",26.919221967238858,-82.03630064
24,2001051249,Building/Trade Permits/Residential/Roofing,SHINGLE OVER SHINGLE [ REPAIR SOME LEAKS ],"3245 TAMIAMI TER, PORT CHARLOTTE",26.982829130177933,-82.10114576
24,2001051212,Building/Trade Permits/Residential/Roofing,TEAR OFF & RE-SHINGLE,"27475 GREEN GULF BLVD, PUNTA GORDA",26.85783947638907,-81.99117283
24,2001051272,Building/Trade Permits/Residential/Roofing,RE-ROOF/ TILE OVER EXISTING,"2980 N BEACH RD, ENGLEWOOD",26.937936795297077,-82.36847689
24,2001051239,Building/Trade Permits/Residential/Roofing,RE-ROOF,"3220 JESSICA TER, PORT CHARLOTTE",26.982873894695466,-82.16987609
24,2001051224,Building/Trade Permits/Residential/Roofing,RE ROOF TILE TO SHINGLE SLOPE 3/12,"152 REVERE ST, PORT CHARLOTTE",26.982694664824727,-82.1018295
24,2001051221,Building/Trade Permits/Residential/Roofing,RE-ROOF/ MODOFIED/. 1.5/12 SLOPE,"21977 BELINDA AVE, PORT CHARLOTTE",26.990791420899182,-82.08976745
24,2001051216,Building/Trade Permits/Residential/Roofing,RE ROOF SHINGLES OFF 1 ON SLOPE 4/12,"1349 EAGLE ST, PORT CHARLOTTE",27.007659919917174,-82.11135869
24,2001051232,Building/Trade Permits/Residential/Roofing,"REMOVE EXIST SHINGLE ROOF, INSTALL 5V CRIMP METAL  4/12","24288 TREASURE ISLAND BLVD, PUNTA GORDA",26.80237577216976,-82.04647065
24,2001051200,Building/Trade Permits/Residential/Roofing,RE-ROOF SHINGLES  4/12,"25100 SANDHILL BLVD, PORT CHARLOTTE",27.017560740851035,-82.03705864
24,2001051201,Building/Trade Permits/Residential/Roofing,RE-ROOF SHINGLE 4/12,"25100 SANDHILL BLVD, PORT CHARLOTTE",27.017560740851035,-82.03705864
24,2001051170,Building/Trade Permits/Residential/Roofing,TEAR OFF/ REPLACE/ SHINGLES/ 4/12,"124 LELAND ST, PORT CHARLOTTE",26.965988135716234,-82.10061646
24,2001051133,Building/Trade Permits/Residential/Roofing,RE-ROOF MODIFIED RUBBER 2/12 SLOPE,"3028 KEY LN, PORT CHARLOTTE",26.987312341044948,-82.08891293
24,2001051107,Building/Trade Permits/Residential/Roofing,RE ROOF SHINGLE SLOPE 4/12,"2482 COLOGNE LN, PORT CHARLOTTE",26.989078407946092,-82.01218408
24,2001051205,Building/Accessories/Residential/Lanai,INSTALL PAN ROOF SCREEN ENCLOSURE ON EXISTING SLAB,"3132 JENNINGS BLVD, PORT CHARLOTTE",26.985656837488595,-82.25502013
24,2001051145,Building/Trade Permits/Residential/Roofing,RE-ROOF  5/12,"7338 THOMAS ST, ENGLEWOOD FL 34224",26.92171473695204,-82.29791253
24,2001051150,Building/Trade Permits/Residential/Roofing,SHINGLE RE-ROOF    SLOPE:5/12,"10190 WINSTEAD AVE, ENGLEWOOD",26.931022605159587,-82.28255464
24,2001051134,Building/Trade Permits/Residential/Roofing,RE ROOF SHINGLE & RE ROOF MODIFIED,"22293 ADORN AVE, PORT CHARLOTTE",27.008283684315824,-82.08145903
24,2001051177,Building/Trade Permits/Residential/Roofing,SHINGLE REROOF SLOPE 5/12,"25407 RANCAGUA DR, PORT CHARLOTTE",27.027349525563228,-82.02861787
24,2001051158,Building/Trade Permits/Residential/Roofing,SHINGLE REROOF SLOPE 4:12,"29085 CLARK DR, PUNTA GORDA",26.89846266377855,-81.97085317
24,2001051114,Building/Trade Permits/Residential/Roofing,RE ROOF SHINGLES SLOPE 4/12,"18620 LAKE WORTH BLVD, PORT CHARLOTTE",26.966672858255095,-82.13660425
24,2001051152,Building/Trade Permits/Residential/Roofing,SHINGLE RE-ROOF   SLOPE: 3/12,"6192 IVORYBILL DR, ENGLEWOOD",26.940732826124584,-82.30665585
24,2001051144,Building/Trade Permits/Residential/Roofing,PARTIAL RE-ROOF  4/12,"7399 CASTLEBERRY TER, ENGLEWOOD",26.921731814923163,-82.30023953
24,2001051197,Building/Trade Permits/Residential/Roofing,RE-ROOF SHINGLE 4/12,"25100 SANDHILL BLVD, PORT CHARLOTTE",27.017560740851035,-82.03705864
24,2001051163,Building/Trade Permits/Residential/Roofing,SHINGLE MODIFIED REROOF SLOPE 4:12,"137 LELAND ST, PORT CHARLOTTE",26.964998284175827,-82.0996247
24,2001051151,Building/Trade Permits/Residential/Roofing,SHINGLE RE-ROOF   SLOPE:3/12,"1289 BLUE HERON DR, ENGLEWOOD",26.945030299026627,-82.31324002
24,2001051136,Building/Trade Permits/Residential/Roofing,RE ROOF SHINGLES SLOPE 5/12,"2270 NUREMBERG BLVD, PORT CHARLOTTE",26.99558068516164,-82.02365878
24,2001051198,Building/Trade Permits/Residential/Roofing,RE-ROOF SHINGLE  4/12,"25100 SANDHILL BLVD, PORT CHARLOTTE",27.017560740851035,-82.03705864
24,2001051169,Building/Trade Permits/Residential/Roofing,TEAR OFF/ RE-ROOF/SHINGLE/ 4/12 SLOPE,"1166 WATERSIDE ST, PORT CHARLOTTE",27.013067160836638,-82.09501643
24,2001051051,Building/Trade Permits/Residential/Roofing,RE-ROOF SHINGLES  5/12,"21339 KNOLLWOOD AVE, PORT CHARLOTTE",27.013973206240088,-82.09650417
24,2001051034,Building/Trade Permits/Residential/Roofing,RE ROOF MODIFIED FLAT ROOF,"128 CONCORD DR, PORT CHARLOTTE",26.97455785091176,-82.09664147
24,2001051025,Building/Trade Permits/Residential/Roofing,SHINGLE REROOF,"2700 BEACH RD, ENGLEWOOD 34223",26.932417282748307,-82.36538877
24,2001051035,Building/Trade Permits/Residential/Roofing,REROOF MODIFIED ROOF SLOPE 1/12,"21905 FELTON AVE, PORT CHARLOTTE",26.988618809457908,-82.08932496
24,2001051068,Building/Trade Permits/Residential/Roofing,RE ROOF GRAVEL SLOPE3/12,"2158 STARLITE LN, PORT CHARLOTTE",26.998043010500272,-82.08451082
24,2001051036,Building/Trade Permits/Residential/Roofing,RE ROOF SHINGLE & MODIFIED SLOPE 4/12 & FLAT,"21216 GAYLORD AVE, PORT CHARLOTTE",27.022815583033744,-82.1002274
24,2001051027,Building/Trade Permits/Residential/Roofing,SHINGLE REROOF,"2700 BEACH RD, ENGLEWOOD 34223",26.932417282748307,-82.36538877
24,2001050947,Building/Trade Permits/Residential/Roofing,TEAR OFF GRAVEL ROOF/REPLACE WITH ALOWPLAN/17/2/12 SLOPE,"510 PALMETTO DR, PORT CHARLOTTE",26.97022245262655,-82.09290319
24,2001051002,Building/Trade Permits/Residential/Roofing,RE ROOF SHINGLE SLOPE 4/12,"18874 AYRSHIRE CIR, PORT CHARLOTTE",26.95431324917278,-82.13656621
24,2001050960,Building/Trade Permits/Residential/Roofing,REROOF SHINGLE SLOPE 4:12,"19596 CAROB CT, PORT CHARLOTTE",27.012697232172695,-82.12358097
24,2001051000,Building/Trade Permits/Residential/Roofing,RE ROOF SHINGLE  SLOPE 4/12,"4446 EWING CIR, PORT CHARLOTTE",26.962757200795416,-82.13452147
24,2001050943,Building/Accessories/Residential/Lanai,"LOT 155,    REROOF MEMBRANE ROOF OVER ONLY","29200 JONES LOOP RD, PUNTA GORDA",26.877499466515914,-81.99328296
24,2001051001,Building/Trade Permits/Residential/Roofing,RE ROOF SHINGLE SLOPE 4/12,"874 CALVERT AVE, PORT CHARLOTTE",26.984338677939636,-82.12877662
24,2001050954,Building/Trade Permits/Residential/Roofing,RE-ROOF 5/12 SLOPE,"919 JARVIS TER, PORT CHARLOTTE FL 33948",26.997306757425033,-82.13761147
24,2001050999,Building/Trade Permits/Residential/Roofing,RE ROOF SHINGLE & FLA,"6850 CLEVELAND DR, PUNTA GORDA",26.95658695529218,-81.97813413
24,2001050949,Building/Trade Permits/Residential/Roofing,COMPLETE RE-ROOF SHINGLE 5/12 DIMENSIONAL,"27356 ADDINGTON PL, PORT CHARLOTTE",26.99119962974128,-81.99741359
24,2001050963,Building/Trade Permits/Residential/Roofing,TEAR OFF/ RE-ROOF/ SHINGLE/4/12 SLOPE,"3335 STEADMAN ST, PORT CHARLOTTE",26.978853233409946,-82.07308196
24,2001050915,Building/Trade Permits/Residential/Roofing,REROOF SHINGLE & FLAT SLOPE 4:12,"1195 TALBOT ST, PORT CHARLOTTE",27.01221650565207,-82.07803341
24,2001050869,Building/Accessories/Residential/Lanai,PAN ROOF & SCRREN ROOM OVER NEW CONCRETE ROW REQUIRED,"29204 HILLOCK ST, PUNTA GORDA",27.02017596868003,-81.96877294
24,2001050863,Building/Trade Permits/Residential/Roofing,TEAR OFF/ RE-ROOF/GRANULAR SURFACE MODIFIED,"14369 PAMBAR AVE, PORT CHARLOTTE",26.964861010038096,-82.21057894
24,2001050913,Building/Trade Permits/Residential/Roofing,SHINGLE REROOF SLOPE 4:12,"3361 PELLAM BLVD, PORT CHARLOTTE",26.97874441874478,-82.14127352
24,2001050911,Building/Trade Permits/Residential/Roofing,REROOF SHINGLE SLOPE 4:12,"125 CONCORD DR, PORT CHARLOTTE",26.97406957723544,-82.09711449
24,2001050836,Building/Trade Permits/Residential/Roofing,REROOF SHINGLE SLOPE 4:12,"5041 CHAVES CIR, PORT CHARLOTTE",26.956983444090426,-82.13911444
24,2001050872,Building/Trade Permits/Residential/Roofing,ROOF-VOER W'GAF 40 YR SHINGLES 5/12,"2516 KLASS TER, PORT CHARLOTTE",26.989568821871718,-82.24710852
24,2001050894,Building/Trade Permits/Residential/Roofing,RE-ROOF FLAT ROOF,"13441 MURIEL AVE, PORT CHARLOTTE",26.934625548612868,-82.22583767
24,2001050874,Building/Trade Permits/Residential/Roofing,"TEAR OFF SHINGLE, APPLY GAF TIMBERLINE   5/12","10075 BENTLEY AVE, ENGLEWOOD",26.92830098728171,-82.28611755
24,2001050912,Building/Trade Permits/Residential/Roofing,SHINGLE OVER EXISTING SHINGLE SLOPE 4:12,"23248 ABERDEEN AVE, PORT CHARLOTTE",27.013629883538886,-82.06640631
24,2001050769,Building/Trade Permits/Residential/Roofing,"LOT #602,    RE-ROOF/SINGLE PLY/2/12 SLOPE","2100 KINGS HWY, PORT CHARLOTTE",26.999233302768417,-82.05657329
24,2001050749,Building/Trade Permits/Residential/Roofing,SHINGLE OVER SHINGLE/ 4/12 SLOPE,"21064 ALPINE AVE, PORT CHARLOTTE",27.011245749007216,-82.10488892
24,2001050801,Building/Trade Permits/Residential/Roofing,"REPLACE CARPORT FLAT ROOF WITH ONE-PLY, RE-ROOF RT, SIDE TILE ROOF WITH SHINGLES 3:12 & FLAT SLOPE","155 CHELSEA CT, PORT CHARLOTTE",26.975647050609727,-82.10501094
24,2001050818,Building/Trade Permits/Residential/Roofing,SHINGLE & FLAT RE ROOF SLOPE 3 1/2: 12,"20258 MT PROSPECT AVE, PORT CHARLOTTE",27.01473434,-82.11574553
24,2001050779,Building/Trade Permits/Residential/Roofing,REROOF BUILT UP GO BACK MODIFIED SLOPE 1:12,"21463 KENYON AVE, PORT CHARLOTTE",26.9869498,-82.09259801
24,2001050799,Building/Trade Permits/Residential/Roofing,ONE PLY RE-ROOF  1 1/4:12 SLOPE,"22250 BELINDA AVE, PORT CHARLOTTE",26.996103240420833,-82.08425906
24,2001050768,Building/Trade Permits/Residential/Roofing,RE ROOF REPLACE WITH SHINGLES SLOPE 3/12,"2135 CARPETGREEN ST, PORT CHARLOTTE",26.99961094318683,-82.14145654
24,2001050772,Building/Trade Permits/Residential/Roofing,SHINGLE RE-ROOF    SLOPE:4/12,"7447 QUARRY ST, ENGLEWOOD",26.91864972210687,-82.28085326
24,2001050816,Building/Trade Permits/Residential/Roofing,SHINGLE & FLAT RE ROOF SLOPE 1/2:12 & 3:12,"3097 MANCINI TER, PORT CHARLOTTE",26.985505918812628,-82.00306701
24,2001050740,Building/Trade Permits/Residential/Roofing,RE-ROOF 5/12 & FLAT,"19614 MIDWAY BLVD, PORT CHARLOTTE",26.979272754182198,-82.13129419
24,2001050730,Building/Accessories/Residential/Cage,BUILD & INSTALL MANSARD ROOF POOL CAGE,"18627 GOODMAN CIR, PORT CHARLOTTE",26.96368023110653,-82.14071662
24,2001050733,Building/Trade Permits/Residential/Roofing,TEAR OFF/RE-ROOF W/FLATDECK/SHINGLES & GRAVEL / 2/12 SLOPE,"133 SMALL ST, PORT CHARLOTTE",26.962846825394816,-82.08681487
24,2001050725,Building/Trade Permits/Residential/Roofing,RE-ROOF SHINGLES & RE-ROOF MODIFIED  4/12 & FLAT,"2681 TAMIAMI TER, PORT CHARLOTTE",26.99095525293453,-82.11260223
24,2001050640,Building/Accessories/Residential/Lanai,REROOF MEMBRANE,"6138 REDWING AVE, ENGLEWOOD",26.942222561654752,-82.31066901
24,2001050639,Building/Trade Permits/Residential/Mechanical,REPLACE ALL ROOF TOP CONDENSER UNITS (24)   12-2.5T AND 12-5T AT GRANDE MANOR,"5000 GASPARILLA RD, BOCA GRANDE",,
24,2001050652,Building/Trade Permits/Residential/Roofing,TEAR OFF/ RE-ROOF/ SHINGLE/ 5/12 SLOPE,"2219 KENYA LN, PORT CHARLOTTE",26.996957784998884,-82.01899715
24,2001050628,Building/Accessories/Residential/Lanai,ALUMINUM ROOF OVER MOBILE HOME ONLY LOT 186,"17100 TAMIAMI TER, PUNTA GORDA",26.770266831687888,-81.9278654
24,2001050668,Building/Trade Permits/Residential/Roofing,SHINGLE RE-ROOF            SLOPE:5/12,"1041 SCHOONER DR, ENGLEWOOD",26.929441448246237,-82.33125951
24,2001050667,Building/Accessories/Residential/Lanai,RE-ROOF MEMBRANE #205,"4300 RIVERSIDE DR, PUNTA GORDA",26.949030157534263,-82.00730816
24,2001050629,Building/Accessories/Residential/Lanai,ALUMINUM ROOF OVER MOBILE HOME,"2600 CINDY AVE, PUNTA GORDA",26.934747559824945,-82.02199556
24,2001050664,Building/Accessories/Residential/Lanai,RE-ROOF MEMBRANE,"17100 TAMIAMI TRL, 119, PUNTA GORDA FL 33955",26.772722375645948,-81.93361657
24,2001050644,Building/Accessories/Residential/Cage,POOL ENCLOSURE W'PARTIAL PAN ROOF  ORIG ISSUED 6-11-01  RENEW 4-29-02,"21240 QUESADA AVE, PORT CHARLOTTE",27.01036461827207,-82.0994721
24,2001050606,Building/Trade Permits/Residential/Roofing,TEAR OFF OLD GRAVEL ROOF AND INSTALL SINGLE PLY 1/12 SLOPE,"201 MARTIN DR, PORT CHARLOTTE",26.975358860673996,-82.09158323
24,2001050631,Building/Trade Permits/Residential/Roofing,TEAR OFF/RE-ROOF/SHINGLE/4/12 SLOPE,"5527 PAPAYA DR, PUNTA GORDA",26.94301978929725,-81.99059297
24,2001050627,Building/Accessories/Residential/Lanai,ALUMINUM ROOF OVER MOBILE HOMELOT #27,"15333 CIRCLE DR, PUNTA GORDA",26.809011360516177,-81.95339195
24,2001050651,Building/Trade Permits/Residential/Roofing,TEAR OFF/RE-ROOF/SHINGLE/PITCH & GRAVEL/ 2/12 SLOPE,"21447 KENYON AVE, PORT CHARLOTTE",26.986953722522035,-82.09306334
24,2001050575,Building/Trade Permits/Residential/Roofing,RE-ROOF/SHINGLE OVER SHINGLE/ 5/12 SLOPE,"182 BOUNDARY BLVD, ROTONDA WEST",26.890470267960374,-82.29680884
24,2001050572,Building/Trade Permits/Residential/Roofing,SHINGLE OVER SHINGLE   SLOPE:5.5/12,"6455 FACET LN, PORT CHARLOTTE",26.93404773396034,-82.230133
24,2001050564,Building/Accessories/Residential/Lanai,20X12 PORCH W/ COMPOSITE PANEL ROOF,"3161 SMITH ST, ENGLEWOOD",26.908206955184486,-82.32240301
24,2001050578,Building/Trade Permits/Residential/Roofing,RE-ROOF/TEAR OFF/SHINGLE/4/12 SLOPE,"21312 BERKSHIRE AVE, PORT CHARLOTTE",27.02363018808306,-82.09734351
24,2001050570,Building/Trade Permits/Residential/Roofing,ROOF REPAIR AND INSTALL BASE FLASHING TO PARAPET,"4120 TAMIAMI TER, PORT CHARLOTTE",26.970641887312535,-82.08214449
24,2001050583,Building/Accessories/Residential/Lanai,SCREEN ENCLOSURE W/PAN ROOF/CONCRETE TO INCLUDE ROW,"23277 LEHIGH AVE, PORT CHARLOTTE",27.019977693928084,-82.06565092
24,2001050577,Building/Trade Permits/Residential/Roofing,RE-ROOF/SHINGLE OVER SHINGLE/ 5/12 SLOPE,"2506 KLASS TER, PORT CHARLOTTE",26.989702083235695,-82.24686434
24,2001050479,Building/Trade Permits/Residential/Roofing,TEAR OFF OLD TILE/REPLACE W/NEW SHINGLE/4/12 SLOPE,"1542 YORKSHIRE ST, PORT CHARLOTTE",27.00304223285219,-82.1039962
24,2001050488,Building/Accessories/Residential/Lanai,LOT 116   10X15 SCREEN/VINYL RM/ 4X7 U-RM/ 11X16 & 12X19 ROOFS NO ROW,"35711 WASHINGTON LOOP RD, PUNTA GORDA",26.972623747777078,-81.8953654
24,2001050476,Building/Trade Permits/Residential/Roofing,RE-ROOF SHINGLE 4/12 SLOPE,"1598 ULTRAMARINE LN, PORT CHARLOTTE",27.003286270552767,-82.02159876
24,2001050482,Building/Trade Permits/Residential/Roofing,SHINGLE REROOF SLOPE 4:12,"7403 EBRO RD, ENGLEWOOD",26.91957673405021,-82.29499824
24,2001050487,Building/Accessories/Residential/Lanai,"LOT 90,     10X20 RAISED SLAB/10X20 SCREEN ROOM/10X22 ROOF   ROW NOT REQ'D","3307 SUNNY HARBOR DR, PUNTA GORDA",26.975465790656376,-81.9794235
24,2001050468,Building/Trade Permits/Residential/Roofing,RE-ROOF OVER SHINGLES - URETHANE,"2459 EASY ST, PORT CHARLOTTE",26.990203803643304,-82.09426113
24,2001050507,Building/Trade Permits/Residential/Roofing,RE-ROOF SHINGLES -REMOVE EXISTING 3/12 SLOPE,"667 ERROLL ST, Port Charlotte FL 33952",26.989900463605014,-82.1156617
24,2001050510,Building/Trade Permits/Residential/Roofing,RE-SHINGLE - REMOVE EXISTING 5/12 SLOPE,"17205 CONSTANCE LN, PORT CHARLOTTE",26.980146283784137,-82.166748
24,2001050474,Building/Trade Permits/Residential/Roofing,RE-ROOF FLAT ROOF SINGLE PLY MODIFIED,"22393 OCEANSIDE AVE, PORT CHARLOTTE",26.98590280995115,-82.07872038
24,2001050461,Building/Trade Permits/Residential/Roofing,RE-ROOF SHINGLES 2/12 SLOPE,"6291 PARTRIDGE AVE, ENGLEWOOD",26.940112994545387,-82.30764011
24,2001050481,Building/Trade Permits/Residential/Roofing,RE-ROOF SINGLE PLY MODIFIED - FLAT,"750 CONREID DR, PORT CHARLOTTE",26.964923987830712,-82.09059901
24,2001050457,Building/Trade Permits/Residential/Roofing,SHINGLE TO SHINGLE FLAT TO 9/12 SLOPE,"812 ELLICOTT CIR, PORT CHARLOTTE",26.99321736932396,-82.12165077
24,2001050513,Building/Trade Permits/Residential/Roofing,TEAR OFF / RE-ROOF/ SHINGLE/SLOPE 4/12,"655 RUTLAND CIR, PORT CHARLOTTE",27.02153594236397,-82.12929533
24,2001050491,Building/Trade Permits/Residential/Roofing,SHINGLE REROOF,"2700 BEACH RD, ENGLEWOOD 34223",26.932417282748307,-82.36538877
24,2001050518,Building/Trade Permits/Residential/Roofing,SHINGLE REROOF SLOPE 4:12,"20326 LORENZO AVE, PORT CHARLOTTE",27.00253486700421,-82.11274726
24,2001050477,Building/Trade Permits/Residential/Roofing,RE-ROOF SHINGLE 4/12 SLOPE,"4354 ROCK CREEK DR, PORT CHARLOTTE",26.97029496787431,-82.13059235
24,2001050450,Building/Trade Permits/Residential/Roofing,SHINGLE OVER SHINGLE - 4/12 SLOPE,"1386 KENSINGTON ST, PORT CHARLOTTE",27.007064914463626,-82.1018905
24,2001050512,Building/Trade Permits/Residential/Roofing,RE-ROOF SHINGLE - REMOVE EXISTING  4/12 SLOPE,"17241 GULFSPRAY CIR, PORT CHARLOTTE",26.97152894338831,-82.16185756
24,2001050483,Building/Trade Permits/Residential/Roofing,ROOF REPAIR WITH DURO LAST,"2550 PLACIDA RD, ENGLEWOOD",26.918519874081035,-82.32980343
24,2001050385,Building/Accessories/Residential/Lanai,ALUMINUM ROOF OVER,"2100 KINGS HWY, PORT CHARLOTTE",26.999233302768417,-82.05657329
24,2001050400,Building/Trade Permits/Residential/Roofing,RESHINGLE ROOF   SLOPE:5/12,"7531 EBRO RD, ENGLEWOOD",26.918119560413405,-82.2916565
24,2001050393,Building/Trade Permits/Residential/Roofing,RE-ROOF/TEAR OF/SHINGLE/4/12 SLOPE,"21239 ARGYLE AVE, PORT CHARLOTTE",27.020685206132953,-82.09954072
24,2001050398,Building/Trade Permits/Residential/Roofing,RESHINGLE ROOF   SLOPE:4/12,"9049 AVALON AVE, ENGLEWOOD",26.927217458466085,-82.30323025
24,2001050396,Building/Trade Permits/Residential/Roofing,SHINGLE RE-ROOF           SLOPE:4/12,"6970 MINEOLA RD, ENGLEWOOD",26.931825961405362,-82.29842538
24,2001050384,Building/Accessories/Residential/Lanai,ALUMINUM ROOF OVER LOT C-13,"215 RIO VILLA DR, PUNTA GORDA",26.896870149217435,-82.04666291
24,2001050413,Building/Trade Permits/Residential/Roofing,SHINGLE RE-ROOF          SLOPE:4/12,"7392 VAN LAKE DR, ENGLEWOOD",26.920633318171006,-82.28718561
24,2001050411,Building/Trade Permits/Residential/Demolitions,COMPLETE REMVAL OF ROOF & CLEANUP,"511 PALMETTO DR, PORT CHARLOTTE",26.970014697930864,-82.0923081
24,2001050427,Building/Trade Permits/Residential/Roofing,TEAR OFF/RESHINGLE/6/12 SLOPE,"469 PORTO ALEGRE ST, PORT CHARLOTTE",27.01885042412528,-81.99999244
24,2001050372,Building/Trade Permits/Residential/Roofing,RE-ROOF SHINGLE  4/12,"1382 ARROW ST, PORT CHARLOTTE",27.006822564370776,-82.1127243
24,2001050395,Building/Trade Permits/Residential/Roofing,RE-ROOF/TEAR OFF/SHINGLE/4/12 SLOPE,"4222 COCKRELL ST, PORT CHARLOTTE",26.96760560437903,-82.13274387
24,2001050300,Building/Trade Permits/Residential/Roofing,"TEAR OFF SHINGLE ROOF & FLAT DECK, INSTALL NEW SHINGLE ROOF& MODIFIED FLAT DECK SLOPE 4/12 & FLAT","23241 MAC LELLAN AVE, PORT CHARLOTTE",26.988279317909214,-82.06675724
24,2001050295,Building/Trade Permits/Residential/Roofing,INSTALL MODOFIED ROOF OVER TOP FIBER GLASS ROOF  FLAT,"390 RIO VISTA AVE, PUNTA GORDA",27.024490428257455,-81.97005463
24,2001050332,Building/Trade Permits/Residential/Roofing,RE-ROOF REAR SHINGLE - 3/12 SLOPE,"125 ROSELLE CT, PORT CHARLOTTE",26.963213073220953,-82.0842437
24,2001050309,Building/Trade Permits/Residential/Roofing,INSTALLING CHIMNEY FLASHING (TILE ROOF),"4248 KILPATRICK ST, PORT CHARLOTTE",26.967004769176107,-82.14096062
24,2001050358,Building/Trade Permits/Residential/Roofing,TEAR OFF/SHINGLE 4/12 SLOPE & MODIFIED 1/12 FLAT,"88 OAKLAND HILLS PL, ROTONDA WEST",26.887531274554604,-82.28365332
24,2001050291,Building/Trade Permits/Residential/Roofing,SHINGLE RE-ROOF 4/12 SLOPE,"6559 COLISEUM BLVD, PORT CHARLOTTE",26.93615337541957,-82.22637945
24,2001050323,Building/Trade Permits/Residential/Roofing,SHINGLE REROOF SLOPE 5:12,"223 BUNKER RD, ROTONDA WEST",26.903304998560273,-82.28625491
24,2001050301,Building/Trade Permits/Residential/Roofing,RE-ROOF/SHINGLE/4/12 SLOPE,"325 BAYRIDGE PL, PUNTA GORDA",26.945241685958838,-82.03612324
24,2001050209,Building/Trade Permits/Residential/Roofing,RE ROOF SHINGLE SLOPE 4/12,"2186 OYSTER CREEK DR, ENGLEWOOD",26.92041965,-82.32276919
24,2001050276,Building/Trade Permits/Residential/Roofing,TEAR OFF GARAGE AND RESHINGLE - 5/12 SLOPE,"23270 GOLDCOAST AVE, PORT CHARLOTTE",27.00470342732238,-82.06570439
24,2001050263,Building/Trade Permits/Residential/Roofing,METAL RE ROOF 5-V CRIMP,"6228 FALCON DR, ENGLEWOOD",26.93955979712298,-82.30496214
24,2001050210,Building/Trade Permits/Residential/Roofing,"LOT #40,    RE-ROOF SHINGLE 2/12 SLOPE","24000 RAMPART BLVD, PORT CHARLOTTE 33980",27.002995639459886,-82.04675012
24,2001050208,Building/Trade Permits/Residential/Roofing,"LOT 45,  RE-ROOF SHINGLES - 2/12 SLOPE","24000 RAMPART BLVD, PORT CHARLOTTE 33980",27.002995639459886,-82.04675012
24,2001050231,Building/Trade Permits/Residential/Roofing,RE-ROOF MODIFIED - FLAT AND 2/12 SLOPE,"190 GARDEN AVE, PORT CHARLOTTE",26.98043641887197,-82.1092148
24,2001050260,Building/Accessories/Residential/Lanai,REROOF MEMEBRANE OVER MOBILE HOME ONLY,"1460 BLUE HERON DR, ENGLEWOOD",26.939878349561564,-82.31391149
24,2001050207,Building/Trade Permits/Residential/Roofing,"LOT #46,    RE-ROOF SHINGLES 2 1/2 SLOPE","24000 RAMPART BLVD, PORT CHARLOTTE 33980",27.002995639459886,-82.04675012
24,2001050269,Building/Accessories/Residential/Lanai,UNIT 285 ROOF OVERMOBILE HOME,"1475 FLAMINGO DR, 285, ENGLEWOOD FL 34224",26.93581013717891,-82.31780245
24,2001050242,Building/Accessories/Residential/Lanai,ROOF OVER MH ONLY/ RUBBER MEMBRANE/ FLAT,"3080 WATERSIDE DR, ENGLEWOOD",26.90783703863441,-82.32822421
24,2001050232,Building/Trade Permits/Residential/Roofing,RE-ROOF MODIFIED - FLAT,"12442 CALADIUM AVE, PUNTA GORDA",26.846015804315414,-81.99119575
24,2001050230,Building/Trade Permits/Residential/Roofing,RE-ROOF SHINGLE 5/12 SLOPE,"1370 STRASBURG DR, PORT CHARLOTTE",27.007684631586667,-82.08753968
24,2001050216,Building/Trade Permits/Residential/Roofing,RE-ROOF 25 GAF FLAT DECK DIMENSION SHINGLE,"6329 DRUCKER CIR, PORT CHARLOTTE",26.937988222799166,-82.22910315
24,2001050122,Building/Accessories/Residential/Lanai,LOT 253     ALUM ROOF OVER MH ONLY,"1000 KINGS HWY, PORT CHARLOTTE",27.017786144343614,-82.04914863
24,2001050149,Building/Trade Permits/Residential/Roofing,SHINGLE RE-ROOF   SLOPE:5/12,"1531 PLACIDA RD, ENGLEWOOD 34223",26.93516073266819,-82.33570505
24,2001050123,Building/Accessories/Residential/Lanai,LOT 547   ALUM ROOF OVER MH/VINYL ROOM AND SHED,"29200 JONES LOOP RD, PUNTA GORDA",26.877499466515914,-81.99328296
24,2001050159,Building/Trade Permits/Residential/Roofing,SHINGLE RE-ROOF             SLOPE:4/12,"7064 TICONDEROGA ST, ENGLEWOOD",26.92896266757942,-82.29204562
24,2001050180,Building/Accessories/Residential/Lanai,RE-ROOF MEMBRANE -  OVER MOBILE HOME ONLY,"2848 WAXWING LN, ENGLEWOOD",26.93733896985171,-82.31333929
24,2001050115,Building/Trade Permits/Residential/Roofing,RE-ROOF/ SHINGLE/ FLAT & 4/12 SLOPE,"2067 ONONDAGA LN, PORT CHARLOTTE",27.00121881726968,-82.02186584
24,2001050074,Building/Accessories/Residential/Lanai,ROOF OVER  HOME ONLY,"7354 HEDWIG CT, PORT CHARLOTTE",26.921272343912218,-82.21528623
24,2001050002,Building/Trade Permits/Residential/Roofing,RE-ROOF SHINGLE 4/12 SLOPE,"1544 MARKET CIR, PORT CHARLOTTE",27.01455586982316,-82.15542748
24,2001050073,Building/Trade Permits/Residential/Roofing,RE ROOF SHINGLES TO SHINGLE SLOPE 3/12,"6085 SHEARWATER DR, ENGLEWOOD",26.942947269849554,-82.31035614
24,2001050008,Building/Trade Permits/Residential/Roofing,RE-ROOF/SHINGLE/1/12 & 4/12 SLOPES,"5406 WILSON DR, PUNTA GORDA",26.950727330076248,-81.99587251
24,2001050046,Building/Accessories/Residential/Cage,BUIOD MANSARD ROOF POOL CAGE,"69 MADRE DE DIOS ST, PORT CHARLOTTE",27.031034588325973,-82.03194421
20,2005063409,Building/Accessories/Residential/Carport,ALUMINUM PANS ROOF OVER   08/15/2005,"29524 SHELL CREEK CT, PUNTA GORDA 33982",26.976826924675674,-81.95981513
20,2005054251,Building/Trade Permits/Residential/Roofing,REROOF HURRICANE DAMAGE,"21567 BACHMANN BLVD, PORT CHARLOTTE 33954",27.031162270951395,-82.09094233
20,2005063432,Building/Trade Permits/Residential/Roofing,REROOF REPLACEMENT SHINGLE SLOPE 5/12,"132 CADDY RD, ROTONDA 33947",26.889219153380765,-82.2797852
20,2005063384,Building/Accessories/Residential/Cage,REPLACEMENT POOL CAGE// ORIG DATE 6/30/05            2/24/06       INCLUDING COMPOSITE ROOF 9-18-07,"4440 GARDNER DR, PORT CHARLOTTE 33952",26.96008485,-82.08283993
20,2005054255,Building/Trade Permits/Residential/Roofing,RE-ROOF,"1922 MANGOE ST, PORT CHARLOTTE 33980",26.969657993661087,-82.03767397
20,2005054254,Building/Trade Permits/Residential/Roofing,REROOF HURRICANE DAMAGE,"21915 HAINES AVE, PORT CHARLOTTE 33952",26.993587589240953,-82.09246066
20,2005063377,Building/Trade Permits/Residential/Roofing,"REROOF, REPLACE, MODIFIED","515 TARPON WAY, PUNTA GORDA 33950",26.915733470355825,-82.05194089
20,2005054257,Building/Trade Permits/Residential/Roofing,RE-ROOF SHINGLE-STORM DAMAGE,"1178 BIRCHCREST BLVD, PORT CHARLOTTE 33952",27.012575046748232,-82.09021003
20,2005063410,Building/Accessories/Residential/Carport,LOT 394 ALUMINUM PAN ROOF INCLUDING CARPORT     ORIG 10/18/2007,"1000 KINGS HWY, PORT CHARLOTTE 33980",27.012224296403744,-82.05295935
20,2005063356,Building/Trade Permits/Residential/Roofing,"REROOF, REPLACEMENT, SHINGLE, SLOPE 5/12","1158 RICARDO LN, PUNTA GORDA 33983",27.01303278262554,-82.02751917
20,2005063357,Building/Trade Permits/Residential/Roofing,"REROOF, REPLACEMENT, SHINGLE, SLOPE 3/12","30246 HOLLY RD, PUNTA GORDA 33982",26.99191869068049,-81.9514542
20,2005063441,Building/Construction/Residential/Addition,"REPAIR, REROOF, INTERIOR WALL, REPLACE DOOR","4486 NORTH SHORE DR, PORT CHARLOTTE 33980",26.96055977737883,-82.05876155
20,2005063485,Building/Accessories/Residential/Lanai,COMP ROOF ON EXISTING DECK,"2831 SCENIC VIEW DR, PUNTA GORDA 33950",26.90437315265069,-82.0188141
20,2005063387,Building/Trade Permits/Residential/Roofing,"RE-ROOF, REPLACE METAL  SLOPE 2/12 BUILDING E ""THEATER""","18505 PAULSON DR, PORT CHARLOTTE 33954",27.015107344942173,-82.14265169
20,2005054277,Building/Trade Permits/Residential/Roofing,RE-ROOF,"21459 GIBRALTER DR, PORT CHARLOTTE 33952",26.994995233252837,-82.09297187
20,2005054206,Building/Trade Permits/Residential/Roofing,STORM DAMAGE INSTALL SHINGLES,"2289 SOFIA, PUNTA GORDA 33983",26.994583077374493,-82.01284035
20,2005063300,Building/Accessories/Residential/Lanai,LANAI ENCLOSURE ON EXISTING DECK W/ COMPOSITE ROOF,"9350 GULFSTREAM BLVD, ENGLEWOOD 34224",26.92927752689554,-82.3015213
20,2005063279,Building/Trade Permits/Residential/Roofing,RESHINGLE ROOF,"5168 CHAVES CIR, PORT CHARLOTTE 33948",26.957263863766922,-82.13819116
20,2005063322,Building/Trade Permits/Residential/Roofing,"REROOF, REPLACE, SHINGLE, SLOPE 4/12","2234 ALTON RD, PORT CHARLOTTE 33952",26.99766152178057,-82.07691191
20,2005063255,Building/Trade Permits/Residential/Roofing,"REROOF, REPLACEMENT, SHINGLE, SLOPE 4/12","324 HIRAM ST, PUNTA GORDA 33982",27.02628706066301,-81.96749874
20,2005054212,Building/Trade Permits/Residential/Roofing,RE-ROOF SHINGLE HURRICANE DAMAGE,"9142 ALAN BLVD, PUNTA GORDA 33982",26.898315326922383,-81.96299745
20,2005054211,Building/Trade Permits/Residential/Roofing,HURRICANE REROOF--ORIG DATE 6/29/05,"33400 BERMONT RD, PUNTA GORDA 33982",26.94712255359543,-81.90649418
20,2005054207,Building/Trade Permits/Residential/Roofing,COMPLETE ROOF REPLACEMENT,"320 KENSINGTON ST, PORT CHARLOTTE 33954",27.023603307344445,-82.10183723
20,2005054233,Building/Trade Permits/Residential/Roofing,REROOF  TILE,"4159 REIF CT, PORT CHARLOTTE 33948",26.970058500470266,-82.17011262
20,2005063309,Building/Trade Permits/Residential/Roofing,REROOF REPLACEMENT METAL SLOPE 4/12,"8934 GULF ST, PLACIDA 33946",26.833663867462832,-82.29289239
20,2005054215,Building/Trade Permits/Residential/Roofing,TEAR OFF FRONTSIDE AND RESHINGLE,"5097 COLLINGSWOOD BLVD, PORT CHARLOTTE 33948",26.956659019158607,-82.15631457
20,2005054228,Building/Trade Permits/Residential/Roofing,RE-SHINGLE HURRICANE DAMAGED ROOF   06/29/2005,"2355 LAKEVIEW, PORT CHARLOTTE 33948",26.993848717959487,-82.12850189
20,2005054223,Building/Trade Permits/Residential/Roofing,REROOF,"22474 PEACHLAND BLVD, PORT CHARLOTTE 33954",27.01776515907417,-82.07605739
20,2005063306,Building/Trade Permits/Residential/Roofing,METAL ROOF OVER SLOPE 4/12,"6316 THORMAN RD, PORT CHARLOTTE 33981",26.94200316,-82.22684478
20,2005054232,Building/Trade Permits/Residential/Roofing,RE-SHINGLE HURRICANE DAMAGED ROOF,"18398 ARAPAHOE CIR, PORT CHARLOTTE 33948",26.953636094244427,-82.15090943
20,2005054205,Building/Trade Permits/Residential/Roofing,STORM DAMAGE INSTALL GAF SHINGLES,"4346 BOGGS, PORT CHARLOTTE 33948",26.964481413322606,-82.14933007
20,2005063321,Building/Trade Permits/Residential/Roofing,"REROOF, REPLACE, SHINGLE, SLOPE 4/12","4040 DURANT ST, PORT CHARLOTTE 33948",26.972860304331405,-82.14736944
20,2005054235,Building/Trade Permits/Residential/Roofing,RE-SHINGLE HURRICANE DAMAGED ROOF         ORIG 6/29/05,"3610 COLONY CT, PUNTA GORDA 33950",26.90581129230343,-82.05125527
20,2005054247,Building/Trade Permits/Residential/Roofing,RE-ROOF WITH SHINGLES,"10421 GREENWAY, ENGLEWOOD 34224",26.91634551180965,-82.27563477
20,2005054231,Building/Trade Permits/Residential/Roofing,RE-SHINGLE HURRICANE DAMAGED ROOF              ORIG 6/29/05,"4325 PALM DR, PUNTA GORDA 33950",26.898922102522842,-82.04878233
20,2005054226,Building/Trade Permits/Residential/Roofing,RE-SHINGLE HURRICANE DAMAGED ROOF  06/29/2005,"21015 BAFFIN AVE, PORT CHARLOTTE 33954",27.02156650043719,-82.10736846
20,2005063307,Building/Trade Permits/Residential/Roofing,ROOF OVER METAL SLOPE 4/12 ALSO FLAT,"2480 N BEACH RD, ENGLEWOOD 34223",26.93029392700086,-82.36466221
20,2005054227,Building/Trade Permits/Residential/Roofing,RE-SHINGLE HURRICANE DAMAGED ROOF         ORIG 6/29/05,"23055 WORTH AVE, PORT CHARLOTTE 33954",27.018102765409946,-82.07232665
20,2005054236,Building/Trade Permits/Residential/Roofing,RE-SHINGLE HURRICANE DAMAGED ROOF; ORG 06/29/2005,"1173 HURTIG AVE, PORT CHARLOTTE 33948",26.989813060395317,-82.135027
20,2005063086,Building/Construction/Residential/Remodel,"REROOF, SHINGLE, SLOPE 3/12, DRYWALL AND INSULATION (ATTIC ONLY), REPLACE DOORS & WINDOWS","3600 WISTERIA PL, PUNTA GORDA 33950",26.905959990086586,-82.04918663
20,2005054204,Building/Trade Permits/Residential/Roofing,RE-ROOF,"1361 HARBOR BLVD, PORT CHARLOTTE 33952",27.007673246064844,-82.09426121
20,2005063118,Building/Trade Permits/Residential/Roofing,"RE-ROOF, REPLACE, METAL  SLOPE 6/12","56 TARPON WAY, PLACIDA 33946",26.87438978492586,-82.31894678
20,2005063115,Building/Trade Permits/Residential/Roofing,"MAIN HOUSE  RE-ROOF, REPLACE, METAL  SLOPE 3/12  SPECS TO BE ON JOBSITE","29095 RIVERVIEW LN, PUNTA GORDA 33982",27.02078816,-81.97219093
20,2005063114,Building/Trade Permits/Residential/Roofing,"RE-ROOF, REPLACE, SHINGLES SLOPE 3/12","241 BANGSBERG RD, PORT CHARLOTTE 33952",26.959566031037685,-82.08863839
20,2005054199,Building/Trade Permits/Residential/Roofing,REPLACE SHINGLE ROOF,"27503 DISSTON AVE, PUNTA GORDA 33982",26.956544825841593,-81.99454502
20,2005063116,Building/Trade Permits/Residential/Roofing,"GUEST HOUSE IN BACK OF PROPERTY  RE-ROOF, REPLACE, METAL  SLOPE 4/12","29095 RIVERVIEW LN, PUNTA GORDA 33982",27.02078816,-81.97219093
20,2005054186,Building/Trade Permits/Residential/Roofing,ROOF TEAR OFF AND REPLACE,"3474 EASY ST, PORT CHARLOTTE 33952",26.977436159637193,-82.08980565
20,2005054191,Building/Trade Permits/Residential/Roofing,REROOF DUE TO HURRICANE DAMAGE  06/28/05,"21044 JEROME, PORT CHARLOTTE 33954",27.022924474789637,-82.10559844
20,2005063168,Building/Construction/Residential/Remodel,"RE-ROOF, REPLACE, SHINGLE  SLOPE 5/12  , FLAT MODIFIED SECTION,  DRYWALL AND INSULATION, ELECTRIC","2801 PALM DR, PUNTA GORDA 33950",26.913532022562794,-82.0486755
20,2005063172,Building/Trade Permits/Residential/Roofing,"REROOF,REPLACE,  METAL, SLOPE 4/12// ORIG DATE 06/28/05","4345 MILLS ST, PORT CHARLOTTE 33980",26.96346667972175,-82.06182098
20,2005063073,Building/Construction/Residential/Miscellaneous,"LOT 50, FREE-STANDING ROOF OVER MH & REPLACE SHED W'FOOTERS","2100 KINGS HWY, PORT CHARLOTTE 33980",26.999233302768417,-82.05657329
20,2005054197,Building/Trade Permits/Residential/Roofing,HURRICANE REROOF,"27386 GREEN GULF BLVD, PUNTA GORDA 33955",26.858348746830146,-81.99423212
20,2005054189,Building/Trade Permits/Residential/Roofing,TEAR OFF NEW METAL AND SHINGLE-----ORIGINAL 6-28-2005,"23072 BAYSHORE RD, PORT CHARLOTTE 33980",26.95721230712769,-82.07125097
20,2005054185,Building/Trade Permits/Residential/Roofing,R/R SHINGLE,"25928 AYSEN DR, PUNTA GORDA 33983",27.028169535365397,-82.04076386
20,2005050432,Building/Construction/Residential/Remodel,"REROOF, SHINGLE, CAR PORT,  REBUILD UTILITY ROOM & FL. ROOM","3441 SUNRISE TER, PORT CHARLOTTE 33952",26.977665013372704,-82.10438542
20,2005063121,Building/Trade Permits/Residential/Roofing,REROOF REPLACEMENT SHINGLE SLOPE 4/12,"1177 SULTANA ST, PORT CHARLOTTE 33952",27.012735489976972,-82.0932998
20,2005063125,Building/Trade Permits/Residential/Roofing,RE ROOF SHINGLE REPLACEMENT  4/12 SLOPE,"10291 WILLMINGTON BLVD, ENGLEWOOD 34224",26.94268986394297,-82.27940365
20,2005054184,Building/Trade Permits/Residential/Roofing,R/R SHINGLE ROOF,"872 DOBELL TER, PORT CHARLOTTE 33948",26.988733021895733,-82.1278523
20,2005063152,Building/Trade Permits/Residential/Roofing,SHINGLE & FLAT RE-ROOF  SLOPE:2/12  -- HURRICANE DAMAGE,"971 SKIPPER LN, ENGLEWOOD 34223",26.945520334377083,-82.33265693
20,2005063123,Building/Trade Permits/Residential/Roofing,RE ROOF SHINGLE REPLACEMENT   5/12 SLOPE,"9389 EL CAMPO AVE, ENGLEWOOD 34224",26.91920469,-82.29365534
20,2005063119,Building/Trade Permits/Residential/Roofing,"RE-ROOF, REPLACE, METAL  SLOPE 4/12  STORM DAMAGE","58 TARPON WAY, PLACIDA 33946",26.874393438583294,-82.31870273
20,2005063124,Building/Trade Permits/Residential/Roofing,RE ROOF SHINGLE REPLACEMENT  5/12 SLOPE  STORM DAMAGE 5%,"5198 HOPKINS AVE, PORT CHARLOTTE 33981",26.955120081593293,-82.22842412
20,2005063126,Building/Trade Permits/Residential/Roofing,RE ROOF SHINGLE REPLACEMENT  3/12 SLOPE  FLAT TAMPCO ALPAM,"1455 DEER CREEK DR, ENGLEWOOD 34223",26.935941633976974,-82.34538277
20,2005063011,Building/Trade Permits/Residential/Roofing,REPLACE HURRICANE DAMAGED METAL ROOF  SLOPE 6/12,"1300 ENTERPRISE DR, PORT CHARLOTTE 33953",27.011152353541966,-82.15278934
20,2005062889,Building/Trade Permits/Residential/Roofing,"REROOF, REPLACEMENT,  SHINGLE, SLOPE 5/12","85 OAKLAND HILLS PL, ROTONDA 33947",26.886802797980323,-82.28362271
20,2005054140,Building/Trade Permits/Residential/Roofing,REMOVE OLD SHINGLES REPLACE NEW-----ORIGINAL 06/27/2005,"9398 GULFSTREAM BLVD, ENGLEWOOD 34224",26.927970815015136,-82.30138394
20,2005054121,Building/Trade Permits/Residential/Roofing,HURRICANE REROOF,"97 KENLY ST, PORT CHARLOTTE 33954",27.02954867922106,-82.07517245
20,2005062937,Building/Trade Permits/Residential/Roofing,"RE-ROOF, REPLACE, SHINGLE  SLOPE 5/12  STORM DAMAGE","6912 ADDERLY RD, ENGLEWOOD 34224",26.93223752839402,-82.29272461
20,2005054150,Building/Trade Permits/Residential/Roofing,REROOF 33SQ SHINGLE AND 4SQ MODIFIED,"3081 PELLAM BLVD, PORT CHARLOTTE 33948",26.98683743554757,-82.1416016
20,2005063024,Building/Trade Permits/Residential/Roofing,"RE-ROOF, RECOVER, SHINGLES  SLOPE 3/12","18530 HOTTELET CIR, PORT CHARLOTTE 33948",26.965104915412116,-82.1461944
20,2005062944,Building/Trade Permits/Residential/Roofing,"RE-ROOF, REPLACE, SHINGLE  SLOPE 5/12  STORM DAMAGE","3325 CONWAY BLVD, PORT CHARLOTTE 33952",26.97971548772151,-82.08876041
20,2005054120,Building/Trade Permits/Residential/Roofing,HURRICANE REROOF AND FLAT,"2117 LAKEVIEW BLVD, PORT CHARLOTTE 33948",27.000640746353856,-82.13419341
20,2005054152,Building/Trade Permits/Residential/Roofing,TEAR OFF AND RESHINGLE ROOF,"267 CICERO ST, PORT CHARLOTTE 33948",26.97801788123424,-82.12889095
20,2005062994,Building/Construction/Residential/Remodel,"REPAIR, ROOF, MOD BIT  SLOPE 1.5/12   ELECTRIC, PLUMBING, INSULATION & DRYWALL       ORIG 8/1/05","2304 GIFFORD ST, PORT CHARLOTTE 33952",26.99435411199555,-82.10198971
20,2005063034,Building/Accessories/Residential/Cage,CONSTRUCT NEW POOL CAGE AND ELITE ROOF,"21169 EDGEWATER DR, PORT CHARLOTTE 33952",26.96854213654796,-82.10366057
20,2005062911,Building/Accessories/Residential/Cage,POOL CAGE W/ELITE ROOF ON EXISTING SLAB-----ORIGINAL 7-26-2005,"30720 WASHINGTON LOOP RD, PUNTA GORDA 33982",26.995771272628197,-81.94628141
20,2005054154,Building/Trade Permits/Residential/Roofing,HURRICANE REROOF AND FLAT,"823 HIBISCUS ST, PORT CHARLOTTE 33952",26.967223986203514,-82.09335322
20,2005054119,Building/Trade Permits/Residential/Roofing,HURRICANE REROOF,"1337 KENMORE ST, PORT CHARLOTTE 33952",27.008386582997012,-82.10150154
20,2005054156,Building/Trade Permits/Residential/Roofing,RE-ROOF SHINGLE-STORM DAMAGE,"30299 HOLLY RD, PUNTA GORDA 33982",26.991319619836986,-81.94983666
20,2005054153,Building/Trade Permits/Residential/Roofing,TEAR OFF REROOF TILE------ORIGINAL 6-27-2005,"39 OAKLAND HILLS PL, ROTONDA 33947",26.883194041172825,-82.28763586
20,2005062938,Building/Trade Permits/Residential/Roofing,"REROOF, REPLACE SHINGLE, SLOPE 4-12     06/27/05","2819 MAGNOLIA WAY, PUNTA GORDA 33950",26.913183120258765,-82.05054468
20,2005062997,Building/Construction/Commercial/Miscellaneous,REMOVE & REPLACE ROOF DECK,"4369 TAMIAMI TER, PORT CHARLOTTE 33980",26.965160358179435,-82.07679744
20,2005054138,Building/Trade Permits/Residential/Roofing,REMOVE OLD SHINGLE ROOF REPLACE NEW----ORIGINAL 06/27/2005,"21350 BURKHART DR, PORT CHARLOTTE 33952",27.001638373918116,-82.09662636
20,2005062995,Building/Trade Permits/Residential/Roofing,METAL ROOF/ ORIG 06/27/05,"141 CONCORD DR, PORT CHARLOTTE 33952",26.974010341136328,-82.09548194
20,2005062998,Building/Accessories/Residential/Lanai,REPLACCEMENT LANAI  SOLID ROOF -  SCREEN STORM DAMAGED,"12209 GASPARILLA AVE, PUNTA GORDA 33955",26.85275845088799,-81.98610686
20,2005054099,Building/Trade Permits/Residential/Roofing,VAIL METAL ROOF,"23179 ADELA AVE, PORT CHARLOTTE 33952",27.015632599839467,-82.06777953
20,2005062839,Building/Trade Permits/Residential/Mechanical,"CHANGE OUT 3 ROOF TOP UNITS 2-12.5 TON, 1- 6 TON ON EXISTING CURBS","1250 S MCCALL RD, ENGLEWOOD 34223",26.93991077373186,-82.34886168
20,2005054100,Building/Trade Permits/Residential/Roofing,REROOF METAL HURRICANE,"120 COUSLEY, PORT CHARLOTTE 33952",26.96373365979772,-82.09748838
20,2005062793,Building/Trade Permits/Residential/Roofing,"ROLLED ROOFING, MODIFIED  SLOPE 1.5X12   TAMKO 17 SQ'S  ORIG 6/24/05","4410 CONWAY BLVD, PORT CHARLOTTE 33952",26.96755777,-82.08879085
20,2005062787,Building/Trade Permits/Residential/Roofing,"RE-ROOF, REPLACE, SHINGLES  SLOPE 4/12","16842 TOLEDO BLADE BLVD, PORT CHARLOTTE 33954",27.031160244623464,-82.16318513
20,2005054107,Building/Trade Permits/Residential/Roofing,TEAR OFF EXISTING INSTALL 5V METAL,"7 SEAWATCH DR, Boca Grande FL 33921",26.804847737455134,-82.28047947
20,2005062864,Building/Trade Permits/Residential/Roofing,"REROOF, NEW, SLOPE 4-12","3481 COHOES ST, PORT CHARLOTTE 33952",26.975051950281387,-82.07906343
20,2005062842,Building/Construction/Residential/Remodel,"RE-ROOF, REPLACE, SHINGLE, SLOPE ?","1265 SALYERS ST, PORT CHARLOTTE 33952",27.01026362076706,-82.11859937
20,2005062866,Building/Trade Permits/Residential/Roofing,"REROOF, NEW, SLOPE 4-12","7153 REGINA DR, ENGLEWOOD 34224",26.927949785749384,-82.27536781
20,2005054095,Building/Trade Permits/Residential/Roofing,RE-ROOF/SHINGLE,"152 BARRE DR, PORT CHARLOTTE 33952",26.980716665645726,-82.10221856
20,2005062858,Building/Trade Permits/Residential/Roofing,"REROOF, SLOPE 4-12  ORIG 6/24/05","23175 CHERRY AVE, PORT CHARLOTTE 33980",26.984971941225577,-82.06868736
20,2005062856,Building/Trade Permits/Residential/Roofing,"REROOF, REPLACEMENT, SHINGLE, SLOPE 4/12   ORIG  6/24/05","30451 ALDER RD, PUNTA GORDA 33982",26.99220462398529,-81.94514463
20,2005062848,Building/Trade Permits/Residential/Roofing,"RE-ROOF, REPLACE, MODIFIED BITUMEN, SLOPE 2""","20414 ALBURY DR, PORT CHARLOTTE 33952",26.996089949929118,-82.11328128
20,2005062868,Building/Trade Permits/Residential/Roofing,"REROOF, NEW, SLOPE 4-12","4390 WISCHAMPER ST, PORT CHARLOTTE 33948",26.963361771770053,-82.15240476
20,2005062822,Building/Trade Permits/Residential/Roofing,"REROOF, REPLACE, SHINGLE, SLOPE 2-12, DECKING   ORIG 6/24/2005","2188 HAYWORTH RD, PORT CHARLOTTE 33952",26.998109726779294,-82.07839206
20,2005062860,Building/Trade Permits/Residential/Roofing,"REROOF, SLOPE 4-12/  ORIG 06/24/05","25200 BOLIVAR DR, PUNTA GORDA 33983",27.026027576991563,-82.03487391
20,2005054097,Building/Trade Permits/Residential/Roofing,RE-ROOF/SHINGLE,"160 DEERFIELD AVE, PORT CHARLOTTE 33952",26.97308540953207,-82.09968564
20,2005062730,Building/Construction/Residential/Addition,"LOT 399   REPAIRING ATTACHED CARPORT ROOF , SHED & FLORIDA ROOM ON EXISTING CONCRETE","1000 KINGS HWY, PORT CHARLOTTE 33980",27.012224296403744,-82.05295935
20,2005062823,Building/Trade Permits/Residential/Roofing,"INSTALL NEW COLD PROCESS, NEW MODIFIED ROOF SYSTEM","1805 TAMIAMI TRL, PORT CHARLOTTE FL 33948",27.005866990239735,-82.13278958
20,2005062650,Building/Trade Permits/Residential/Roofing,"RE-ROOF, REPLACE TILE  SLOPE 4/12  MODIFIED BITUMEN 1/12  STORM DAMAGE/ORIG 06/23/05","257 WEST TARPON BLVD, PORT CHARLOTTE 33952",26.976692074267184,-82.11543271
20,2005062604,Building/Accessories/Residential/Lanai,INSTALL SCREEN ROOM WITH INSULATED PAN ROOF,"20072 TAPPAN ZEE DR, PORT CHARLOTTE 33952",27.01148026,-82.12123114
20,2005054076,Building/Trade Permits/Residential/Roofing,HURRICANE REROOF 30 DIM. SHINGLES,"420 FOUNTAIN, PORT CHARLOTTE 33953",27.022125204732706,-82.20752723
20,2005062664,Building/Trade Permits/Residential/Roofing,RE-ROOF; SHINGLE & FLAT REPLACEMENT SLOPE:4/12  -- HURRICANE DAMAGE,"1068 SCHOONER LN, ENGLEWOOD 34224",26.930168053512876,-82.33093266
20,2005062617,Building/Trade Permits/Residential/Roofing,"RE-ROOF, REPLACE, MODIFIED BITUMEN, SLOPE 2/12","21283 HEPNER AVE, PORT CHARLOTTE 33952",26.996246361261584,-82.0984268
20,2005054088,Building/Trade Permits/Residential/Roofing,RE-ROOF WITH SHINGLES,"15114 BUSWELL AVE, PORT CHARLOTTE 33953",27.019418826243978,-82.2018128
20,2005062693,Building/Trade Permits/Residential/Roofing,"REROOF OF OLD FLAT DECK AND ROOF, INSTALL NEW FLAT DECK ROOF -MODIFIED BITUMEN","467 CHAMBER ST, PORT CHARLOTTE 33948",26.984121415386813,-82.1297912
20,2005062678,Building/Trade Permits/Residential/Roofing,RE-ROOF; TILE & FLAT REPLACEMENT SLOPE:4/12,"435 GREEN DOLPHIN DR, PLACIDA 33946",26.84639548215488,-82.28567504
20,2005046951,Building/Construction/Commercial/Miscellaneous,ROOF REPAIR ONLY TO PRE-ENG BLDG,"25550 HARBOR VIEW RD, PORT CHARLOTTE 33980",26.977628674690884,-82.02815537
20,2005062646,Building/Accessories/Residential/Cage,POOL CAGE W/ALUM ROOF,"137 ORLANDO BLVD, PORT CHARLOTTE 33954",27.02844439212791,-82.07425695
20,2005062712,Building/Trade Permits/Residential/Roofing,"REROOF W MODIFIED BITUMEN, SHINGLE, SLOPE 4-12","943 MCMAHON AVE, PORT CHARLOTTE 33948",26.983505322249727,-82.12959294
20,2005062590,Building/Trade Permits/Residential/Roofing,"RE-ROOF, OVER SHINGLE REPLACE, METAL, SLOPE 7/12","4451 GARDNER DR, PORT CHARLOTTE 33952",26.95978912822293,-82.08354193
20,2005054075,Building/Trade Permits/Residential/Roofing,RE-ROOF SHINGLE-STORM DAMAGE,"2400 MINNEOLA AVE, PORT CHARLOTTE 33980",26.992174195610414,-82.04524227
20,2005062694,Building/Trade Permits/Residential/Roofing,RE-ROOF; SHINGLE REPLACEMENT  SLOPE:4/12  -- STORM DAMAGE,"11036 JACQUELINE AVE, ENGLEWOOD FL 34224",26.92024033,-82.27111057
20,2005062595,Building/Trade Permits/Residential/Roofing,VILLAGE HOME 18 -- RE-ROOF; METAL REPLACEMENT SLOPE:10/12,"5000 GASPARILLA RD, PLACIDA 33946",26.78997567983118,-82.27142264
20,2005062580,Building/Trade Permits/Residential/Roofing,"REROOF, REPLACEMENT, SHINGLE, SLOPE 5/12","929 TROPICAL AVE, PORT CHARLOTTE 33948",26.99781049770355,-82.12895963
20,2005062648,Building/Trade Permits/Residential/Roofing,RE-ROOF MODIFIED RUBBER/ TILE REPAIR,"184 N WATERWAY DR, PORT CHARLOTTE 33952",26.975324670888547,-82.10910032
20,2005062726,Building/Trade Permits/Residential/Roofing,"REROOF SHINGLE, SLOPE 4-12      ORIG 6/23/05","22065 DEBORAH AVE, PORT CHARLOTTE 33954",27.02640353351411,-82.08838656
20,2005062581,Building/Trade Permits/Residential/Roofing,RE-ROOF; 5V CRIMPT GALVALUME REPLACEMENT SLOPE:4/12,"11889 XAVIER AVE, PORT CHARLOTTE 33981",26.943580524240616,-82.25902552
20,2005062666,Building/Construction/Residential/Remodel,"RE-ROOF, REPLACE, SHINGLE  SLOPE 3/12  DRYWALL, INSULATION STORM DAMAGE","22066 MIDWAY BLVD, PORT CHARLOTTE 33952",26.999744365769942,-82.08857729
20,2005054010,Building/Trade Permits/Residential/Roofing,TEAR OFF/REROOF TILE,"26123 RAMPART BLVD, PUNTA GORDA 33983",27.002019938799467,-82.021164
20,2005062445,Building/Trade Permits/Residential/Roofing,"RE-ROOF, REPLACE, SHINGLE","18553 EBB AVE, PORT CHARLOTTE 33948",26.977769879187747,-82.13906853
20,2005062546,Building/Trade Permits/Residential/Roofing,RE-ROOF; SHINGLE REPLACEMENT SLOPE:5/12  -- STORM DAMAGE,"1379 BEACON DR, PORT CHARLOTTE 33952",27.007017204952845,-82.07064815
20,2005062531,Building/Trade Permits/Residential/Roofing,"RE-ROOF, 2/12 PITCH ROOF---ORIG DATE 6/2/05","4056 GINGOLD ST, PORT CHARLOTTE 33948",26.972389166423703,-82.14476019
20,2005062428,Building/Trade Permits/Residential/Roofing,RE-ROOF; SHINGLE REPLACEMENT SLOPE:5/12  -- STORM DAMAGE,"187 FAIRWAY RD, ROTONDA 33947",26.90448191071177,-82.27465052
20,2005062544,Building/Trade Permits/Residential/Roofing,"RE-ROOF, REPLACE, METAL, SLOPE 2/12","19531 TOLEDO BLADE BLVD, PORT CHARLOTTE 33948",,
20,2005054020,Building/Trade Permits/Residential/Roofing,TEAR OFF OLD ROOF AND REROOF,"270 GREEN DOLPHIN DR, PLACIDA FL 33946",26.849233516338725,-82.29174039
20,2005054034,Building/Trade Permits/Residential/Roofing,REROOF FLAT ONLY,"3184 PINETREE ST, PORT CHARLOTTE 33952",26.983177083905183,-82.11136623
20,2005062473,Building/Trade Permits/Residential/Roofing,"REROOF, SINGLE PLY MEMBRANE 1420 SF FT","1296 SEAGULL DR, ENGLEWOOD 34224",26.942459115703326,-82.31892397
20,2005062421,Building/Trade Permits/Residential/Roofing,REMOVE EXISTING ROOF,"1043 RIGGS ST, PORT CHARLOTTE 33952",27.016397609288447,-82.08288576
20,2005054050,Building/Trade Permits/Residential/Roofing,HURRICANE REROOF,"18250 EBLIS AVE, PORT CHARLOTTE 33948",26.978311532344545,-82.14836125
20,2005062426,Building/Trade Permits/Residential/Roofing,RE-ROOF; SHINGLE REPLACEMENT SLOPE:4/12  -- STORM DAMAGE,"1375 MANOR RD, ENGLEWOOD 34223",26.93759724652015,-82.33186348
20,2005054056,Building/Trade Permits/Residential/Roofing,APPLY MODIFIED ROOF SYSTEM,"2500 SISTINA ST, PORT CHARLOTTE 33952",26.989444705238277,-82.08276367
20,2005062427,Building/Trade Permits/Residential/Roofing,RE-ROOF; SHINGLE & FLAT REPLACEMENT SLOPE:3/12,"1650 LORALIN DR, ENGLEWOOD 34223",26.94122315088747,-82.3401947
20,2005062444,Building/Trade Permits/Residential/Roofing,"REROOF, REPLACE, SHINGLE - REPLACE WOOD WHERE NEEDED   ( 2/1/06 )","531 CORRIENTES CIR, PUNTA GORDA 33983",27.020519181077614,-82.02423858
20,2005062456,Building/Trade Permits/Residential/Roofing,RE-ROOF; SHINGLE REPLACEMENT SLOPE:6/12  -- STORM DAMAGE,"2371 LINTON LN, PORT CHARLOTTE 33952",26.993105065665137,-82.11112979
20,2005054008,Building/Trade Permits/Residential/Roofing,REROOF SHINGLE  (HD),"1451 PAXTON, PORT CHARLOTTE 33952",27.005121344926714,-82.08531952
20,2005062432,Building/Trade Permits/Residential/Roofing,"REROOF, REPLACEMENT, MODIFIED BITUMEN","22195 BELINDA AVE, PORT CHARLOTTE 33952",26.994945495546396,-82.08556372
20,2005062431,Building/Trade Permits/Residential/Roofing,"REROOF LOW SLOPE PUT BACK, MODIFIED BITUMEN","2708 STARLITE LN, PORT CHARLOTTE 33952",26.986703770214266,-82.08834073
20,2005062434,Building/Trade Permits/Residential/Roofing,"REROOF, REPLACEMENT, SHINGLE, SLOPE 3/12","3209 SUNRISE TER, PORT CHARLOTTE 33952",26.983762768029877,-82.10415651
20,2005062429,Building/Trade Permits/Residential/Roofing,RE-ROOF; SHINGLE REPLACEMENT SLOPE:4/12  -- STORM DAMAGE,"74 OAKLAND HILLS CT, ROTONDA 33947",26.88631827581477,-82.28486632
20,2005054031,Building/Trade Permits/Residential/Roofing,REROOF FLAT ONLY,"3176 PINETREE ST, PORT CHARLOTTE 33952",26.983396519599275,-82.11135857
20,2005045029,Building/Construction/Residential/Miscellaneous,MISC-RESIDENTIAL - REBUILD FRONT PORCH ROOF (LOW SLOPE),"21035 GEPHART AVE, PORT CHARLOTTE 33952",26.996524870844866,-82.1056443
20,2005054047,Building/Trade Permits/Residential/Roofing,RE ROOF SHINGLE,"2330 LEE TER, PORT CHARLOTTE FL 33952",26.99508845783165,-82.11035925
20,2005054017,Building/Trade Permits/Residential/Roofing,CHECK DRY IN/ROOF USING SHINGLES,"15010 APPLETON BLVD, PORT CHARLOTTE 33981",26.878019057778122,-82.20651575
20,2005054027,Building/Trade Permits/Residential/Roofing,REROOF SHINGLE  (HD),"19179 PUNTA GORDA CT, PORT CHARLOTTE 33948",26.954557331742205,-82.13439182
20,2005054009,Building/Trade Permits/Residential/Roofing,REROOF SHINGLE  (HD),"4263 ALBACORE CIR, PORT CHARLOTTE 33948",26.966993410569874,-82.13848115
20,2005054045,Building/Trade Permits/Residential/Roofing,RE ROOF FLAT,"21883 CATHERINE AVE, PORT CHARLOTTE FL 33952",26.99154099,-82.09341437
20,2005062430,Building/Trade Permits/Residential/Roofing,"REROOF, REPLACEMENT, MODIFIED BITUMEN","22126 GATEWOOD AVE, PORT CHARLOTTE 33952",26.998853645810257,-82.08677669
20,2005054049,Building/Trade Permits/Residential/Roofing,HURRICANE REROOF---ORIG DATE 6/22/05,"163 DEERFIELD AVE, PORT CHARLOTTE 33952",26.97324936578948,-82.09916686
20,2005062536,Building/Trade Permits/Residential/Roofing,"RE-ROOF, TEAR OFF OLD & REPLACE NEW BUILT UP","19048 EDGEWATER DR, PORT CHARLOTTE 33948",26.974235569555226,-82.13846592
20,2005062433,Building/Trade Permits/Residential/Roofing,"RE-ROOF, REPLACE, TILE, SLOPE 4/12","215 GEORGE RD, PORT CHARLOTTE 33952",26.956367386996252,-82.09246819
20,2005062322,Building/Trade Permits/Residential/Roofing,INSTALL 260A 5-V CRIMP METAL  SLOPE 5/12  24 SQ'S & INSTALL MODIFIED BITUMEN   06/21/2005,"831 E 6TH ST, ENGLEWOOD 34223",26.944086582185466,-82.3343321
20,2005062341,Building/Trade Permits/Residential/Roofing,"REROOF, REPLACEMENT, METAL, SLOPE 4/12","4560 COLLEEN ST, PORT CHARLOTTE 33952",26.964116958193422,-82.11157993
20,2005062369,Building/Trade Permits/Residential/Roofing,RE-ROOF; METAL & FLAT REPLACEMENT  SLOPE:6/12,"4490 GRASSY POINT BLVD, PORT CHARLOTTE 33952",26.958904319989827,-82.09805298
20,2005053981,Building/Trade Permits/Residential/Roofing,RE-ROOF SHINGLE-STORM DAMAGE,"3741 HIDDEN VALLEY CIR, PUNTA GORDA FL 33982",26.97921381824742,-81.87814329
20,2005062316,Building/Trade Permits/Residential/Roofing,"RE-ROOF, REPLACE, SHINGLES  SLOPE ?  STORM DAMAGE  ORIG 6/21/05","456 GLENGARY CIR, PUNTA GORDA 33982",27.025577617351768,-81.96050265
20,2005062326,Building/Trade Permits/Residential/Roofing,RE-ROOF; SHINGLE REPLACEMENT SLOPE:4/12   ***ORIG 06/21/05***,"2560 SISTINA ST, PORT CHARLOTTE 33952",26.98824692018165,-82.08168025
20,2005053975,Building/Trade Permits/Residential/Roofing,TEAR OFF AND REROOF - HURRICANE DAMAGE,"24582 NOVA LN, PORT CHARLOTTE 33980",26.994117733979753,-82.03978735
20,2005062419,Building/Construction/Residential/Addition,"ADD GARAGE, 2ND STORY ADDN & INTERIOR VAULT, HURRICANE REPAIR, ROOF & INTERIOR","1071 KANT ST, ENGLEWOOD 34224",26.93277752979857,-82.32997894
20,2005035614,Building/Construction/Residential/Remodel,"INTERIOR REMODEL STORM DAMAGE, ELECTRICAL, ROOF TRUSSES, INSULATION, DRYWALL","4520 PALM DR, PUNTA GORDA 33950",26.89701276786585,-82.04834756
20,2005062310,Building/Trade Permits/Residential/Roofing,"RE-ROOF, REPLACE, METAL  URETHANE  SLOPE 2/12    ORIG 06/21/05","1182 TAMIAMI TRL, PORT CHARLOTTE FL 33953",27.01483372143019,-82.14943593
20,2005053979,Building/Trade Permits/Residential/Roofing,RE ROOF,"21846 EDGEWATER DR, PORT CHARLOTTE 33952",26.964687369586482,-82.08419805
20,2005054001,Building/Trade Permits/Residential/Roofing,HURRICANE REROOF AND FLAT,"27087 SAFE HAVEN LN, PUNTA GORDA 33983",26.979967252217214,-82.00587464
20,2005051558,Building/Accessories/Residential/Lanai,REPLACEMENT PAN ROOF OVER LANAI,"2155 BROADPOINT DR, PUNTA GORDA 33983",26.99849137039249,-82.00388333
20,2005054003,Building/Trade Permits/Residential/Roofing,HURRICANE REROOF,"22582 GREER AVE, PORT CHARLOTTE 33952",27.00459100220248,-82.07238003
20,2005053980,Building/Trade Permits/Residential/Roofing,RE-ROOF SHINGLE &MODIFIED-STORM DAMAGE,"221 STEBBINS TER, PORT CHARLOTTE 33952",26.960306095829363,-82.095169
20,2005053966,Building/Trade Permits/Residential/Roofing,RE-ROOF,"22259 ELMIRA BLVD, PORT CHARLOTTE 33952",26.97681245032818,-82.08258821
20,2005054000,Building/Trade Permits/Residential/Roofing,HURRICANE REROOF,"21044 MALDEN AVE, PORT CHARLOTTE 33952",27.00309575773407,-82.10560604
20,2005054007,Building/Trade Permits/Residential/Roofing,"TEAR OFF OLD SHINGLES, INSTALL GAF -- STORM DAMAGE","20602 TAPPAN ZEE DR, PORT CHARLOTTE 33952",27.01711468322487,-82.10991674
20,2005062335,Building/Trade Permits/Residential/Roofing,REROOF REPLACEMENT METAL SLOPE 6/12,"24159 HARBORVIEW RD, PORT CHARLOTTE 33980",26.96628579458419,-82.05270394
20,2005053961,Building/Trade Permits/Residential/Roofing,STORM DAMAGE REROOF,"23100 OLEAN BLVD, PORT CHARLOTTE 33980",26.987947472610397,-82.07109825
20,2005062334,Building/Trade Permits/Residential/Mechanical,"PERKINS REST  REPLACE ROOF TOP UNIT 10 TON, 10.4 SEER","1700 TAMIAMI TER, PORT CHARLOTTE 33948",27.008657411796687,-82.13570481
20,2005053993,Building/Trade Permits/Residential/Roofing,REROOF,"10166 SEABROOK AVE, ENGLEWOOD 34224",26.91868583194655,-82.28338616
20,2005062304,Building/Accessories/Residential/Carport,"REBUILD CARPORT ROOF, DOOR AND SHED","2100 KINGS HWY, PORT CHARLOTTE 33980",26.999233302768417,-82.05657329
20,2005053924,Building/Trade Permits/Residential/Roofing,COMPLETE ROOF REPLACEMENT,"3251 EASY ST, PORT CHARLOTTE 33952",26.982526792259993,-82.09120181
20,2005062184,Building/Trade Permits/Residential/Roofing,REROOF REPLACEMENT SHINGLE SLOPE 5/12    ORIG 6/20/05,"46 SPORTSMAN CIR, ROTONDA WEST 33947",26.90444366065611,-82.26348885
20,2005062255,Building/Trade Permits/Residential/Roofing,"RE-ROOF, REPLACE, FLAT MODIFIED BITUMEN                ORIG 6/20/05","4069 TAMIAMI TER, PORT CHARLOTTE 33952",26.970496306936038,-82.08412377
20,2005053928,Building/Trade Permits/Residential/Roofing,TEAR OFF EXISTING ROOF APPLY SHINGLES,"392 DEWHURST ST, PORT CHARLOTTE 33954",27.021612224205594,-82.09682467
20,2005053916,Building/Trade Permits/Residential/Roofing,HURRICANE REROOF AND FLAT,"2364 BROAD RANCH DR, PORT CHARLOTTE 33948",26.994581356099136,-82.12391663
20,2005053915,Building/Trade Permits/Residential/Roofing,HURRICANE REROOF,"20376 CALDER AVE, PORT CHARLOTTE 33954",27.02048862546792,-82.11157982
20,2005062253,Building/Trade Permits/Residential/Roofing,"REROOF, REPLACE, FLAT MODIFIED BITUMEN      ORIG 6/20/05","2685 TAMIAMI TER, PORT CHARLOTTE 33952",26.990868472354315,-82.11240858
20,2005062167,Building/Trade Permits/Residential/Roofing,REROOF REPLACEMENT SHINGLE SLOPE 5/12,"12375 DEEPWOODS AVE, PORT CHARLOTTE 33981",26.945837020067135,-82.24409491
20,2005053934,Building/Trade Permits/Residential/Roofing,TEAR OFF REROOF ORIG 6/20/05,"585 NORWOOD ST, PORT CHARLOTTE 33952",26.986745780979902,-82.11321258
20,2005062199,Building/Trade Permits/Residential/Roofing,"REROOF, REPLACEMENT, TILE, SLOPE 5/12  ORIG 6/20/05","27171 HARBOUR APPROACH RD, PUNTA GORDA 33983",27.016901034118924,-82.0030154
20,2005053925,Building/Trade Permits/Residential/Roofing,ROOF=OVER WITH SHINGLES,"7 FAIRWAY RD, ROTONDA 33947",26.907821598338682,-82.28715523
20,2005062209,Building/Trade Permits/Residential/Roofing,REROOF REPLACEMENT METAL SLOPE 4/12,"12073 CLARENDON AVE, PORT CHARLOTTE 33981",26.91635518166964,-82.25346375
20,2005053948,Building/Trade Permits/Residential/Roofing,HURRICANE REROOF-----ORIGINAL 6-20-2005,"27446 TIERRA DEL FUEGO CIR, PUNTA GORDA 33983",27.027433319551136,-82.00426477
20,2005053944,Building/Trade Permits/Residential/Roofing,REROOF,"2362 NUREMBERG BLVD, PUNTA GORDA 33983",26.993469240120504,-82.02212519
20,2005062247,Building/Trade Permits/Residential/Roofing,"RE-ROOF, REPLACE, SHINGLES  SLOPE 5/12","728 MIRADO LN, PORT CHARLOTTE 33948",26.999448682692524,-82.12418362
20,2005062252,Building/Trade Permits/Residential/Roofing,"RE-ROOF, REPLACE FLAT MODIFIED BITUMEN","2691 TAMIAMI TER, PORT CHARLOTTE 33952",26.99076671,-82.11228555
20,2005053957,Building/Trade Permits/Residential/Roofing,SHINGLE RE-ROOF,"189 ROSELLE CT, PORT CHARLOTTE 33952",26.96088223438816,-82.08422087
20,2005053943,Building/Trade Permits/Residential/Roofing,TEAR OFF AND RE-ROOF SHINGLE,"27249 VOYAGEUR DR, PUNTA GORDA 33983",26.98860734732777,-82.00077827
20,2005053914,Building/Trade Permits/Residential/Roofing,RE-ROOF----ORIG DATE 6/20/05,"27151 SUNNYBROOK RD, PUNTA GORDA 33983",26.98424344937078,-82.00383766
20,2005053951,Building/Trade Permits/Residential/Roofing,HURRICANE REROOF,"22370 CATHERINE AVE, PORT CHARLOTTE 33952",26.998836529125793,-82.08289334
20,2005062256,Building/Trade Permits/Residential/Roofing,"RE-ROOF, REPLACE, FLAT MODIFIED BITUMEN        ORIG 6/20/05","4999 TAMIAMI TER, PORT CHARLOTTE 33980",26.955115357839162,-82.06501659
20,2005053952,Building/Trade Permits/Residential/Roofing,NEW SHINGLES,"2021 TAYLOR RD, PUNTA GORDA 33950",26.920183078864447,-82.03674318
20,2005062263,Building/Trade Permits/Residential/Roofing,"REPLACE PLYWOOD, STRIPS FOR CARPORT ROOF","3023 EASY ST, PORT CHARLOTTE 33952",26.98739992667323,-82.09432978
20,2005053953,Building/Trade Permits/Residential/Roofing,HURRICANE REROOF,"21775 EDGEWATER DR, PORT CHARLOTTE 33952",26.96403891939484,-82.08655547
20,2005053923,Building/Trade Permits/Residential/Roofing,RE-ROOF MODIFIED-STORM DAMAGE,"1380 FORREST NELSON BLVD, PORT CHARLOTTE 33948",27.007980440826085,-82.12210844
20,2005062273,Building/Trade Permits/Residential/Roofing,PLYWOOD ROOF DECK REPLACEMENT,"1011 RYSWICK ST, PORT CHARLOTTE 33980",27.017235722162752,-82.05975067
20,2005053956,Building/Trade Permits/Residential/Roofing,HURRICANE REROOF,"2393 STAVER ST, PORT CHARLOTTE 33980",26.991968063437238,-82.06465911
20,2005053955,Building/Trade Permits/Residential/Roofing,HURRICANE REROOF AND FLAT,"2468 BALTIC AVE, PORT CHARLOTTE 33952",26.98991001818618,-82.08382423
20,2005062171,Building/Trade Permits/Residential/Roofing,"REROOF, REPLACEMENT, SHINGLE, SLOPE 5/12------ORIGINAL 8-09-2005","150 TOMPKINS ST, PORT CHARLOTTE 33954",27.02811623166002,-82.08452607
20,2005062063,Building/Trade Permits/Residential/Roofing,REROOF REPLACEMENT METAL SLOPE 4/12,"510 TAM O SHANTER LN, PUNTA GORDA 33982",26.943172402757863,-81.99861907
20,2005062134,Building/Construction/Commercial/Commercial Building,2ND ROOF-TOWER: REMOVE & REPLACE MANSARD TRUSSES,"2305 AARON ST, PORT CHARLOTTE 33952",26.98988451273835,-82.10121928
20,2005062018,Building/Trade Permits/Residential/Roofing,"RE-ROOF, RECOVER, SHINGLE OVER SHINGLE","818 HALEYBURY ST, PORT CHARLOTTE 33948",26.99318132923683,-82.1325302
20,2005062043,Building/Trade Permits/Residential/Roofing,REROOF REPLACEMENT SHINGLE SLOPE 4/12,"21028 CHURON AVE, PORT CHARLOTTE 33952",27.001489521707665,-82.10631567
20,2005062011,Building/Accessories/Residential/Lanai,REPLACEMENT 11 X 24 SCREEN ROOM AND ROOF FREE STANDING,"1850 KEITH DR, PUNTA GORDA 33982",26.963190113690718,-81.97705085
20,2005061993,Building/Trade Permits/Residential/Roofing,RE-ROOF; SHINGLE REPLACEMENT SLOPE:4/12,"6977 MAMOUTH ST, ENGLEWOOD 34224",26.93139647406446,-82.28984839
20,2005062155,Building/Trade Permits/Residential/Roofing,"RE-ROOF, REPLACE, SHINGLES, SLOPE 5/12---ORIG DATE 6/17/05","1373 ARROW ST, PORT CHARLOTTE 33952",27.007051447044354,-82.1132507
20,2005062123,Building/Trade Permits/Residential/Roofing,"RE-ROOF, REPLACE, SHINGLE, SLOPE 4/12,  FLAT ROOF  ORIG 6/17/05","2474 WOODYGLEN ST, PORT CHARLOTTE 33948",26.990344987669708,-82.14601134
20,2005062028,Building/Trade Permits/Residential/Roofing,"REROOF, REPLACMENT, SHINGLE, SLOPE 4/12","160 BARRE DR, PORT CHARLOTTE 33952",26.980724440376395,-82.10121149
20,2005061995,Building/Trade Permits/Residential/Roofing,RE-ROOF; SHINGLE REPLACEMENT SLOPE:5/12  STORM DAMAGE,"227 BUNKER RD, ROTONDA WEST 33947",26.903612023823076,-82.28659813
20,2005062037,Building/Trade Permits/Residential/Roofing,RE-ROOF; SHINGLE REPLACEMENT SLOPE:4/12  -- STORM DAMAGE,"4130 PALM DR, PUNTA GORDA 33950",26.900896077748452,-82.04826348
20,2005062158,Building/Trade Permits/Residential/Roofing,REROOF REPLACEMENT SHINGLE SLOPE 3/12,"126 CONCORD DR, PORT CHARLOTTE 33952",26.974454745935102,-82.09686284
20,2005062026,Building/Construction/Residential/Remodel,"RE-ROOF, REPLACE, SHINGLES  DRYWALL, INSULATION, INT DOORS","21507 BANCROFT AVE, PORT CHARLOTTE 33954",27.019867076925504,-82.09152985
20,2005062133,Building/Accessories/Residential/Lanai,REPLACE HURRICANE DAMAGED 10X20 SCREEN ROOM W/ 10X24 COMPOSITE ROOF,"7415 LONGMONT LN, PORT CHARLOTTE 33981",26.91923700683121,-82.21551521
20,2005053907,Building/Trade Permits/Residential/Roofing,RE-ROOF SHINGLE HURRICANE DAMAGE,"15550 BURNT STORE RD, PUNTA GORDA 33955",26.800111665551228,-82.03461822
20,2005061971,Building/Trade Permits/Residential/Roofing,RE-ROOF; SHINGLE REPLACEMENT SLOPE:4/12  -- STORM DAMAGE,"6306 COLISEUM BLVD, PORT CHARLOTTE 33981",26.94297781,-82.22656255
20,2005053908,Building/Trade Permits/Residential/Roofing,REPLACE SHINGLE ROOF,"812 TAMIAMI TRL, PORT CHARLOTTE 33954",27.018742397855505,-82.16745425
20,2005062121,Building/Trade Permits/Residential/Roofing,"RE-ROOF, REPLACE, SHINGLE, SLOPE 4/12","380 N SPRING LAKE BLVD, PORT CHARLOTTE 33952",26.990400260224135,-82.11251069
20,2005062149,Building/Construction/Residential/Miscellaneous,REPLACE PORCH - PAN ROOF -- HURRICANE DAMAGE,"142 DARTMOUTH DR, PORT CHARLOTTE 33952",26.97698783224831,-82.10243224
20,2005062109,Building/Trade Permits/Residential/Roofing,ROOF/ ORIG 06/17/05,"1441 CAPRICORN BLVD, PUNTA GORDA 33983",27.005856413829434,-82.03838933
20,2005062118,Building/Trade Permits/Residential/Roofing,"RE-ROOF, REPLACE, SHINGLE, SLOPE 4/12","21472 SHANNON AVE, PORT CHARLOTTE 33952",27.00616633,-82.09246828
20,2005062094,Building/Construction/Commercial/Miscellaneous,"IR & REPAIR STOREFRONT GLASS, REPLACE ROOF  FLAT MODIFIED BITUMEN","4075 TAMIAMI TER, PORT CHARLOTTE 33952",26.970403715065274,-82.08407593
20,2005062051,Building/Trade Permits/Residential/Roofing,REROOF REPLACEMENT TILE SLOPE 2.5/12,"2435 CONWAY BLVD, PORT CHARLOTTE 33952",26.992069162779355,-82.08323675
20,2005062110,Building/Trade Permits/Residential/Roofing,BLDG A       RE-ROOF; FLAT REPLACEMENT  ORIG  6/17/05,"22400 GLENEAGLES TER, PORT CHARLOTTE 33952",26.993895443794386,-82.07795187
20,2005062017,Building/Trade Permits/Residential/Roofing,"RE-ROOF, RECOVER, SHINGLE OVER SHINGLE  SLOPE 6/12","13618 SULKY DR, PUNTA GORDA 33955",26.83079325926298,-81.99493415
20,2005062107,Building/Trade Permits/Residential/Roofing,"RE-ROOF, REPLACE, SHINGLE, SLOPE 4/12","1080 SALOX ST, PORT CHARLOTTE 33952",27.015760541861855,-82.11865239
20,2005062002,Building/Trade Permits/Residential/Roofing,REROOF REPLACEMENT SHINGLE SLOPE 5/12,"20094 SUSAN AVE, PORT CHARLOTTE 33952",27.01328661792203,-82.12042992
20,2005050506,Building/Accessories/Residential/Lanai,"FREE STANDING 10' X 20' X 23' 6"" X 8 SCREEN ROOM & 7'X10', 9'X15' & 10'X14' ROOFS","35711 WASHINGTON LOOP RD, PUNTA GORDA 33982",26.972623747777078,-81.8953654
20,2005053883,Building/Trade Permits/Residential/Roofing,REMOVE/REPLACE SHINGLES,"1326 FARGO ST, PORT CHARLOTTE 33952",27.008283532467036,-82.10991665
20,2005062132,Building/Construction/Commercial/Miscellaneous,1ST ROOF CLUBHOUSE: REMOVE & REPLACE TRUSSES,"2305 AARON ST, PORT CHARLOTTE 33952",26.98988451273835,-82.10121928
20,2005061972,Building/Trade Permits/Residential/Roofing,RE-ROOF; TILE REPLACEMENT SLOPE:4/12,"2017 PANAMA BLVD, ENGLEWOOD 34224",26.871954309012917,-82.31243598
20,2005061990,Building/Trade Permits/Residential/Roofing,RE-ROOF; SHINGLE REPLACEMENT SLOPE:5/12,"5378 WINFREE ST, PORT CHARLOTTE 33981",26.94967258414877,-82.22350314
20,2005062007,Building/Accessories/Residential/Lanai,REPLACE ROOF PANS,"272 SUMMERSET DR, PUNTA GORDA 33982",27.029149410678254,-81.9716351
20,2005062113,Building/Construction/Residential/Miscellaneous,"SHINGLE  ROOF OVER GARAGE FLAT & REMAINING  SLOPE 4/12 , DRYWALL & INSULATION **ORIG 7/7/05**","3023 CONWAY BLVD, PORT CHARLOTTE 33952",26.987630724302626,-82.08673093
20,2005061880,Building/Trade Permits/Residential/Roofing,"RERROOF REPLACEMENT FIRESTONE TPO/MA SLOPE 1/8""","2000 TAMIAMI TER, PORT CHARLOTTE 33948",27.004341702133832,-82.12815572
20,2005061873,Building/Trade Permits/Residential/Roofing,"REROOF, REPLACEMENT, FLAT MODIFIED, FIRESTONE","2143 BENDWAY DR, PORT CHARLOTTE 33948",26.99937822145525,-82.15565496
20,2005061955,Building/Trade Permits/Residential/Roofing,REROOF REPLACEMENT ROLLED SLOPE ??,"3309 EDGEHILL TER, PORT CHARLOTTE 33952",26.98089794190386,-82.09380336
20,2005061926,Building/Trade Permits/Residential/Roofing,"RE-ROOF, REPLACE, SHINGLE SLOPE 4/12  FLAT 11 SQ'S","7462 SAN CASA DR, ENGLEWOOD 34224",26.91179416104256,-82.32502821
20,2005061910,Building/Trade Permits/Residential/Roofing,REROOF RECOVER SHINGLE SLOPE ??,"17451 REAPER AVE, PORT CHARLOTTE 33948",26.99007989962808,-82.15851598
20,2005053879,Building/Trade Permits/Residential/Roofing,RE-ROOF ** ORIG 6/16/05**,"22024 FELTON AVE, PORT CHARLOTTE 33952",26.99068638,-82.08727259
20,2005053882,Building/Trade Permits/Residential/Roofing,REPLACE STORM DAMAGED SHINGLE ROOFING,"22486 OLEAN BLVD, PORT CHARLOTTE 33952",26.987899872902588,-82.07479103
20,2005053865,Building/Trade Permits/Residential/Roofing,RE-ROOF,"18050 GARVIN AVE, PORT CHARLOTTE 33948",27.002716171460715,-82.15444179
20,2005053869,Building/Trade Permits/Residential/Roofing,ROOF OVER,"9312 ANITA AVE, ENGLEWOOD 34224",26.93322727175959,-82.29809847
20,2005053860,Building/Trade Permits/Residential/Roofing,REROOF SHINGLES,"18439 LAMONT AVE, PORT CHARLOTTE 33948",26.98444353253377,-82.1426087
20,2005061958,Building/Accessories/Residential/Lanai,"REPLACE LANAI, ROOF AND WALLS  -  STORM DAMAGE","2621 CHAPMAN BLVD, PUNTA GORDA 33950",26.914585154163575,-82.05442042
20,2005061908,Building/Trade Permits/Residential/Roofing,REROOF--REPLACEMENT--METAL,"27404 SAN MARINO DR, PUNTA GORDA 33983",26.987499136462393,-81.99626928
20,2005053863,Building/Trade Permits/Residential/Roofing,"REPLACE SHEETING, SHINGLES  FLAT MODIFIED BITUMEN","2425 BECKERS, ENGLEWOOD 34224",,
20,2005061902,Building/Trade Permits/Residential/Roofing,REROOF--REPLACEMENT--SHINGLE--SLOPE ??,"17131 DOYLE AVE, PORT CHARLOTTE 33954",27.02921663396452,-82.16942594
20,2005061879,Building/Trade Permits/Residential/Roofing,"REROOF, REPLACMENT, FLAT MODIFIED,","1222 WATERSIDE ST, PORT CHARLOTTE 33952",27.011528028923962,-82.09502412
20,2005061877,Building/Trade Permits/Residential/Roofing,"RE-ROOF, REPLACE, SHINGLES  SLOPE 6/12","1235 SHERIDAN DR, PORT CHARLOTTE 33948",27.00284954370042,-82.13291166
20,2005061862,Building/Construction/Commercial/Miscellaneous,REMOVE AND REPLACE EXISTING PRE ENGINNERED METAL BUILDING. PLAN ALTERATION: METAL BUILD PLANS MUST BE REVI,"28000 AIRPORT RD, PUNTA GORDA 33982",26.915198971428012,-81.99777142
20,2005061883,Building/Accessories/Residential/Carport,ALUMINUM CARPORT WITH INSULATED ROOF,"21380 EDGEWATER DR, PORT CHARLOTTE 33952",26.96619798672069,-82.09779363
20,2005053881,Building/Trade Permits/Residential/Roofing,REPLACE STORM DAMAGED SHINGLE ROOF----------------ORIGINAL 06-16-2005,"25487 TEVESINE CT, PUNTA GORDA 33983",27.018577518390405,-82.02613065
20,2005053871,Building/Trade Permits/Residential/Roofing,REROOF SHINGLE,"346 WILMERS RD, PUNTA GORDA 33982",27.02567659,-81.9708481
20,2005053856,Building/Trade Permits/Residential/Roofing,35SQ RE ROOF---ORIG DATE 6/16/05,"8271 PARKSIDE DR, ENGLEWOOD 34224",26.92500488,-82.31071466
20,2005050509,Building/Accessories/Residential/Lanai,LOT RU 182 INSTALL FREE STANDING 12'X12'X12' SCREEN ROOM & 14'X12' ROOF,"35711 WASHINGTON LOOP RD, PUNTA GORDA 33982",26.972623747777078,-81.8953654
20,2005061617,Building/Accessories/Commercial/Sign,"25 S.F. SIGN (SCHOOLHOUSE SQ SHOPPING CTR.) "" TILE CENTER""   07/14/2005","4300 KINGS HWY, PORT CHARLOTTE 33980",26.96336550992642,-82.07064057
20,2005061721,Building/Accessories/Residential/Lanai,37 EMDEN REPLACE CARPORT PANS ROOF OVER,"37 EMDEN CIR, PUNTA GORDA 33950",26.90245814362675,-82.04280846
20,2005053834,Building/Trade Permits/Residential/Roofing,RE-ROOF SHINGLE & MODIFIED-STORM DAMAGE,"18843 ASHCROFT CIR, PORT CHARLOTTE 33948",26.955890671357064,-82.1372223
20,2005053825,Building/Trade Permits/Residential/Roofing,TEAR OFF AND RE-ROOF,"26514 COPIAPO CIR, PUNTA GORDA 33983",27.02800378433138,-82.01695256
20,2005061764,Building/Construction/Residential/Remodel,REROOF REPLACEMENT METAL SLOPE ? DRYWALL INSULATION WINDOWS,"4345 MILLS ST, PORT CHARLOTTE 33980",26.96346667972175,-82.06182098
20,2005053846,Building/Trade Permits/Residential/Roofing,HURRICANE REROOF,"373 FOUNTAIN ST, PORT CHARLOTTE 33953",27.022886386506922,-82.2081451
20,2005053844,Building/Trade Permits/Residential/Roofing,REPLACE SHINGLE AND FLAT ROOF,"1610 WOODLAWN AVE, PUNTA GORDA 33950",26.92009930528286,-82.03216558
20,2005061756,Building/Trade Permits/Residential/Roofing,REROOF REPLACEMENT SHINGLE SLOPE 4/12-----ORIGINAL 6-15-2005,"465 GARFIELD AVE, PORT CHARLOTTE 33952",26.979631563053807,-82.1147614
20,2005053833,Building/Trade Permits/Residential/Roofing,RE-ROOF MODIFIED-STORM DAMAGE,"2151 FLOYD CT, PORT CHARLOTTE 33952",26.998289040623884,-82.08436585
20,2005053835,Building/Trade Permits/Residential/Roofing,RE-ROOF SHINGLE& MODIFIED-STORM DAMAGE,"21367 BASSETT AVE, PORT CHARLOTTE 33952",27.010682962355805,-82.09551999
20,2005061765,Building/Accessories/Residential/Carport,"REPLACE HURRICANE DAMAGED CARPORT ROOF W/ 3"" COMPOSITE","1448 KINGFISHER DR, ENGLEWOOD 34224",26.93620692778958,-82.32008406
20,2005053839,Building/Trade Permits/Residential/Roofing,TEAR OFF & REROOF HURRICANE DAMAGE,"184 WATERSIDE ST, PORT CHARLOTTE 33954",27.027297854973536,-82.09494778
20,2005053840,Building/Trade Permits/Residential/Roofing,R/R SHINGLE TO GALVALUME  HURRICANE CHAR,"28210 NIGHTINGALE DR, PUNTA GORDA 33955",26.834806520860653,-81.98291783
20,2005053816,Building/Trade Permits/Residential/Roofing,SHINGLE REMOVAL & REPLACE W/NEW SHINGLES,"751 CRESTVIEW CIR, PORT CHARLOTTE 33948",26.998119248140732,-82.12562562
20,2005053848,Building/Trade Permits/Residential/Roofing,REPLACE SHINGLE AND FLAT ROOF,"18099 PETOSKEY CIR, PORT CHARLOTTE 33948",26.954429493063774,-82.15300757
20,2005053822,Building/Trade Permits/Residential/Roofing,REMOVE & REPLACE SHINGLE ROOF SYSTEM-------ORIGINAL 6-15-2005,"37581 WASHINGTON LOOP RD, PUNTA GORDA 33982",26.975630977686205,-81.92737758
20,2005053828,Building/Trade Permits/Residential/Roofing,FLAT RE-ROOF,"21695 AUGUSTA AVE, PORT CHARLOTTE 33952",26.99271197,-82.08737948
20,2005050508,Building/Accessories/Residential/Lanai,LOT 138 INSTALL FREE STANDING 9'X21'X9' SCREEN ROOM & 10'X23' ROOF   XREF: SL 2005032159,"35711 WASHINGTON LOOP RD, PUNTA GORDA 33982",26.972623747777078,-81.8953654
20,2005053831,Building/Trade Permits/Residential/Roofing,RE-ROOF MODIFIED-STORM DAMAGE,"21252 KNOLLWOOD AVE, PORT CHARLOTTE 33952",27.01448644210863,-82.09908289
20,2005053847,Building/Trade Permits/Residential/Roofing,REPLACE SHINGLE AND FLAT ROOF,"110 REVERE ST, PORT CHARLOTTE 33952",26.98077387558813,-82.09912104
20,2005061702,Building/Construction/Residential/Remodel,"REROOF,  REPLACEMENT, SHINGLE,  SLOPE ? DRYWALL/ INSULATION, WINDOWS & REPLACE A/C & DUCTWORK","27080 ANN ARBOR AVE, PUNTA GORDA 33983",26.983827658767613,-82.0059228
20,2005053817,Building/Trade Permits/Residential/Roofing,REMOVE OLD TILE ROOF / REPLACE W/NEW TIL,"20034 QUESADA AVE, PORT CHARLOTTE 33948",27.01084313730718,-82.1221923
20,2005046962,Building/Construction/Residential/Remodel,INTERIOR REMODEL--DRYWALL--INSULATION--REROOF--SHINGLE,"297 PARK ST, PORT CHARLOTTE 33952",26.975601249285315,-82.11422734
20,2005053820,Building/Trade Permits/Residential/Roofing,URETHANE RE-ROOF,"21850 EDGEWATER DR, PORT CHARLOTTE 33952",26.964689195235323,-82.08396906
20,2005053845,Building/Trade Permits/Residential/Roofing,HURRICANE REROOF AND FLAT,"21062 RIDDLE AVE, PORT CHARLOTTE 33954",27.021253614469252,-82.10487365
20,2005053802,Building/Trade Permits/Residential/Roofing,HURRICANE REROOF,"12436 KROME AVE, PORT CHARLOTTE 33981",26.982118613424813,-82.24220272
20,2005061470,Building/Trade Permits/Residential/Roofing,"REROOF REPLACEMENT, TILE, SLOPE 5/12","2511 ACHILLES ST, PORT CHARLOTTE 33980",26.98901544962338,-82.07138055
20,2005053785,Building/Trade Permits/Residential/Roofing,TEAR OFF & INSTALL NEW SHINGLE ROOF,"2133 LAKEVIEW, PORT CHARLOTTE 33948",27.00028621378033,-82.13389591
20,2005061463,Building/Trade Permits/Residential/Roofing,RE-ROOF; SHINGLE REPLACEMENT SLOPE:4/12  -- STORM DAMAGE,"7447 CASTLEBERRY TER, ENGLEWOOD 34224",26.921737682473747,-82.30171963
20,2005053803,Building/Trade Permits/Residential/Roofing,HURRICANE REROOF----ORIGINAL 6-14-2005,"1323 ABALOM ST, PORT CHARLOTTE 33980",27.008602274127355,-82.06546782
20,2005061462,Building/Trade Permits/Residential/Roofing,RE-ROOF: SHINGLE REPLACEMENT SLOPE:4/12  -- STORM DAMAGE,"62 MARINER LN, ROTONDA 33947",26.90316192,-82.28293607
20,2005061464,Building/Trade Permits/Residential/Roofing,RE-ROOF; TILE REPLACEMENT SLOPE:3/12  -- STORM DAMAGE,"160 CADDY RD, ROTONDA WEST FL 33947",26.89009100250307,-82.28218081
20,2005053768,Building/Trade Permits/Residential/Roofing,REROOF WITH SHINGLES STORM ROOF,"17113 DOYLE AVE, PORT CHARLOTTE 33954",27.029214964993844,-82.16893762
20,2005061480,Building/Trade Permits/Residential/Roofing,REROOF REPLACEMENT METAL SLOPE ?/ ORIG 06/14/05,"2090 BROAD RANCH DR, PORT CHARLOTTE 33948",26.999681359356888,-82.13013462
20,2005061508,Building/Trade Permits/Residential/Roofing,"RE-ROOF, REPLACE, SHINGLE  SLOPE 3/12  STORM DAMAGE","5450 MAZE DR, PUNTA GORDA 33982",26.949569766201776,-81.99494175
20,2005061525,Building/Trade Permits/Residential/Roofing,SHINGLE ROOF REPLACE   SLOPE 5/12  38 SQ'S,"25865 AYSEN DR, PUNTA GORDA 33983",27.02468103124724,-82.04035193
20,2005061472,Building/Trade Permits/Residential/Roofing,"REROOF, REPLACEMENT, TILE, SLOPE 5/12","3387 IDLEWILD ST, PORT CHARLOTTE 33980",26.97971925539545,-82.07390589
20,2005053787,Building/Trade Permits/Residential/Roofing,TEAR OFF AND INSTALL NEW SHINGLE ROOF   ORIG 6/14/2005,"21294 COVINGTON AVE, PORT CHARLOTTE 33952",27.00782786639694,-82.09789277
20,2005053804,Building/Trade Permits/Residential/Roofing,HURRICANE REROOF,"2360 PICNIC ST, PORT CHARLOTTE 33952",26.99312031467789,-82.10671993
20,2005061509,Building/Trade Permits/Residential/Roofing,REROOF REPLACEMENT ROLLED SLOPE 1 1/2,"22363 MIDWAY BLVD, PORT CHARLOTTE 33952",26.99914541668847,-82.0793838
20,2005061516,Building/Trade Permits/Residential/Roofing,PILOT TRAVEL CENTER REROOF REPLACEMENT,"26505 JONES LOOP RD, PUNTA GORDA 33950",26.894560607921978,-82.00924464
20,2005061512,Building/Trade Permits/Residential/Roofing,"REROOF, REPLACEMENT,, METAL/ORIG 06/14/05","529 RIO VISTA AVE, PUNTA GORDA 33982",27.020522994264045,-81.97061923
20,2005061498,Building/Trade Permits/Residential/Roofing,SHINGLE ROOF REPLACE   SLOPE 5/12  30 SQ'S,"1388 KARIN TER, PORT CHARLOTTE 33952",27.00745005032183,-82.0817719
20,2005053775,Building/Trade Permits/Residential/Roofing,SHINGLE RE-ROOF 36 SQUARE,"23133 CORVIN AVE, PORT CHARLOTTE 33954",27.027990271272788,-82.06990809
20,2005061496,Building/Trade Permits/Residential/Roofing,SHINGLE ROOF REPLACE  SLOPE 5/12  30 SQ'S,"399 YEAGER ST, PORT CHARLOTTE 33954",27.021261337639032,-82.11450952
20,2005053772,Building/Trade Permits/Residential/Roofing,RE ROOF URETHANE,"5351 SWAYING PALM DR, PUNTA GORDA 33982",26.958444646860443,-81.95148462
20,2005061581,Building/Construction/Residential/Remodel,REROOF REPLACEMENT TILE SLOPE 5/12,"1053 INVERNESS ST, PORT CHARLOTTE 33952",27.01616850949576,-82.07117458
20,2005061461,Building/Construction/Commercial/Miscellaneous,"FLAT RE-ROOF & FRAMING, REPAIRING BLOCK WALL AND SLAB AND PLUMBING","4732 TAMIAMI TRL, PORT CHARLOTTE FL 33980",26.959272259197935,-82.0675278
20,2005053769,Building/Trade Permits/Residential/Roofing,REROOF FLATDECK COLD PROCESS,"1015 TROPICAL AVE, PORT CHARLOTTE 33948",26.99609377107509,-82.13249976
20,2005053800,Building/Trade Permits/Residential/Roofing,RE-SHINGLE 1/2 ROOF,"4745 DUNCAN RD, PUNTA GORDA FL 33982",26.96477668938862,-81.97738557
20,2005061495,Building/Trade Permits/Residential/Roofing,SHINGLE ROOF REPLACE  SLOPE 6/12  33 SQ'S,"1008 BORDER ST, PORT CHARLOTTE 33953",27.018165573183754,-82.19550331
20,2005053805,Building/Trade Permits/Residential/Roofing,HURRICANE REROOF---ORIG DATE 6/14/05,"20263 HILLSBOROUGH BLVD, PORT CHARLOTTE 33954",27.032198052675696,-82.11472314
20,2005061459,Building/Trade Permits/Residential/Roofing,RE-ROOF; SHINGLE REPLACEMENT SLOPE:3/12   -- STORM DAMAGE,"1550 LORALIN DR, ENGLEWOOD 34223",26.941099055722294,-82.34240728
20,2005053747,Building/Trade Permits/Residential/Roofing,REPLACE SHINGLE ROOF ONLY,"2109 LAKEVIEW BLVD, PORT CHARLOTTE 33948",27.000818281064088,-82.13434601
20,2005053764,Building/Trade Permits/Residential/Roofing,REROOF SHINGLE,"1469 HINTON, PORT CHARLOTTE 33952",27.004367831514035,-82.10961151
20,2005053707,Building/Trade Permits/Residential/Roofing,COMPLETE ROOF REPLACEMENT,"22243 CATHERINE AVE, PORT CHARLOTTE 33952",26.996521032049525,-82.08599847
20,2005053745,Building/Trade Permits/Residential/Roofing,HURRICANE REROOF AND FLAT---ORIG DATE 6/13/05,"15101 RICHMOND ST, PUNTA GORDA 33955",26.869035820125397,-82.00260423
20,2005053750,Building/Trade Permits/Residential/Roofing,HURRICANE REROOF,"18512 EBB AVE, PORT CHARLOTTE 33948",26.978300059698764,-82.14027409
20,2005053765,Building/Trade Permits/Residential/Roofing,SHINGLE REROOF---ORIG DATE 6/13/05,"13534 ALBERTA, PORT CHARLOTTE 33981",26.93578898690026,-82.22318264
20,2005053758,Building/Trade Permits/Residential/Roofing,REROOF SHINGLE  (HD),"1075 ARCHER, PORT CHARLOTTE 33952",27.015750885615134,-82.11360173
20,2005061403,Building/Trade Permits/Residential/Roofing,RE-ROOF; SHINGLE REPLACEMENT SLOPE:5/12  -- STORM DAMAGE,"11322 STARFLOWER AVE, ENGLEWOOD 34224",26.930143405873785,-82.26211554
20,2005053699,Building/Trade Permits/Residential/Roofing,INSTALL NEW ROOF,"18101 WINTERGARDEN AVE, PORT CHARLOTTE 33948",26.988313721253697,-82.15289314
20,2005053721,Building/Trade Permits/Residential/Roofing,COMPLETE ROOF REPLACEMENT,"27035 MENTOR LN, PUNTA GORDA 33983",26.99386401004393,-82.00704951
20,2005061420,Building/Trade Permits/Residential/Roofing,RE-ROOF; SHINGLE REPLACEMENT SLOPE:3/12  --STORM DAMAGE,"170 CADDY RD, ROTONDA 33947",26.890090815092773,-82.28340144
20,2005053762,Building/Trade Permits/Residential/Roofing,REROOF SHINGLE,"20329 ASTORIA, PORT CHARLOTTE 33952",27.00291442102807,-82.11320499
20,2005053759,Building/Trade Permits/Residential/Roofing,"METAL RE-ROOF, HURRICANE REPAIR","20278 ASTORIA AVE, PORT CHARLOTTE 33952",27.00336848270722,-82.11463167
20,2005061421,Building/Trade Permits/Residential/Roofing,RE-ROOF; SHINGLE RECOVER SLOPE:5/12,"3587 GILLOT BLVD, PORT CHARLOTTE 33981",26.97522366447919,-82.24758148
20,2005053711,Building/Trade Permits/Residential/Roofing,COMPLETE ROOF REPLACEMENT,"2813 LARKSPUR DR, PUNTA GORDA 33950",26.913120143114913,-82.05153651
20,2005053752,Building/Trade Permits/Residential/Roofing,R&R HURRICANE DAMAGED SHINGLES,"24806 NOVA LN, PORT CHARLOTTE 33980",26.99226002685788,-82.03268431
20,2005053757,Building/Trade Permits/Residential/Roofing,RE-ROOF DUE TO HURRACAINE CHARLIE,"32 TUCUMAN ST, PUNTA GORDA 33983",27.030912269428512,-82.01103981
20,2005061341,Building/Trade Permits/Residential/Roofing,RE-ROOF; SHINGLE REPLACEMENT SLOPE:4/12  -- STORM DAMAGE,"26300 ASUNCION DR, PUNTA GORDA 33983",27.028175354293843,-82.01622776
20,2005053731,Building/Trade Permits/Residential/Roofing,RE-ROOF SHINGLE,"6126 GILLOT BLVD, PORT CHARLOTTE 33981",26.947149181400643,-82.21841424
20,2005053700,Building/Trade Permits/Residential/Roofing,INSTALL GAF SHINGLES,"1575 DAVID, ENGLEWOOD 34223",26.945306896687896,-82.34124754
20,2005053714,Building/Trade Permits/Residential/Roofing,COMPLETE ROOF REPLACEMENT,"23299 QUASAR BLVD, PORT CHARLOTTE 33980",27.009872346375932,-82.06481169
20,2005053755,Building/Trade Permits/Residential/Roofing,REROOF,"445 MELINDA AVE, PUNTA GORDA 33950",26.94365678576798,-82.02120973
20,2005053718,Building/Trade Permits/Residential/Roofing,COMPLETE ROOF REPLACEMENT,"21017 HIGGS DR, PORT CHARLOTTE 33952",26.97144306222997,-82.10434725
20,2005053766,Building/Trade Permits/Residential/Roofing,REROOF SHINGLE,"210 COBLENTZ, PORT CHARLOTTE 33954",27.026395713248583,-82.08023077
20,2005053763,Building/Trade Permits/Residential/Roofing,REROOF SHINGLE,"1112 BARBOUR, PORT CHARLOTTE 33948",26.984251061917867,-82.13499454
20,2005053708,Building/Trade Permits/Residential/Roofing,COMPLETE ROOF REPLACEMENT,"18049 GARVIN AVE, PORT CHARLOTTE 33948",27.002244877125367,-82.15443422
20,2005053751,Building/Trade Permits/Residential/Roofing,HURRICANE REROOF,"580 CLEARVIEW DR, PORT CHARLOTTE 33953",27.020610874190155,-82.19895168
20,2005053760,Building/Trade Permits/Residential/Roofing,REROOF SHINGLE  (HD),"1435 PROPER, PORT CHARLOTTE 33952",27.00536917354707,-82.11237334
20,2005053761,Building/Trade Permits/Residential/Roofing,REROOF SHINGLE  (HD),"1464 NEAPOLITAN RD, Port Charlotte FL 33983",27.009044565700723,-82.02146146
20,2005053732,Building/Trade Permits/Residential/Roofing,SHINGLE RE-ROOF HURRICANE DAMAGE,"23333 SWALLOW AVE, PORT CHARLOTTE 33954",27.02577403285791,-82.06380466
20,2005053704,Building/Trade Permits/Residential/Roofing,RE-ROOF,"2326 BENGAL CT, PUNTA GORDA 33983",26.99388314013364,-82.01463316
20,2005053702,Building/Trade Permits/Residential/Roofing,REMOVE BROKEN TILE REROOF WITH SHINGLE,"18414 TEMPLE, PORT CHARLOTTE 33948",26.987415209542096,-82.14341731
20,2005053748,Building/Trade Permits/Residential/Roofing,HURRICANE REROOF AND FLAT,"27233 WHITMAN AVE, PUNTA GORDA 33983",26.98506341179787,-82.00123599
20,2005053713,Building/Trade Permits/Residential/Roofing,COMPLETE ROOF REPLACEMENT,"1345 YORKSHIRE ST, PORT CHARLOTTE 33952",27.00810235796724,-82.10372155
20,2005061240,Building/Trade Permits/Residential/Roofing,"RE-ROOF, REPLACE, SINGLE PLY FLAT  SLOPE 1/12","21338 PERCY AVE, PORT CHARLOTTE 33952",26.99596791334125,-82.09689338
20,2005061236,Building/Trade Permits/Residential/Roofing,"RE-ROOF, REPLACE, SINGLE PLY FLAT  SLOPE 1/12","22352 AUGUSTA AVE, PORT CHARLOTTE 33952",26.99582682409296,-82.08332059
20,2005053679,Building/Trade Permits/Residential/Roofing,"REMOVE TILE, REPLACE WITH SHINGLE","1478 ATLAS ST, PORT CHARLOTTE 33952",27.004243760547613,-82.11278534
20,2005061302,Building/Trade Permits/Residential/Roofing,"RE-ROOF, REPLACE, SHINGLE  SLOPE 3/12    ORIG 6/10/2005","6606 ORANGE BLOSSOM LN, PUNTA GORDA 33982",26.963869116500277,-81.98168939
20,2005061203,Building/Construction/Residential/Miscellaneous,REPAIR DAMAGED ROOF TRUSSES -- STORM DAMAGE INCLUDING ROOF,"22233 TENNYSON AVE, PORT CHARLOTTE 33954",27.018987725172938,-82.0846482
20,2005061220,Building/Construction/Commercial/Remodel,"ROOFING, CARPENTRY, TRUSSES, DRYWALL, ELECTRIC, PLUMB, HVAC, INSULATION","3749 TAMIAMI TER, PORT CHARLOTTE 33952",26.974023810853673,-82.0891189
20,2005061169,Building/Trade Permits/Residential/Roofing,RE-ROOF; SHINGLE REPLACEMENT SLOPE:3/12,"9 CADDY RD, ROTONDA 33947",26.87953369229747,-82.28910832
20,2005061197,Building/Trade Permits/Residential/Roofing,RE-ROOF; SHINGLE REPLACEMENT SLOPE:6/12  -- STORM DAMAGE,"734 CRESTVIEW CIR, PORT CHARLOTTE 33948",26.997686447209777,-82.1245041
20,2005061303,Building/Construction/Residential/Remodel,"DRYWALL AND INSULATION, REPAIR ROOF, PLUMBING AND ELECRTIC","23200 ABRADE AVE, PORT CHARLOTTE 33980",27.005548548154216,-82.06785583
20,2005061235,Building/Construction/Residential/Remodel,"REROOF, SHINGLE, SLOPE 3/12,  MINOR DRYWALL AND INSULATION IN CEILING  WALLS","23391 ABRADE AVE, PORT CHARLOTTE 33980",27.005052566196113,-82.0620498
20,2005061242,Building/Trade Permits/Residential/Roofing,"RE-ROOF, REPLACE, SHINGLE  SLOPE 4/12 - 5/12","2261 BREMEN CT, PUNTA GORDA 33983",26.99610510662593,-82.02308649
20,2005061241,Building/Trade Permits/Residential/Roofing,"RE-ROOF, REPLACE, FLAT  SLOPE 1/12","104 BARRE DR, PORT CHARLOTTE 33952",26.979854548307387,-82.09931178
20,2005061156,Building/Accessories/Residential/Carport,LOT U-657 REBUILD CARPORT AND ROOF OVER SHED -  STORM DAMAGE,"2100 KINGS HWY, PORT CHARLOTTE 33980",26.999233302768417,-82.05657329
20,2005061151,Building/Trade Permits/Residential/Roofing,RE-ROOF MODIFIED BITUMEN,"21123 BERSELL AVE, PORT CHARLOTTE 33952",26.995721912301697,-82.10332482
20,2005053665,Building/Trade Permits/Residential/Roofing,HURRICANE REROOF,"15066 COMMUNITY AVE, PORT CHARLOTTE 33953",27.020218031254966,-82.2032624
20,2005061081,Building/Trade Permits/Residential/Roofing,REROOF REPLACEMENT SHINGLE SLOPE 4/12,"11405 SEVENTH AVE, PUNTA GORDA 33955",26.862845210560515,-82.00321271
20,2005053670,Building/Trade Permits/Residential/Roofing,TEAR OFF AND RESHINGLE,"1421 ULTRAMARINE LN, PUNTA GORDA 33983",27.005575057225045,-82.01981351
20,2005061124,Building/Trade Permits/Residential/Roofing,"RE-ROOF, REPLACE, SHINGLES  SLOPE 4/12","14961 SR 31, PUNTA GORDA 33982",26.770140741149383,-81.76044169
20,2005061065,Building/Accessories/Residential/Carport,"LOT 722  ALUM PAN ROOF, CARPORT & BONDED PATIO","2100 KINGS HWY, PORT CHARLOTTE 33980",26.999233302768417,-82.05657329
20,2005061071,Building/Accessories/Residential/Carport,LOT  441   REPLACEMENT ROOF OVER CARPORT & SCREEN ROOM  ORIG 7/18/05      1/31/06,"29200 JONES LOOP RD, PUNTA GORDA 33950",26.877499466515914,-81.99328296
20,2005061139,Building/Trade Permits/Residential/Roofing,"REROOF, REPLACEMENT, SHINGLE, SLOPE 6/12-----ORIGINAL 6-09-2005","3379 IDLEWILD ST, PORT CHARLOTTE 33980",26.97995197697109,-82.07384497
20,2005061109,Building/Construction/Residential/Addition,SHINGLE REPLACE AND ADDITION & MISC INTERIOR REMODEL,"19261 PINE BLUFF CT, PORT CHARLOTTE 33948",26.953464630282806,-82.13174439
20,2005053671,Building/Trade Permits/Residential/Roofing,TEAR OFF AND RESHINGLE,"1232 ALTON RD, PORT CHARLOTTE 33952",27.01122477557248,-82.08400725
20,2005053660,Building/Trade Permits/Residential/Roofing,REPLACE ROOF DAMAGED BY STORM,"125 SINCLAIR ST, PORT CHARLOTTE 33952",26.962243937185292,-82.10218819
20,2005061069,Building/Accessories/Residential/Carport,LOT 326    REPLAEMENT ROOF OVER CARPORT & SCREEN ROOM  ORIG 7/12/05,"29200 JONES LOOP RD, PUNTA GORDA 33950",26.877499466515914,-81.99328296
20,2005061023,Building/Trade Permits/Residential/Roofing,"REROOF, RECOVER WITH REPLACEMENT ON SOUTH SIDE , SHINGLE, SLOPE 5/12","12038 KELLER AVE, PORT CHARLOTTE 33981",26.987026326383386,-82.25415808
20,2005053667,Building/Trade Permits/Residential/Roofing,TEAR OFF & REROOF HURRICANE DAMAGE,"21272 WARDELL AVE, PORT CHARLOTTE 33952",27.00950052486314,-82.09852604
20,2005060870,Building/Trade Permits/Residential/Roofing,"REROOF, REPLACEMENT, SHINGLE, SLOPE 5/12 ORIG 6/9/2005","155 COCONUT ST, PORT CHARLOTTE 33980",26.969644437962067,-82.04267126
20,2005060892,Building/Trade Permits/Residential/Roofing,"RE-ROOF, REPLACE, SHINGLES  SLOPE 5/12  STORM DAMAGE","327 AURORA ST, PORT CHARLOTTE 33948",26.98043241092144,-82.13262183
20,2005053590,Building/Trade Permits/Residential/Roofing,RE-ROOF,"3157 CRESTWOOD DR, PORT CHARLOTTE 33952",26.98458293004342,-82.09291075
20,2005060854,Building/Accessories/Residential/Lanai,STORM DAMAGE CONCRETE SCREEN ROOM WITH PAN ROOF,"301 SALEM AVE, PORT CHARLOTTE 33952",26.979013402796166,-82.09982293
20,2005053629,Building/Trade Permits/Residential/Roofing,REROOF,"2543 CONWAY BLVD, PORT CHARLOTTE 33952",26.989898642846295,-82.08539588
20,2005053617,Building/Trade Permits/Residential/Roofing,RE-ROOF TILE-STORM DAMAGE,"581 WEST TARPON BLVD, PORT CHARLOTTE 33952",26.986078173280145,-82.11494439
20,2005060852,Building/Construction/Residential/Addition,"CONCRETE, SCREEN ROOM W' COMP ROOF","1809 BIRMINGHAM BLVD, PORT CHARLOTTE 33980",27.007419455603824,-82.04932408
20,2005060872,Building/Trade Permits/Residential/Roofing,"REROOF, REPLACEMENT, SHINGLE, SLOPE 3/12 ORIG 6/9/2005","2313 EASY ST, PORT CHARLOTTE 33952",26.99418641608249,-82.0941086
20,2005053634,Building/Trade Permits/Residential/Roofing,HURRICANE REROOF AND FLAT,"21290 STILLWATER AVE, PORT CHARLOTTE 33952",26.99377156353208,-82.09825023
20,2005060859,Building/Accessories/Residential/Lanai,SCREEN ROOM WITH PAN ROOF,"22227 LASALLE RD, PORT CHARLOTTE 33952",27.000030555704107,-82.0836258
20,2005053592,Building/Trade Permits/Residential/Roofing,REPLACE LEFT SIDE FLAT ROOF ONLY,"291 SKYLARK LN, PORT CHARLOTTE 33952",26.979288046972723,-82.11228179
20,2005060886,Building/Accessories/Residential/Lanai,REPLACE LANAI W/COMPOSITE ROOF,"27365 VOYAGEUR DR, PUNTA GORDA 33983",26.988372937420785,-81.99719232
20,2005053635,Building/Trade Permits/Residential/Roofing,HURRICANE REROOF,"4301 RIVERSIDE DR, PUNTA GORDA 33982",26.95094675230198,-82.00423435
20,2005060911,Building/Trade Permits/Residential/Roofing,"REROOF, REPLACMENT, SHINGLE, SLOPE 3/12","20435 COPELAND AVE, PORT CHARLOTTE 33952",27.014938248781515,-82.1097641
20,2005053584,Building/Trade Permits/Residential/Roofing,RE-ROOF SHINGLE & MODIFIED-STORM DAMAGE,"860 FAIRFAX TER, PORT CHARLOTTE 33948",26.993461561623853,-82.12557228
20,2005060853,Building/Accessories/Residential/Lanai,REPLACE DAMAGED COMPOSITE ROOF ONLY ON EXISTING SCREEN ROOM,"10196 ASBURY AVE, ENGLEWOOD 34224",26.92196643121844,-82.28249353
20,2005053583,Building/Trade Permits/Residential/Roofing,REPLACE WITH ONE PLY ROOF SYSTEM,"2143 FLOYD CT, PORT CHARLOTTE 33952",26.99846636365112,-82.08450311
20,2005053628,Building/Trade Permits/Residential/Roofing,REROOF,"20298 XITA AVE, PORT CHARLOTTE 33952",27.01142696825752,-82.1141357
20,2005053588,Building/Trade Permits/Residential/Roofing,RE-ROOF MODIFIED-STORM DAMAGE,"2365 ACHILLES ST, PORT CHARLOTTE 33980",26.992792167001145,-82.07005303
20,2005060941,Building/Accessories/Residential/Lanai,POOL SCREEN AND INSULATED ROOF   ( 2/26/06 ),"28100 INCHON AVE, PUNTA GORDA 33955",26.84821516067265,-81.9863739
20,2005053627,Building/Trade Permits/Residential/Roofing,METAL ROOF,"1382 MARICAL TER, PUNTA GORDA 33983",27.00673380993428,-81.99995388
20,2005053633,Building/Trade Permits/Residential/Roofing,REROOF,"21309 PEACHLAND BLVD, PORT CHARLOTTE 33952",27.017329014962005,-82.09729971
20,2005053621,Building/Trade Permits/Residential/Roofing,HURRICANE DAMAGE REROOF 15SQ GAF T-30,"21440 MIDWAY BLVD, PORT CHARLOTTE 33952",26.99962616440434,-82.093834
20,2005060865,Building/Trade Permits/Residential/Roofing,"REROOF, REPLACEMENT, SHINGLE, SLOPE 4/12","2360 HARBOUR DR, PUNTA GORDA 33983",26.994260691105588,-81.99749758
20,2005053618,Building/Trade Permits/Residential/Roofing,RE-ROOF TILE & MODIFIED-STORM DAMAGE,"267 TAIT TER, PORT CHARLOTTE 33952",26.959232439503754,-82.0920486
20,2005053615,Building/Trade Permits/Residential/Roofing,RE-ROOF MODIFIED-STORM DAMAGE,"2360 EDNOR ST, PORT CHARLOTTE 33952",26.993179282969173,-82.10594941
20,2005060881,Building/Accessories/Residential/Lanai,REPLACE SCREEN ROOM W/COMPOSITE ROOF  ( 6/8/05 ),"571 MELROSE AVE, PORT CHARLOTTE 33952",26.977371210004254,-82.11820223
20,2005053616,Building/Trade Permits/Residential/Roofing,RE-ROOF SHINGLE & MODIFIED-STORM DAMAGE,"23464 AVACADO AVE, PORT CHARLOTTE 33980",27.00304994539143,-82.05963142
20,2005053636,Building/Trade Permits/Residential/Roofing,HURRICANE REROOF,"22219 BELINDA AVE, PORT CHARLOTTE 33952",26.99530604551249,-82.08495335
20,2005053589,Building/Trade Permits/Residential/Roofing,RE-ROOF,"4319 MILLS ST, PORT CHARLOTTE 33980",26.964265942010197,-82.06197362
20,2005053631,Building/Trade Permits/Residential/Roofing,SHINGLE REPLACEMENT,"22409 OLEAN BLVD, PORT CHARLOTTE 33952",26.987444040514536,-82.07798767
20,2005053556,Building/Trade Permits/Residential/Roofing,RE ROOF SHINGLE,"20254 ASTORIA, PORT CHARLOTTE 33952",27.00342936146579,-82.11538695
20,2005060751,Building/Accessories/Residential/Cage,REPLACEMENT POOL CAGE WITH ALUMINUM ROOF,"4454 WYNKOOP CIR, PORT CHARLOTTE 33948",26.963060330985115,-82.13665764
20,2005053557,Building/Trade Permits/Residential/Roofing,STORM DAMAGE SHINGLE OVER SHINGLE  --  ORIGINAL DATE 06/07/05,"547 OLIPHANT LN, PUNTA GORDA 33950",26.915031404933863,-82.04189308
20,2005053532,Building/Trade Permits/Residential/Roofing,MODIFIED RUBBER ROOF/HURRICANE REPAIR,"22409 CATHERINE AVE, PORT CHARLOTTE 33952",26.998527569681208,-82.08163446
20,2005060766,Building/Trade Permits/Residential/Roofing,"RE-ROOF, REPLACE, METAL  SPECS TO BE ON JOB SITE  SLOPE 4/12----ORIGINAL  6-07-2005","1053 TROPICAL AVE, PORT CHARLOTTE 33948",26.99616036806186,-82.13718407
20,2005053525,Building/Trade Permits/Residential/Roofing,INSTALL NEW ROOF,"10442 CARNEGIE AVE, ENGLEWOOD 34224",26.930881478226425,-82.27474967
20,2005053563,Building/Trade Permits/Residential/Roofing,HURRICANE REROOF,"22243 ELMIRA BLVD, PORT CHARLOTTE 33952",26.976791283431748,-82.08307645
20,2005053553,Building/Trade Permits/Residential/Roofing,REPAIR/REPLACE ROOF,"845 CONREID DR, PORT CHARLOTTE 33952",26.9658202,-82.09383398
20,2005060645,Building/Trade Permits/Residential/Roofing,RE ROOF SHINGLE REPLACEMENT  5/12  SLOPE  STORM DAMAGE,"28 OAKLAND HILLS PL, ROTONDA 33947",26.88276280839941,-82.28887183
20,2005053524,Building/Trade Permits/Residential/Roofing,INSTALL NEW ROOF,"700 BOWMAN TER, PORT CHARLOTTE 33953",27.017860437169702,-82.18588512
20,2005060808,Building/Construction/Commercial/Miscellaneous,"EXPAND EXISTING DECK & ROOF-METAL 5V - GATOR REST  ADD ELECTRIC FOR FANS AND BAR, BANDSTAND","3816 TAMIAMI TER, PORT CHARLOTTE 33952",26.974187570338596,-82.08658729
20,2005053574,Building/Trade Permits/Residential/Roofing,HURRICANE REROOF,"16616 ACAPULCO RD, PUNTA GORDA 33955",26.784488768379866,-82.04438777
20,2005053567,Building/Trade Permits/Residential/Roofing,HURRICANE REROOF,"21943 BUXTON AVE, PORT CHARLOTTE 33952",26.992340097265636,-82.09159855
20,2005053564,Building/Trade Permits/Residential/Roofing,HURRICANE REROOF,"1197 HARBOR BLVD, PORT CHARLOTTE 33952",27.01218037772505,-82.09422309
20,2005060697,Building/Trade Permits/Residential/Roofing,RE-ROOF; FLAT REPLACEMENT,"1405 ALTON RD, PORT CHARLOTTE 33952",27.006721490379544,-82.08280183
20,2005053536,Building/Trade Permits/Residential/Roofing,STORM DAMAGE REROOF,"1412 PAXTON TER, PORT CHARLOTTE 33952",27.00626169828785,-82.08571619
20,2005060670,Building/Trade Permits/Residential/Roofing,"SHINGLE OVER , SLOPE 5/12  30 SQ'S","3000 CARIBBEAN DR, PUNTA GORDA 33982",26.94550784217969,-82.01723687
20,2005060737,Building/Trade Permits/Residential/Roofing,REROOF REPLACEMENT SHINGLE SLOPE 5/12 UNITS 413 - 424---ORIG DATE 6/7/05,"301 S GULF BLVD, PLACIDA 33946",26.859277020238267,-82.31315276
20,2005053565,Building/Trade Permits/Residential/Roofing,HURRICANE REROOF,"4533 CHURCH ST, PORT CHARLOTTE 33980",26.957893301185702,-82.06930547
20,2005053555,Building/Trade Permits/Residential/Roofing,RE ROOF SHINGLE,"4133 NETTLE RD, PORT CHARLOTTE 33953",26.970901526226125,-82.20798489
20,2005053543,Building/Trade Permits/Residential/Roofing,REROOF,"107 SEVILLE, PORT CHARLOTTE 33952",26.96272658291285,-82.10780411
20,2005053568,Building/Trade Permits/Residential/Roofing,RE ROOF SHINGLE,"2901 PALM, PUNTA GORDA 33950",26.912656891442094,-82.04863156
20,2005053547,Building/Trade Permits/Residential/Roofing,RE-ROOF DUE TO HURRICANE DAMAGE,"1220 HINTON ST, PORT CHARLOTTE 33952",27.011640646415017,-82.10894012
20,2005060767,Building/Trade Permits/Residential/Roofing,"RE-ROOF, REPLACE, METAL  SPECS TO BE ON JOBSITE  SLOPE 5/12  STORM DAMAGE---ORIGINAL 6-7-2005","35200 BERMONT RD, PUNTA GORDA 33982",26.94719111469708,-81.87193881
20,2005053560,Building/Trade Permits/Residential/Roofing,REPLACE SHINGLES WITH METAL ROOF.,"412 ROSE APPLE CIR, PORT CHARLOTTE FL 33954",27.021259447925555,-82.11883547
20,2005060671,Building/Trade Permits/Residential/Roofing,"SHINGLE REPLACEMENT, SLOPE 5/12  40 SQ'S    ORIG 06/07/05","1009 GUILD ST, PORT CHARLOTTE 33952",27.017305241034332,-82.08978269
20,2005053526,Building/Trade Permits/Residential/Roofing,REROOF WITH SHINGLES STORM ROOF// ORIG DATE 6/17/05,"11290 PINEAPPLE, PUNTA GORDA 33955",26.86552238737134,-81.9923706
20,2005060661,Building/Trade Permits/Residential/Roofing,"R/R URETHANE ROOF SYSTEM & PROTECTIVE COV., SLOPE 2/12  20 SQ'S NCFI","535 LINDLEY TER, PORT CHARLOTTE 33952",26.965709758614995,-82.08518987
20,2005053569,Building/Trade Permits/Residential/Roofing,HURRICANE REROOF AND FLAT,"2146 BERMUDA ST, PORT CHARLOTTE 33980",26.99873342,-82.06790164
20,2005053529,Building/Trade Permits/Residential/Roofing,REMOVE OLD SHINGLE REPLACE NEW-      & FLAT ROOF   ----ORIGINAL  06/07/2005,"138 MILLPORT ST, PORT CHARLOTTE 33948",26.975593567911243,-82.12462616
20,2005053542,Building/Trade Permits/Residential/Roofing,ROOF-OVER WITH SHINGLES,"7225 MAMOUTH ST, ENGLEWOOD 34224",26.924522347691113,-82.28987126
20,2005053517,Building/Trade Permits/Residential/Roofing,REROOF SHINGLES HURRICANE----ORIGINAL 06-06-2005,"30175 ALDER RD, PUNTA GORDA 33982",26.992330638168742,-81.95360567
20,2005060551,Building/Trade Permits/Residential/Roofing,REROOF REPLACEMENT SHINGLE SLOPE ??,"3238 SANTA BARBARA DR, PUNTA GORDA 33983",26.98310481,-82.00441736
20,2005060554,Building/Trade Permits/Residential/Roofing,REROOF REPLACEMENT SHINGLE SLOPE 4/12,"488 HIPPEL ST, PORT CHARLOTTE 33954",27.01880073732169,-82.12194063
20,2005060629,Building/Trade Permits/Residential/Roofing,"RE-ROOF, REPLACE, METAL  SLOPE 5/12  STORM DAMAGE  SPECS TO BE ON JOBSITE","6101 DUNCAN RD, PUNTA GORDA 33982",26.944131170292184,-82.01027536
20,2005053515,Building/Trade Permits/Residential/Roofing,REROOF SHINGLE  (HD),"18198 STEELE, PORT CHARLOTTE 33948",26.989656316489427,-82.14996337
20,2005060545,Building/Trade Permits/Residential/Roofing,REROOF REPLACEMENT SHINGLE SLOPE 4/12 AND DECKING,"1098 ALTON RD, PORT CHARLOTTE 33952",27.014831450749874,-82.0851746
20,2005060547,Building/Trade Permits/Residential/Roofing,REROOF REPLACEMENT SHINGLE SLOPE 5/12,"1072 BAY HARBOR DR, ENGLEWOOD 34224",26.92938795228311,-82.33019249
20,2005053518,Building/Trade Permits/Residential/Roofing,HURRICANE REROOF,"27106 CITRUS AVE, PUNTA GORDA 33983",27.001121436289488,-82.00493618
20,2005053522,Building/Trade Permits/Residential/Roofing,REROOF SHINGLE & SINGLE-PLY  (HD),"1157 ZINNEA, PORT CHARLOTTE 33952",27.013258083894293,-82.09834289
20,2005060532,Building/Trade Permits/Residential/Roofing,RE ROOF SHINGLE REPLACEMENT  6/12 SLOPE   STORM DAMAGE,"10397 SANDRIFT AVE, ENGLEWOOD 34224",26.918117612353587,-82.27635958
20,2005060567,Building/Trade Permits/Residential/Roofing,"RE-ROOF, REPLACE, SHINGLES  SLOPE 4/12","108 GRAHAM ST, PORT CHARLOTTE 33952",26.963001310732583,-82.10514825
20,2005053498,Building/Trade Permits/Residential/Roofing,TEAR OFF AND REPLACE  SHINGLES,"22228 MONTROSE AVE, PORT CHARLOTTE 33952",27.002206807067267,-82.0836715
20,2005053519,Building/Trade Permits/Residential/Roofing,HURRICANE REROOF----ORIGINAL 6-06-2005,"2154 PETERBOROUGH RD, PUNTA GORDA 33983",26.998708808481563,-82.02044675
20,2005060569,Building/Trade Permits/Residential/Roofing,"RE-ROOF, REPLACE, SHINGLES  SLOPE 4/12  ORIG 6/6/05","851 RED BAY ST, PORT CHARLOTTE 33948",26.993621755303625,-82.1338578
20,2005060558,Building/Trade Permits/Residential/Roofing,"REROOF, REPLACEMENT, TILE, SLOPE 6/12 AND FLAT MODIFIED","138 LELAND ST, PORT CHARLOTTE 33952",26.96529200936758,-82.09906011
20,2005060537,Building/Trade Permits/Residential/Roofing,RE ROOF SHINGLE REPLACEMENT  4/12 SLOPE  STORM DAMAGE,"204 BUNKER RD, ROTONDA WEST 33947",26.901315691220777,-82.28486634
20,2005053491,Building/Trade Permits/Residential/Roofing,REMOVE OLD AND REPLACE WITH NEW SHINGLES,"3428 PINETREE ST, PORT CHARLOTTE 33952",26.977212951173065,-82.11058815
20,2005060553,Building/Trade Permits/Residential/Demolitions,DEMO OF ROOF AND FRAMING,"22007 PERKIN TER, PORT CHARLOTTE 33952",26.983970656135106,-82.09066006
20,2005053523,Building/Trade Permits/Residential/Roofing,REROOF FRONT LEFT & BACK ONLY (HD),"53 MARK TWAIN LN, ROTONDA WEST 33947",26.893684336735557,-82.28928369
20,2005060498,Building/Trade Permits/Residential/Roofing,REROOF REPLACEMENT MODIFIED SLOPE 1/12,"21447 MALLORY AVE, PORT CHARLOTTE 33952",26.986270849119272,-82.09312432
20,2005053513,Building/Trade Permits/Residential/Roofing,REROOF SHINGLE,"6329 DAVID, PORT CHARLOTTE 33981",26.954113134140076,-82.2436142
20,2005060539,Building/Trade Permits/Residential/Roofing,RE ROOF SHINGLE REPLACEMENT   6/12 SLOPE  STORM DAMAGE,"219 SPORTSMAN RD, ROTONDA WEST 33947",26.90476218343331,-82.26085656
20,2005060601,Building/Trade Permits/Residential/Roofing,REROOF REPLACEMENT TILE SLOPE 7/12,"24646 NOVA LN, PORT CHARLOTTE 33980",26.992862604184648,-82.0378037
20,2005060496,Building/Trade Permits/Residential/Roofing,REROOF REPLACEMENT SHINGLE SLOPE 4/12,"420 BURNING TREE LN, PUNTA GORDA 33982",26.94432652511582,-82.00289911
20,2005060571,Building/Accessories/Residential/Carport,COMPOSITE ROOF CARPORT AND 8X8 X11 SHED   STORM DAMAGE,"7526 DANVERS CIR, PORT CHARLOTTE 33981",26.917459371462968,-82.21562194
20,2005053516,Building/Trade Permits/Residential/Roofing,REROOF,"2147 SHILO, PORT CHARLOTTE 33980",26.998706795913165,-82.0607376
20,2005053514,Building/Trade Permits/Residential/Roofing,COMPLETE ROOF REPLACEMENT,"23088 ROUNTREE AVE, PORT CHARLOTTE 33980",26.987119809590325,-82.07137306
20,2005060535,Building/Trade Permits/Residential/Roofing,RE ROOF TILE REPLACEMENT   6/12 SLOPE   STORM DAMAGE,"6 LEEWARD DR, PLACIDA 33946",26.85776513607428,-82.29029843
20,2005060635,Building/Trade Permits/Residential/Roofing,"RE-ROOF,  REPLACE,  SHINGLE SLOPE 3/12  STORM DAMAGE","140 ROSELLE CT, PORT CHARLOTTE 33952",26.962583487765368,-82.08480067
20,2005053487,Building/Trade Permits/Residential/Roofing,SHINGLE REROOF-STORM DAMAGE// 06/03/05,"2516 COLLINGSWOOD BLVD, PORT CHARLOTTE 33948",26.989280610212578,-82.15570072
20,2005053482,Building/Trade Permits/Residential/Roofing,REPLACE SHINGLES,"2443 LINTON LN, PORT CHARLOTTE 33952",26.991762059988947,-82.10919188
20,2005060481,Building/Trade Permits/Residential/Roofing,REROOF--RECOVER--MODIFIED BIT SLOPE 2/12,"204 WATERWAY CIR, PORT CHARLOTTE 33952",26.97376645052353,-82.11006932
20,2005060338,Building/Construction/Residential/Miscellaneous,"REPAIRING  PRO-FAB ROOF, SCREEN ROOF ON EXISTING CONCRETE","345 RIO VISTA AVE, PUNTA GORDA 33982",27.025697674978133,-81.97046656
20,2005060360,Building/Accessories/Residential/Cage,REPLACE STORM DAMAGED CAGE & PATIO ROOF          ORIG 7/22/05,"18408 POSTON AVE, PORT CHARLOTTE 33948",26.982444881883268,-82.14350892
20,2005053486,Building/Trade Permits/Residential/Roofing,SHINGLE REROOF-STORM DAMAGE ALSO 1.5/12 HOT MOP 14 SQ,"22086 BEVERLY, PORT CHARLOTTE 33952",26.992486842682723,-82.08702856
20,2005060340,Building/Accessories/Residential/Lanai,LOT 108  REPAIR PAN ROOF AND SCREEN ROOM----ORIGINAL 7-13-2005,"17100 TAMIAMI TER, PUNTA GORDA 33955",26.770266831687888,-81.9278654
20,2005060339,Building/Construction/Residential/Miscellaneous,"REPAIR PAN ROOF, CARORT ON EXISTING CONCRET, NEW STORM PANELS","3125 BAYBERRY AVE, PUNTA GORDA 33950",26.91015055086947,-82.05846407
20,2005060344,Building/Accessories/Residential/Carport,LOT 94   REPAIR CARPORT AND PAN ROOF,"15550 BURNT STORE RD, PUNTA GORDA 33955",26.800111665551228,-82.03461822
20,2005053479,Building/Trade Permits/Residential/Roofing,HURRICANE DAMAGED SHINGLE RE-ROOF,"125 CHICKERING ST, PORT CHARLOTTE 33954",27.02877419540253,-82.08598334
20,2005060345,Building/Construction/Residential/Miscellaneous,"LOT 95   REPLACE PAN ROOF, SCREEN ROOM, WITH VINYL WINDOWS-----ORIGINAL 7-22-2005. PLAN ALTERATION: SGD AND TRACK BETWEENLANAI AND","15550 BURNT STORE RD, PUNTA GORDA 33955",26.800111665551228,-82.03461822
20,2005060362,Building/Trade Permits/Residential/Roofing,TILE ROOF REPLACE  SLOPE 5/12  50 SQ'S,"4152 REIF CT, PORT CHARLOTTE 33948",26.96994391773916,-82.16970055
20,2005060361,Building/Trade Permits/Residential/Roofing,SHINGLE ROOF REPLACE   SLOPE 4/12  24 1/2 SQ'S,"21556 EDGEWATER DR, PORT CHARLOTTE 33952",26.964918072459103,-82.09275815
20,2005053449,Building/Trade Permits/Residential/Roofing,RE ROOF SHINGLE,"2114 KADER ST, PORT CHARLOTTE FL 33952",27.00024799383649,-82.09970864
20,2005053457,Building/Trade Permits/Residential/Roofing,SHINGLE RE-ROOF,"1184 CORKTREE CIR, PORT CHARLOTTE 33948",27.012847911066064,-82.12187958
20,2005053463,Building/Trade Permits/Residential/Roofing,SHINGLE RE-ROOF,"29340 PINE VILLA CIR, PUNTA GORDA 33982",27.015615543391544,-81.96291344
20,2005060245,Building/Construction/Residential/Remodel,"SHINGLE ROOF REPLACE SLOPE 4/12, DRYWALL, INSULATION ETC","2223 EASY ST, PORT CHARLOTTE 33952",26.99638570084962,-82.09343727
20,2005060284,Building/Accessories/Residential/Dock,"CONSTRUCT A 144 SQ FT WOOD DOCK EXTENSION, INSTALL A 10,000 LB BOAT HOIST WITH ROOF","2436 BROAD RANCH DR, PORT CHARLOTTE 33948",26.99272730046409,-82.12313079
20,2005060275,Building/Trade Permits/Residential/Roofing,SHINGLE ROOF REPLACEMENT  SLOPE 4/12  28 SQ'S,"19061 TOLEDO BLADE BLVD, PORT CHARLOTTE 33948",,
20,2005060252,Building/Accessories/Residential/Lanai,INSTALL COMPOSITE ROOF SCREEN WALL ON EXISTING SLAB,"22350 GLENEAGLES TER, PORT CHARLOTTE 33952",26.99383160706125,-82.07994081
20,2005060229,Building/Trade Permits/Residential/Roofing,SHINGLE ROOF REPLACEMENT  SLOPE 6/12  38 SQ'S,"18447 MONET AVE, PORT CHARLOTTE 33948",26.99703591539838,-82.14223479
20,2005053460,Building/Trade Permits/Residential/Roofing,SHINGLE RE-ROOF,"21246 GIDDINGS AVE, PORT CHARLOTTE 33952",27.007026658901417,-82.09938053
20,2005053452,Building/Trade Permits/Residential/Roofing,HURRICANE DAMAGED SHINGLE REROOF,"365 GRENADA ST, PORT CHARLOTTE 33948",26.980251242037678,-82.12784581
20,2005060219,Building/Trade Permits/Residential/Roofing,"REROOF, REPLACEMENT, SHINGLE, SLOPE 4/12  ORIG ISSUED 6/2/05","18451 INWOOD AVE, PORT CHARLOTTE 33948",26.995386010183832,-82.14215857
20,2005060251,Building/Construction/Residential/Remodel,"REROOF, METAL, SLOPE 2/12, INSULATION AND DRYWALL,   ENGINEER LETTER ON FILE","3151 HIGHLANDS RD, PUNTA GORDA 33983",26.984035367616748,-82.0087128
20,2005053464,Building/Trade Permits/Residential/Roofing,TEAR OFF AND REROOF - HURRICANE DAMAGE,"10051 STONECROP AVE, ENGLEWOOD 34224",26.916402725087217,-82.28697967
20,2005046369,Building/Trade Permits/Residential/Roofing,REROOF-HURICANE DAMAGE  ---------  ORIGINAL DATE 06/01/05,"27268 WHITMAN AVE, PUNTA GORDA 33983",26.985464208213845,-82.00036614
20,2005060107,Building/Trade Permits/Residential/Roofing,RE-ROOF SHINGLES 4/12--STORM DAMAGE,"4 W POINT CIR, ENGLEWOOD 34224",26.88515079560267,-82.24407197
20,2005046368,Building/Trade Permits/Residential/Roofing,REROOF-SHINGLE/FLAT,"8528 HEISTER ST, PUNTA GORDA 33982",26.973235406852773,-81.9608552
20,2005046382,Building/Trade Permits/Residential/Roofing,RE ROOF STORM DAMAGE,"1227 BIRCHCREST BLVD, PORT CHARLOTTE 33952",27.011438316519396,-82.09077451
20,2005053437,Building/Trade Permits/Residential/Roofing,RE-ROOF,"21230 STILLWATER AVE, PORT CHARLOTTE 33952",26.993715237810896,-82.10006715
20,2005060036,Building/Trade Permits/Residential/Roofing,SHINGLE ROOF REPLACEMENT  SLOPE 4/12  24 SQ'S,"22541 BOLANOS CT, PORT CHARLOTTE 33952",26.99467092,-82.07384498
20,2005060065,Building/Trade Permits/Residential/Roofing,"REROOF, RECOVER, METAL, SLOPE 4/12","2919 SHANNON DR, PUNTA GORDA FL 33950",26.944964345669888,-82.01721397
20,2005060060,Building/Trade Permits/Residential/Roofing,RE-ROOF SHINGLE 6/12,"18441 HOTTELET CIR, PORT CHARLOTTE 33948",26.962488311505794,-82.14569858
20,2005060068,Building/Trade Permits/Residential/Roofing,"REROOF, REPLACEM,ENT, SHINGLE, SLOPE 5/12","3630 MAGNOLIA WAY, PUNTA GORDA 33950",26.905385881249934,-82.05035403
20,2005046370,Building/Trade Permits/Residential/Roofing,SHINGLE AND TAR PAPER REPLACEMENT- HURRICAN DAMAGE,"673 NORWOOD ST, PORT CHARLOTTE 33952",26.98999027551035,-82.11272436
20,2005060111,Building/Trade Permits/Residential/Roofing,RE-ROOF SHINGLES  4/12-- STORM DAMAGE,"231 MARK TWAIN LN, ROTONDA WEST 33947",26.902391356682518,-82.28350073
20,2005060074,Building/Trade Permits/Residential/Roofing,RE ROOF SHINGLE REPLACEMENT   4/12 SLOPE  STORM DAMAGE,"22311 MONTROSE AVE, PORT CHARLOTTE 33952",27.001752830766367,-82.08106231
20,2005060109,Building/Trade Permits/Residential/Roofing,RE-ROOF SHINGLES  4/12,"6319 HERA ST, ENGLEWOOD 34224",26.936300206709017,-82.27124023
20,2005060110,Building/Trade Permits/Residential/Roofing,RE-ROOF SHINGLES  4/12 -- STORM DAMAGE,"13497 DARNELL AVE, PORT CHARLOTTE 33981",26.943891460410523,-82.22473908
20,2005046373,Building/Trade Permits/Residential/Roofing,REROOF,"450 CHURCH AVE, PORT CHARLOTTE 33952",26.983402305626967,-82.11435706
20,2005046367,Building/Trade Permits/Residential/Roofing,REROOF-HURICANE DAMAGE,"22169 OLEAN BLVD, PORT CHARLOTTE 33952",26.98743247320887,-82.08530429
20,2005060072,Building/Accessories/Residential/Cage,MANSARD STYLE CAGE  ENCLOSURE ON EXISTING DECK W/COMPOSITE ROOF,"1325 NIMROD ST, PORT CHARLOTTE 33952",27.008409633136182,-82.11412808
20,2005060104,Building/Trade Permits/Residential/Roofing,RE-ROOF SHINGLES 4/12  STORM DAMAGED,"115 MARK TWAIN LN, ROTONDA WEST 33947",26.89360807501511,-82.28166203
20,2005046375,Building/Trade Permits/Residential/Roofing,REROOF,"1099 ARCHER ST, PORT CHARLOTTE 33952",27.01509089356236,-82.11360925
11,COD-14-01634,CE - Code Enforcement (Not High Grass Only),BLUE TARP ON THE ROOF,"2789 STARLITE LN, PORT CHARLOTTE FL 33952",26.98488795718993,-82.08966061
11,COD-14-01617,CE - Code Enforcement (Not High Grass Only),ROOF FALLING IN  JUNKLIKE CONDITIONS FULL OF MOLD & VERY UNSAFE SITUATION & HIGH GRASS,"21354 PERCY AVE, PORT CHARLOTTE FL 33952",26.995965976878793,-82.09642787
11,COD-14-01589,CE - Code Enforcement (Not High Grass Only),new construction with no dumpster.  dumping debris in cul de sac.,"9548 APPLIN CIR, PORT CHARLOTTE FL 33981",26.88742064273288,-82.20509335
11,COD-14-01586,CE - Code Enforcement (Not High Grass Only),ROOF WITHOUT PERMIT,"21489 GIBRALTER DR, PORT CHARLOTTE FL 33952",26.994972168852836,-82.09203345
11,COM-14-00763,CE - Complaints,"UNLICENSED TILE/GRANITE CONTRACTOR, JULIANO CORREIA, D/B/A ROLLING STONE GRANITE INC.","13552 EAGLE POINTE DR, PORT CHARLOTTE FL 33953",26.97252714,-82.22401201
11,COD-14-01573,CE - Code Enforcement (Not High Grass Only),"Created from COD-11-02982, Expired roof permit #2004111440","21284 PEMBERTON AVE, PORT CHARLOTTE FL 33952",27.016979309222414,-82.09807594
11,COM-14-00771,CE - Complaints,UNLICENSED TILE CONTRACTOR,"13088 CREEKSIDE LN, PORT CHARLOTTE FL 33953",27.00168403,-82.23382332
11,COD-14-01517,CE - Code Enforcement (Not High Grass Only),"Original complaint came from Health Department.  While doing a helath inspection, the found unsafe wiring and other possible violations.  Bob Hunek, Aida Moreno (Fire) and Vinnie Boccio (Fire) investigated.  Some roof work had been done, electrical violations and other violations - most requiring permits.  Details of visit attached.","22332 VICK ST, PORT CHARLOTTE FL 33980",26.965930868557894,-82.0789184
11,20140610106,Residential Roofing,FLAT RE ROOF,"2464 HARBOUR DR, PUNTA GORDA FL 33983",26.991731538117676,-81.99580379
11,20140610038,Residential Roofing,TEAR OFF & REPLACE EXISTING SHINGLE ROOF,"159 EPPINGER DR, PORT CHARLOTTE FL 33953",27.02881057856053,-82.20920557
11,20140610063,Residential Roofing,REMOVE OLD ROOF AND INSTALL NEW,"21489 GIBRALTER DR, PORT CHARLOTTE FL 33952",26.994972168852836,-82.09203345
11,20140610044,Residential Roofing,TEAR OFF & REPLACE EXISTING SHINGLE ROOF,"24320 MATIAS LN, PUNTA GORDA FL 33955",26.79237358865203,-82.04450996
11,20140610039,Residential Roofing,TEAR OFF & REPLACE EXISTING MODIFIED BITUMEN ROOF,"450 CORAL CREEK DR, PLACIDA FL 33946",26.85800740576211,-82.28504177
11,20140610076,Residential Roofing,RE ROOF SHINGLE RIP OFF,"12473 GALLAGHER BLVD, PORT CHARLOTTE FL 33981",26.95897488427069,-82.24126436
11,20140610042,Residential Roofing,TEAR OFF & REPLACE EXISTING SHINGLE ROOF,"25259 LAHORE LN, PUNTA GORDA FL 33983",27.014015319785454,-82.0332642
11,20140610081,Residential Roofing,RE ROOF SHINGLE RIP OFF,"10420 KIDRON AVE, ENGLEWOOD FL 34224",26.93427033,-82.2756182
11,20140610077,Residential Roofing,RE ROOF SHINGLE RIP OFF,"1565 LORALIN DR, ENGLEWOOD FL 34223",26.940782671263122,-82.34179692
11,20140610048,Residential Roofing,SHINGLE RE-ROOF,"7 SPORTSMAN CIR, ROTONDA WEST FL 33947",26.90263950757721,-82.26508326
11,20140609965,Commercial Roofing,RE ROOF TWO FLAT DECKS WITH MULE HIDE .060 TPO,"5000 GASPARILLA RD, 41, PLACIDA FL 33921",,
11,20140610004,Residential Roofing,TEAR OFF & RE SHINGLE,"20102 LORENZO AVE, PORT CHARLOTTE FL 33952",27.002946782614796,-82.12010954
11,20140610010,Solar Photovoltaic - Res,"DOTY SFR, ROOF MTD 6.6KW SOLAR PV SYSTEM","47 SHERBOURNE ST, PORT CHARLOTTE FL 33954",27.031404583409767,-82.15383914
11,20140609906,Residential Roofing,"TEAR OFF, APPLY SHINGLES","76 EPPINGER DR, PORT CHARLOTTE FL 33953",27.030885814671805,-82.20809938
11,20140609896,Residential Lanai,COMPOSITE ROOF SCREEN LANAI SLAB W/ FOOTER,"22505 AMIGO AVE, PORT CHARLOTTE FL 33954",27.02386102431455,-82.07501985
11,20140609885,Residential Roofing,RE-ROOF REAR LANAI ONLY,"20406 ALBURY DR, PORT CHARLOTTE FL 33952",26.995958348434616,-82.11347966
11,20140609926,Residential Roofing,RECOVER SHINGLE ROOF,"14339 MONTMARTE AVE, PORT CHARLOTTE FL 33981",26.876319889564726,-82.21333308
11,20140609858,Residential Roofing,TEAR OFF & REPLACE WITH SHINGLES,"955 FAIRFAX TER, PORT CHARLOTTE FL 33948",26.99075988577449,-82.12883789
11,20140609780,Residential Roofing,TEAR OFF RE-SHINGLE,"4370 SINES LN, PORT CHARLOTTE FL 33981",26.96436890794727,-82.24510197
11,20140609783,Residential Plumbing,IHLENBURG SFR INSTALL ROOF MTD SOLAR PANELS FOR DOMESTIC HOT WATER,"70 SPYGLASS ALY, PLACIDA FL 33946",26.853364822029125,-82.29791258
11,20140609864,Residential Roofing,TEAR OFF & NEW FLAT ROOF INSTALLATION ONLY,"4378 SHAPPELL ST, PORT CHARLOTTE FL 33948",26.963491473542344,-82.14162449
11,20140609860,Residential Roofing,SHINGLE OVER SHINGLE ROOF-OVER,"17312 MARCY AVE, PORT CHARLOTTE FL 33948",26.99645235,-82.16281889
11,20140609802,Commercial Lanai,PAN ROOF INSTALL,"3250 PLACIDA RD, ENGLEWOOD FL 34224",26.905736873092543,-82.3235932
11,20140609838,Residential Roofing,RE ROOF TEAR OFF AND RE-INSTALL,"13056 FORESMAN BLVD, PORT CHARLOTTE FL 33981",26.94546884,-82.23754876
11,20140609851,Residential Roofing,RE-ROOF HOUSE USING PEEL & STICK SWR,"1498 S MCCALL RD, ENGLEWOOD FL 34223",26.938793062175993,-82.34320829
11,20140609708,Residential Roofing,SHINGLE ROOF REPLACEMENT,"16 OAKLAND HILLS CT, ROTONDA WEST FL 33947",26.88178259251724,-82.28987884
11,20140609752,Residential Dock,BUILD A 856SF ROOF ON EXISTING PILING AND FRAME,"19189 ALMADYDE CT, PORT CHARLOTTE FL 33948",26.95672236195606,-82.1340713
11,20140609721,Residential Roofing,RE-ROOF SHINGLE,"20036 GOLDCUP CT, PORT CHARLOTTE FL 33952",27.014911712142233,-82.12181094
11,20140609723,Residential Roofing,RE-ROOF SHINGLE,"2295 COMO ST, PORT CHARLOTTE FL 33948",26.995313637331417,-82.16521527
11,20140609740,Residential Roofing,RE ROOF,"14414 BRIDGEVIEW LN, PORT CHARLOTTE FL 33953",26.98676117699008,-82.21111304
11,20140609692,Residential Lanai,"POUR CONCRETE DECK, RIBBON FOOTERS, & BUILD COMPOSITE ROOF & POOL CAGE EXTENSION","980 MANOR RD, ENGLEWOOD FL 34223",26.945564383418564,-82.33047486
11,20140609587,Residential Roofing,RE-ROOF FLAT DECK,"27365 JONES LOOP RD, PUNTA GORDA FL 33982",26.892156551772484,-81.98260503
11,20140609590,Residential Roofing,RE-ROOF SHINGLE,"17212 KELLOG AVE, PORT CHARLOTTE FL 33954",27.026342411879995,-82.1660156
11,20140609572,Residential Seawall,NEW CONSTRUCTION RIP RAP SEAWALL,"12422 DEFENDER DR, PORT CHARLOTTE FL 33953",27.01303278104709,-82.24434894
11,20140609585,Residential Roofing,RE-ROOF SHINGLES,"1371 SALYERS ST, PORT CHARLOTTE FL 33952",27.007274730753256,-82.11884311
11,20140609586,Residential Roofing,REMOVE SHINGLE RIP-OFF,"36 SPORTSMAN RD, ROTONDA WEST FL 33947",26.901792614749457,-82.2659302
11,20140609602,Residential Single Family,SFR NEW CONSTRUCTION,"10082 WINDING RIVER RD, PUNTA GORDA FL 33950",26.88923764095781,-82.0005454
11,20140609574,Residential Single Family,NEW CONSTRUCTION,"11961 FLORENCE AVE, PORT CHARLOTTE FL 33981",26.91977683946589,-82.25682829
11,20140609563,Residential Lanai,LOT#243----ALUM FRAMED SCREEN ROOM UNDER EXISTING CARPORT AND ALUM. FRONT PORCH ROOF,"1000 KINGS HWY, 243, PORT CHARLOTTE FL 33980",27.012224296403744,-82.05295935
11,20140609491,Residential Roofing,SHINGLE RE-ROOF (GUEST HOUSE),"9090 GARDNER ST, PLACIDA FL 33946",26.826812876414422,-82.28791807
11,20140609487,Residential Roofing,RE ROOF,"1600 PHILIP PL, ENGLEWOOD FL 34223",26.943963895700268,-82.34073635
11,20140609483,Residential Roofing,RE-ROOF HOUSE W/ SHINGLES & PEEL & STICK SWR,"1435 LEMON BAY DR, ENGLEWOOD FL 34223",26.93684954960711,-82.34675598
11,20140609488,Residential Roofing,RE ROOF SHINGLE,"9 PINEHURST PL, ROTONDA WEST FL 33947",26.900630989958362,-82.27629089
11,20140609478,Residential Roofing,RE ROOF SHINGLE,"9241 LAKE DR, ENGLEWOOD FL 34224",26.894241211474085,-82.31558222
11,20140609490,Residential Roofing,SHINGLE RE-ROOF (MAIN HOUSE),"9090 GARDNER ST, PLACIDA FL 33946",26.826812876414422,-82.28791807
11,DRC-PD-87-07-03,Site Plan Review,ADD A 750 SQ. FOOT SCREEN & ALUMINIUM ROOF LUNCH ROOM/SMOKING AREA TO THE CO. ADMIN. COMPLEX.,"18500 MURDOCK CIR, PORT CHARLOTTE FL 33948",27.007997963105023,-82.13977721
11,COD-14-01465,CE - Code Enforcement (Not High Grass Only),"Free roaming chickens, rabbit cages with rabbits, shed too close to property line, 4x4 framing for building. Rats and/or mice inside shed being raised for snake food.  Dangerous reptiles in garage.  Trash on property but at least most of it is bagged","3200 PINETREE ST, PORT CHARLOTTE FL 33952",26.98273849968162,-82.11136626
11,COD-14-01457,CE - Code Enforcement (Not High Grass Only),THE YARD IS OVERGROWN--JUNK LIKE METAL EVERYWHERE--PAINT ON THE HOUSE IS IN NEED OF REPAIR---DOGS IN THE BACK YARD ARE FULL OF FLEAS BECAUSE THE GRASS IS HIGH,"944 TROPICAL AVE, PORT CHARLOTTE FL 33948",26.997732284812525,-82.12997433
11,COD-14-01446,CE - Code Enforcement (Not High Grass Only),"Contractors were at this house working for past few weeks and I do not think they had permits for work completed.  They have replaced ac, electrical wiring and roof","7020 LAURETTA ST, ENGLEWOOD FL 34224",26.93010134,-82.27546696
11,COM-14-00756,CE - Complaints,"POSSIBLE UNLICENSED CABINET/TRIM CARPENTER AND TILE.  LOCK ADDRESS UNTIL CONTACT IS MADE WITH OWNER, VAIRO INVESTMENTS LLC.","19573 MIDWAY BLVD, PORT CHARLOTTE FL 33948",26.97754296326327,-82.13067627
11,COD-14-01398,CE - Code Enforcement (Not High Grass Only),"Debris, abandoned cars, trucks, roof repair without permit.","316 DE LEON DR, PORT CHARLOTTE FL 33980",26.968677580096408,-82.05632026
11,20140609418,Residential Roofing,TILE OFF SHINGLE ON RE-ROOF,"861 CONREID DR, PORT CHARLOTTE FL 33952",26.966075818528996,-82.09496311
11,20140609422,Residential Roofing,RE ROOF SHINGLE & MODIFIED,"116 SINCLAIR ST SW, PORT CHARLOTTE FL 33952",26.963411239688487,-82.10348512
11,20140609421,Commercial Change of Occupancy,"CNC: units 2,3,4 & 5 24050 TISEO BLVD STONE & TILE SALESAcctount # - 8497       Occupation - Manufacturing Plastics Products","24050 TISEO BLVD, 1-5, PORT CHARLOTTE FL 33980",27.01155483635068,-82.05502298
11,20140609444,Residential Electrical,Service change- replace  raintight fpe panel with Square D weatherproof panel,"301 S GULF BLVD, 14, PLACIDA FL 33946",26.863099624663928,-82.31601171
11,20140609454,Residential Roofing,AFTER THE FACT ROOF (WORK DONE AFTER CHARLEY),"23248 NANCY AVE, PORT CHARLOTTE FL 33952",27.01444810078807,-82.06640632
11,20140609423,Residential Roofing,TEAR OFF AND REROOF,"2811 EIGHTH ST, ENGLEWOOD FL 34224",26.914358024329392,-82.32626346
11,20140609449,Residential Remodel,COVERED ROOF OVER EXISTING POOL DECK AREA,"3426 DECK ST, PORT CHARLOTTE FL 33981",26.97756015951162,-82.24237823
11,20140609447,Residential Roofing,SHINGLE ROOF REPLACEMENT,"250 ROTONDA CIR, ROTONDA WEST FL 33947",26.89311969257221,-82.29051205
11,20140609414,Residential Roofing,RE ROOF SHINGLE ROOF ONLY,"2678 ROCK CREEK DR, PORT CHARLOTTE FL 33948",26.99532699765283,-82.13681027
11,20140609324,Residential Lanai,ADD SCREEN ROOM W/ PAN ROOF,"5402 GROVEWOOD CIR, PUNTA GORDA FL 33982",26.951272845428004,-81.9642257
11,20140609329,Residential Roofing,RE-ROOF FLAT,"460 ADAMS CT, PORT CHARLOTTE FL 33952",26.98294461,-82.102539
11,20140609333,Residential Mechanical,STEVENS SFR NEW ROOF MTD SOLAR PANELS FOR NEW HVAC SYSTEM TO REPLACE EXIST HVAC SYSTEM,"23143 TURNBULL AVE, PORT CHARLOTTE FL 33954",27.022207301528262,-82.06969445
11,20140609326,Commercial Roofing,AFTER THE FACT - NEW ROOF  W/O PERMIT,"23111 FOSTER AVE, PORT CHARLOTTE FL 33980",26.960314878810046,-82.07052916
11,20140609383,Residential Remodel,"DRYWALL REPAIR TILE, NEW CABINETS, PAINT- NEW FRONT DOOR","21052 HALDEN AVE, PORT CHARLOTTE FL 33952",27.017047788391107,-82.10518639
11,20140609334,Residential Solar Water Heater,LEWIS SFR ROOF MTD SOLAR PANELS FOR DOMESTIC HOT WATER SYSTEM,"194 MARACAL WAY, PUNTA GORDA FL 33983",27.026693214261357,-82.02994533
11,20140609394,Residential Roofing,URETHANE OVER FLAT PORTIONS OF ROOF AND COATINGS,"1432 UPSHAW TER, PORT CHARLOTTE FL 33952",27.005704785039555,-82.0864181
11,20140609299,Commercial Miscellaneous,REPAIR OF CANTILEVERED BALCONIES ON SOUTHWEST SIDE,"53 W BAY HEIGHTS AVE, ENGLEWOOD FL 34223",26.943811023851122,-82.35217068
11,20140609284,Commercial Roofing,RE-ROOF W/ SHINGLE & MODIFIED BITUMEN,"2800 PLACIDA RD, ENGLEWOOD FL 34224",26.913701725050924,-82.32755673
11,20140609265,Residential Roofing,RE ROOF SHINGLE,"13265 EBONY AVE, PORT CHARLOTTE FL 33981",26.93785285265761,-82.2311707
11,20140609153,Residential Roofing,RE ROOF FLAT DECK,"4460 NORTH SHORE DR, PORT CHARLOTTE FL 33980",26.961128115160548,-82.05807489
11,20140609182,Residential Roofing,TEAR OFF & APPLY SHINGLES & POLYGLASS ROOFING SYSTEM,"20 SAND DOLLAR LN, ENGLEWOOD FL 34223",26.917155292360086,-82.35698896
11,20140609186,Residential Roofing,TEAR OFF & APPLY SHINGLES,"211 BOCILLA DR, PLACIDA FL 33946",26.864084273771255,-82.31401821
11,20140609184,Residential Roofing,TEAR OFF & APPLY SHINGLES & POLYGLASS ROOFING SYSTEM,"85 CADDY RD, ROTONDA WEST FL 33947",26.885429507094887,-82.28249353
11,20140609060,Residential Roofing,RE ROOF SHINGLE,"3116 SUNNY HARBOR DR, PUNTA GORDA FL 33982",26.974133588983157,-81.9790823
11,20140609140,Residential Roofing,TEAR OFF & RE-ROOF SHINGLE & FLAT,"550 GASPAR DR, PLACIDA FL 33946",26.843069141839354,-82.2833481
11,20140609061,Residential Roofing,RE ROOF SHINGLE,"3373 LAKE VIEW BLVD, PORT CHARLOTTE FL 33948",26.97827150917038,-82.1237793
11,20140609079,Residential Roofing,RE ROOF SHINGLES,"2447 ACHILLES ST, PORT CHARLOTTE FL 33980",26.99062917,-82.07056424
11,20140609142,Residential Roofing,TEAR OFF & RE-ROOF TILE,"13817 LONG LAKE LN, PORT CHARLOTTE FL 33953",26.987867423706923,-82.21956638
11,20140609068,Residential Roofing,RE-ROOF MODIFIED BITUMEN USING PEEL & STICK SWR,"1255 HOLIDAY DR, ENGLEWOOD FL 34223",26.91425899146258,-82.35289757
11,20140609067,Commercial Roofing,RE-ROOF SHINGLE & MODIFIED BITUMEN USING PEEL & STICK SWR,"2710 PLACIDA RD, ENGLEWOOD FL 34224",26.915611298899606,-82.32875828
11,20140609066,Residential Roofing,"TILE ROOF, REMOVE & REPLACE USING PEEL & STICK UNDERLAYMENT","75 CAPE HAZE DR, PLACIDA FL 33946",26.85228733534198,-82.29253389
11,20140609101,Residential Roofing,RE ROOF ASPHALT SHINGLE,"11037 SUNNYDALE AVE, ENGLEWOOD FL 34224",26.920585670281675,-82.27105712
11,20140609056,Residential Carport,CARPORT/ SHED UNDER EXISTING ROOF W/FOOTER,"37 WINDMILL BLVD, PUNTA GORDA FL 33950",26.901258606327524,-82.0463105
11,20140609144,Residential Roofing,TEAR OFF & RE-ROOF SHINGLE,"103 EPPINGER DR, PORT CHARLOTTE FL 33953",27.03033446697215,-82.20882415
11,20140609000,Mobile Home Addition,48 AMSTERDAM  WOODEN DECK SCREENED IN ALUMINUM ROOF,"215 RIO VILLA DR, 226-O, PUNTA GORDA FL 33950",26.90335174995679,-82.04505238
11,20140608977,Residential Roofing,RE ROOF SHINGLE,"519 ROTONDA CIR, ROTONDA WEST FL 33947",26.913970956204533,-82.27374267
11,20140608976,Residential Roofing,RE ROOF SHINGLE,"12214 VAN LOON AVE, PORT CHARLOTTE FL 33981",26.942497207394336,-82.24898342
11,20140608991,Residential Roofing,RE ROOF SHINGLE,"3466 FAITH ST, PORT CHARLOTTE FL 33952",26.97547543,-82.08421332
11,20140609035,Residential Single Family,NEW CONSTRUCTION,"6105 SHEFFIELD LN, ENGLEWOOD FL 34224",26.94262873799039,-82.302742
11,20140608979,Commercial Roofing,RE ROOF SHINGLE,"6506 SAN CASA DR, ENGLEWOOD FL 34224",26.931491847985782,-82.31281273
11,20140609009,Residential Single Family,NEW CONSTRUCTION HOME,"11602 BRIDLE PATH LN, PLACIDA FL 33946",26.856366289784685,-82.2353193
11,20140608957,Residential Carport,LOT 306: PAN ROOF REPAIR UNDER 25%,"27110 JONES LOOP RD, 306, PUNTA GORDA FL 33982",26.895284979410675,-81.9903169
11,20140608894,Residential Roofing,TEAR OFF AND NEW SHINGLE ROOF INSTALLATION,"6235 HERB ST, ENGLEWOOD FL 34224",26.938842670366224,-82.27119439
11,20140608893,Residential Roofing,RE ROOF,"101 MARK TWAIN LN, ROTONDA WEST FL 33947",26.893625194370102,-82.28339391
11,20140608945,Commercial Canopy,DEMO EXISTING SLAB & CONSTRUCT NEW PRE-ENGINEERED METAL CANOPY FUELING STATION,"2100 KINGS HWY, PORT CHARLOTTE FL 33980",26.999233302768417,-82.05657329
11,20140608924,Residential Roofing,RE ROOF,"473 SKYLARK LN, PORT CHARLOTTE FL 33952",26.98383916907411,-82.11228174
11,20140608835,Residential Roofing,METAL RE ROOF WITH FLAT,"12403 ALBRECHT TER, PORT CHARLOTTE FL 33981",26.968343621189174,-82.24324804
11,20140608830,Residential Roofing,REMOVE EXISTING REPLACE W/ METAL ROOF SYSTEM,"5801 PURDY LN, PUNTA GORDA FL 33950",26.88619232767724,-82.01452632
11,20140608854,Residential Roofing,RE ROOF,"3225 BOURBON ST, ENGLEWOOD FL 34224",26.905662481976744,-82.32577522
11,COD-14-01381,CE - Code Enforcement (Not High Grass Only),ROOF TEAR OFF - NO PERMIT,"22327 LASALLE RD, PORT CHARLOTTE FL 33952",27.00005543055441,-82.08064264
11,COD-14-01372,CE - Code Enforcement (Not High Grass Only),CALLER STATES THAT SHINGLES AND ETC ARE BEING BURIED AT THIS SITE.  INSTEAD OF GOING TO THE LANDFILL THEY ARE BURYING ALL THE RIPPED OFF SHINGLES.,"11461 TAMIAMI TRL, PUNTA GORDA FL 33955",26.864219721778795,-81.99557501
11,COM-14-00752,CE - Complaints,"UNLICENSED TILE CONTRACTOR, RODRIGO ESPINOSA.","1550 SCHENLEY ST, PORT CHARLOTTE FL 33952",27.00223932043088,-82.07660677
11,20140608718,Residential Roofing,TEAR OFF SHINGLE,"41 ROTONDA CIR, ROTONDA WEST FL 33947",26.877649420415484,-82.28947452
11,20140608739,Residential Roofing,TEAR OFF AND RE-ROOF,"11950 VAN LOON AVE, PORT CHARLOTTE FL 33981",26.94259076,-82.25720978
11,20140608730,Commercial Roofing,SHINGLE RE-ROOF,"1625 MORNING DOVE LN, ENGLEWOOD FL 34224",26.934033082975876,-82.32482563
11,20140608743,Residential Roofing,ROOF REPLACEMENT AND ASPHALT SHINGLE,"246 SPORTSMAN RD, ROTONDA WEST FL 33947",26.907419166108383,-82.25851445
11,20140608742,Residential Roofing,ROOF REPLACEMENT---SHINGLE OFF--METAL ON,"5 COVE LN, ENGLEWOOD FL 34223",26.94013419152236,-82.33049369
11,20140608729,Residential Lanai,COMPOSITE ROOF INSIDE EXISTING POOL CAGE,"6246 COLISEUM BLVD, PORT CHARLOTTE FL 33981",26.943506364240246,-82.22866066
11,20140608731,Residential Lanai,ELITE ROOF OVER EXISTING DECK,"235 TARPON WAY, PUNTA GORDA FL 33950",26.91571607600293,-82.04932411
11,20140608723,Residential Roofing,TEAR OFF AND REPLACE EXISTING SHINGLE ROOF WITH 26 GA 5V METAL,"9113 BEAVERHEAD AVE, ENGLEWOOD FL 34224",26.926633788424528,-82.30130771
11,20140608738,Residential Roofing,TEAR OFF AND RE-ROOF,"1185 LITTLE CT, ENGLEWOOD FL 34223",26.91504483178428,-82.35377499
11,20140608702,Residential Lanai,SCREEN FRONT LANAI/ ALUMINUM ROOF AND CONCRETE FOOTER,"3585 BROOKLYN AVE, PORT CHARLOTTE FL 33952",26.97639461197517,-82.08562477
11,20140608727,Residential Roofing,REROOF-SHINGLE OFF-SHINGLE ON,"2306 LEE TER, PORT CHARLOTTE FL 33952",26.995462399497878,-82.10970299
11,20140608648,Residential Roofing,TEAR OFF/ NEW SHINGLES,"2791 TWELFTH ST, ENGLEWOOD FL 34224",26.91605955,-82.32334907
11,20140608614,Residential Roofing,RE-ROOF,"1493 KATHLEEN PL, ENGLEWOOD FL 34223",26.94452289508533,-82.3436508
11,20140608624,Residential Roofing,RE ROOF MODIFIED,"22128 LANCASTER AVE, PORT CHARLOTTE FL 33952",26.98385046915079,-82.08669277
11,20140608675,Residential Roofing,RE ROOF SHINGLES,"146 CADDY RD, ROTONDA WEST FL 33947",26.89009846265489,-82.28070068
11,20140608666,Residential Roofing,SHINGLE RE-ROOF,"5375 JOSLYN TER, PORT CHARLOTTE FL 33981",26.95107841,-82.2311478
11,20140608647,Residential Roofing,TEAR OFF AND AP[PLY 5-V METAL ROOF,"21507 GLADIS AVE, PORT CHARLOTTE FL 33952",26.997119871816814,-82.09172065
11,20140608625,Residential Roofing,RE ROOF SHINGLE,"10132 OCEANSPRAY BLVD, ENGLEWOOD FL 34224",26.92372312328852,-82.28441617
11,20140608626,Commercial Roofing,RE ROOF SHINGLE,"3821 TAMIAMI TRL, PORT CHARLOTTE FL 33952",26.972877371166838,-82.08740071
11,20140608539,Residential Roofing,RE ROOF,"2121 DELTA ST, PORT CHARLOTTE FL 33952",26.999940837991634,-82.11964413
11,20140608542,Residential Roofing,RE-ROOF SHINGLE,"3320 GLENCOVE ST, PORT CHARLOTTE FL 33980",26.97930523725273,-82.07438664
11,20140608564,Residential Roofing,RE-ROOF- SHINGLE RIP OFF,"1065 BAY HARBOR DR, ENGLEWOOD FL 34224",26.92866018866559,-82.33054538
11,20140608546,Residential Roofing,RE-ROOF FLAT DECK,"1082 WINDSOR TER, PORT CHARLOTTE FL 33948",27.00069608947594,-82.13323219
11,20140608563,Residential Roofing,REROOF-SHINGLE RIP OFF,"110 BOUNDARY BLVD, ROTONDA WEST FL 33947",26.88341326525845,-82.29485318
11,20140608569,Residential Roofing,UNIT 36----REROOF SHINGLE TEAR OFF,"1977 BEACH RD, 36, ENGLEWOOD FL 34223",26.923942255428127,-82.3589326
11,20140608565,Residential Roofing,REROOF-  SHINGLE  RIP OFF,"7175 HOLSUM ST, ENGLEWOOD FL 34224",26.92583462260516,-82.27512353
11,20140608566,Commercial Roofing,UNIT 36------REROOF SHINGLE RIP OFF,"1977 BEACH RD, 36, ENGLEWOOD FL 34223",26.923942255428127,-82.3589326
11,20140608545,Residential Roofing,RE-ROOF BACK FLAT,"20111 VENTURA AVE, PORT CHARLOTTE FL 33952",27.011158123269215,-82.11997216
11,20140608509,Residential Roofing,TILE ROOF REPAIR,"133 CREEK DR, PORT CHARLOTTE FL 33952",26.960018019978516,-82.10295102
11,20140608500,Residential Roofing,FLAT DECK RE-ROOF,"2379 DUKE LN, PORT CHARLOTTE FL 33952",26.994039432871347,-82.10939795
11,20140608467,Commercial Roofing,ROOF OVER WITH TPO,"4821 PLACIDA RD, ENGLEWOOD FL 34224",26.89945597,-82.31166082
11,20140608504,Residential Remodel,"ROOF REPAIR, NEW LANAI, NEW CABINETS, BATH & KITCHEN FIXTURES, SHEETROCK","18506 AYRSHIRE CIR, PORT CHARLOTTE FL 33948",26.954881783081305,-82.14093781
11,20140608488,Residential Roofing,RE-ROOF TO SHINGLE & FLAT POLYGLASS,"840 E 3RD ST, ENGLEWOOD FL 34223",26.941972713450156,-82.3339843
11,20140608526,Residential Single Family,NEW CONSTRUCTION,"33 MARKER RD, ROTONDA WEST FL 33947",26.90377472099794,-82.25763187
11,20140608349,Residential Lanai,COMPOSITE ROOF - SCREEN LANAI,"6297 ROBERTA DR, ENGLEWOOD FL 34224",26.938354446523388,-82.28437799
11,20140608434,Res Pool Heat Pump,HRISTEVA SFR ROOF MTD SOLAR PV PANELS & POOL PUMP,"10043 WINDING RIVER RD, PUNTA GORDA FL 33950",26.887400333330564,-82.00258118
11,20140608364,Residential Roofing,SHINGLE ROOF REPLACEMENT,"12142 CHANCELLOR BLVD, PORT CHARLOTTE FL 33953",27.032842700140634,-82.25143426
4,COD-21-02393,CE - Code Enforcement (Not High Grass Only),Damaged roof and repairs being made without a permit.,"3164 DEPEW AVE, PORT CHARLOTTE FL 33952",26.98198688865341,-82.08683774
4,20210831389,Residential Roofing,Remove and replace existing shingle roof,"25426 RANCAGUA DR, PUNTA GORDA FL 33983",27.027994098612705,-82.02810673
4,20210831457,Residential Roofing,"Removing & replacing 38 SQ's of architectural shingles and, installing new peel n stick underlayment.","260 ANTOFAGASTA ST, PUNTA GORDA FL 33983",27.02453421776699,-82.02526092
4,20210831332,Residential Roofing,remove and reroof shingle,"20252 NAVAJO LN, PORT CHARLOTTE FL 33952",26.99800293684252,-82.11553193
4,20210831376,Residential Roofing,28SQ OC SHINGLE ROOF (FL10674.1) SELF ADHERING P+S (FL27152.1) 1 1/4IN EG NAILS (6),"126 MILLPORT ST, PORT CHARLOTTE FL 33948",26.975137778702006,-82.12462613
4,20210831405,Residential Roofing,"Re-roof, tear off and replace with new","23161 RYE AVE, PORT CHARLOTTE FL 33980",26.977546802899802,-82.06913758
4,20210831366,Residential Roofing,Re-roof,"29171 ORVA DR, PUNTA GORDA FL 33982",27.017181438419094,-81.96985628
4,20210831452,Residential Roofing,Re-roof with asphalt shingles,"27196 ALHAMBRA DR, PUNTA GORDA FL 33955",26.84763902,-81.99943543
4,20210831385,Residential Roofing,RE-ROOF SHINGLE,"5144 CHAVES CIR, PORT CHARLOTTE FL 33948",26.957923867682535,-82.13818363
4,20210831384,Residential Roofing,RE-ROOF,"23331 GARRISON AVE, PORT CHARLOTTE FL 33954",27.03019903,-82.06384276
4,20210831339,Residential Roofing,29 Square Shingle Roof Replacement,"1170 TALBOT ST, PORT CHARLOTTE FL 33952",27.012874535567786,-82.07749176
4,20210831377,Residential Roofing,Re-Roof,"203 ANTOFAGASTA ST, PUNTA GORDA FL 33983",27.026283381962827,-82.02570348
4,20210831383,Residential Roofing,RE-ROOF SHINGLE,"5035 ADMINISTRATION ST, PORT CHARLOTTE FL 33948",26.958413969363058,-82.13596336
4,20210831341,Residential Roofing,Remove hurricane damaged shingles and underlayment.Re-nail decking to code.  Install self adhered underlayment and flashing.  Install shingles to manufacturers specifications,"19261 PINE BLUFF CT, PORT CHARLOTTE FL 33948",26.953464630282806,-82.13174439
4,20210831455,Residential Roofing,tear off existing shingle roof system and install new asphalt shingle roof system,"4195 ATTAWAY LN, PORT CHARLOTTE FL 33981",26.969335548622336,-82.24391939
4,20210831413,Residential Roofing,Remove and replace existing shingle and flat roof on house,"18409 DRIGGERS AVE, PORT CHARLOTTE FL 33948",26.968339939889578,-82.14462281
4,20210831346,Residential Solar Photovoltaic,install 6.12 kW roof mounted pv solar system,"6174 AYCOCK PL, PORT CHARLOTTE FL 33981",26.940416235428092,-82.24431611
4,20210831392,Residential Roofing,Roof Replacement-Shingle,"222 TARPON WAY, PUNTA GORDA FL 33950",26.916103476837502,-82.04890439
4,20210831436,Residential Roofing,Remove and replace existing shingle roof,"9564 ARNAZ CIR, PORT CHARLOTTE FL 33981",26.887517913301767,-82.2068558
4,20210831422,Residential Roofing,Tear off old roof and install new roof,"21434 OLEAN BLVD, PORT CHARLOTTE FL 33952",26.988128523821526,-82.09379581
4,20210831454,Residential Lanai,install screen room with composite roof on existing slab,"817 E 6TH ST, ENGLEWOOD FL 34223",26.944096760158686,-82.33557802
4,20210831400,Residential Roofing,replace shingle roof,"20423 WILKIE AVE, PORT CHARLOTTE FL 33954",27.020807385074516,-82.11009212
4,20210831427,Residential Lanai,Lot 80:  install mansard screen roof and walls over existing slab,"14100 MYAKKA AVE, 80, PORT CHARLOTTE FL 33953",26.966753562872423,-82.21875274
4,20210831224,Residential Single Family,New Construction Single Family Home,"25356 ALICANTE DR, PUNTA GORDA FL 33955",26.799653932721256,-82.02689357
4,20210831219,Residential Roofing,RE-ROOF METAL & FLAT,"108 FREE CT, PORT CHARLOTTE FL 33952",26.964078992860923,-82.09568791
4,20210831241,Residential Single Family,New Construction Single Family Home,"16328 QUESA DR, PUNTA GORDA FL 33955",26.790676073010903,-82.03705605
4,20210831186,Residential Roofing,TEAR OFF EXISITNG SHINGLES + MEMBRANE AND INSTALL NEW,"21261 WASHBURN AVE, PORT CHARLOTTE FL 33952",27.01483917287929,-82.09883111
4,20210831242,Residential Single Family,New Construction Single Family Home,"16279 MINTRA CT, PUNTA GORDA FL 33955",26.792177261902424,-82.0355987
4,20210831254,Residential Solar Photovoltaic,install 6.84KW PV solar system on roof,"21907 BUXTON AVE, PORT CHARLOTTE FL 33952",26.992204554181228,-82.09271235
4,20210831207,Residential Garage,Metal building and structural concrete slab,"4386 JENNINGS BLVD, PORT CHARLOTTE FL 33981",26.964010371163912,-82.25514982
4,20210831193,Residential Solar Photovoltaic,Installation of (15) roof mounted PV solar panels,"448 ROSE APPLE CIR, PORT CHARLOTTE FL 33954",27.019895459655185,-82.11885073
4,20210831245,Residential Single Family,New Construction Single Family Home,"16040 GALIANO CT, PUNTA GORDA FL 33955",26.798881577228478,-82.03146357
4,20210831228,Residential Single Family,New Construction Single Family Home,"25462 ESTRADA CIR, PUNTA GORDA FL 33955",26.790000955597925,-82.03546901
4,20210831149,Residential Roofing,tear off shingle roof and install new shingle roof system,"21327 BASSETT AVE, PORT CHARLOTTE FL 33952",27.01069649554258,-82.09676368
4,20210831259,Residential Roofing,Tear off old roof and install new roof,"1075 LYLE ST, PORT CHARLOTTE FL 33952",27.015756704993592,-82.11268614
4,20210831170,Commercial Roofing,BLDG 1700 - Reroof Shingle,"3300 LOVELAND BLVD, 1700, Port Charlotte FL 33980",26.980242956140227,-82.05744295
4,20210831240,Residential Single Family,New Construction Single family home.,"25245 DELGADO DR, PUNTA GORDA FL 33955",26.79005626908571,-82.03047947
4,20210831294,Residential Roofing,Shingles ReRoof,"9450 CASA GRANDE AVE, ENGLEWOOD FL 34224",26.926815049507706,-82.29127499
4,20210831235,Residential Single Family,New Construction Single Family Home,"16074 DINAL DR, PUNTA GORDA FL 33955",26.79793364396817,-82.03244017
4,20210931952,Residential Roofing,Remove and install a new 30 year dimensional shingle roof system with secondary water barrier.,"278 ROTONDA CIR, ROTONDA WEST FL 33947",26.892206327021167,-82.25080872
4,20210831175,Residential Roofing,Tear off existing roof replace with new Tamko shingle roofing system,"2416 MONTPELIER RD, PUNTA GORDA FL 33983",26.99094402472106,-82.02412408
4,20210831237,Residential Single Family,New Construction Single Family Home,"25126 ALCAZAR DR, PUNTA GORDA FL 33955",26.79495417089669,-82.03415679
4,20210831211,Residential Roofing,"Remove and replace roofing materials; re-nail plywood, install underlayment, install GAF shingles. Removing and replacing the flat roof materials; re-nail plywood, Install Base and CAP sheet.","2394 RISKEN TER, PORT CHARLOTTE FL 33981",26.99331462689845,-82.25175483
4,20210831181,Residential Roofing,Remove and replace existing shingle roof,"18098 AVONSDALE CIR, PORT CHARLOTTE FL 33948",26.95860666790587,-82.15297703
4,20210831135,Residential Lanai,Fabricate Residential lanai with composite panel roof off of the existing screen cage / as per engineer plans,"16030 CAMAS AVE, PORT CHARLOTTE FL 33954",27.02977003260458,-82.187851
4,20210831278,Residential Lanai,"Build composite roof open air room on existing 12""x12"" ribbon footer. Deck permit #20191230604","1435 LEMON BAY DR, ENGLEWOOD FL 34223",26.93684954960711,-82.34675598
4,20210831286,Residential Lanai,10'x20' Elite roof screen enclosure on existing concrete slab (NO pool),"475 POSADAS CIR, PUNTA GORDA FL 33983",27.02363978142438,-81.99549098
4,20210831164,Residential Garage,INSTALL METAL BUILDING 26' X 25' X 12' ( 650 SQ FT),"4609 STURKIE AVE, PORT CHARLOTTE FL 33953",26.96325101929875,-82.20986932
4,20210831243,Residential Single Family,New Construction Single Family Home,"16326 PERDIDA CT, PUNTA GORDA FL 33955",26.79315192618522,-82.02413947
4,20210831192,Residential Single Family,New Construction Single Family Residence,"21357 EDGEWATER DR, PORT CHARLOTTE FL 33952",26.965869876586943,-82.09873199
4,20210831189,Residential Single Family,New Construction Single Family Residence,"3725 WISTERIA PL, PUNTA GORDA FL 33950",26.90461326640098,-82.04963361
4,20210831136,Residential Roofing,"Reroof flat decks and slope portions of roof. Tear off entire roof, re-nail decking and install tu-plus on slope and 30# on flat decks. Hot mop 2 plies of glass and 1 layer of modified rubber with type 4 asphalt. Slope portion to have 5-V crimp 26 gauge galvalume metal panels. Haul off debris.","22154 CATHERINE AVE, PORT CHARLOTTE FL 33952",26.99541669273339,-82.08846276
4,20210831233,Residential Single Family,New Construction Single Family Home,"25412 BARQUE POINT DR, PUNTA GORDA FL 33955",26.79522900999238,-82.02558898
4,20210831261,Residential Solar Photovoltaic,install 16.72kw PV solar system on roof,"19188 WATERBURY CT, PORT CHARLOTTE FL 33948",26.958421613743724,-82.13416286
4,20210831249,Residential Solar Photovoltaic,install 11.4kw PV solar system on roof,"5209 CHAVES CIR, PORT CHARLOTTE FL 33948",26.956100445989062,-82.13874055
4,20210831119,Residential Single Family,New Construction Single Family Home,"16387 ALCIRA CIR, PUNTA GORDA FL 33955",26.79828079654139,-82.03506471
4,20210831120,Residential Single Family,New Construction Single Family Home,"25396 BARQUE POINT DR, PUNTA GORDA FL 33955",26.79554371715442,-82.02593996
4,20210831107,Residential Roofing,"Remove existing roofing material, renail plywood, install underlayment, install final roofing material.","432 HALLCREST TER, PORT CHARLOTTE FL 33954",27.020383748485955,-82.0608368
4,20210830999,Residential Roofing,Re-Roof,"738 LOMOND DR, PORT CHARLOTTE FL 33953",27.021642749063332,-82.20494082
4,20210831023,Residential Roofing,remove and reroof shingle,"1368 WEST CORKTREE CIR, PORT CHARLOTTE FL 33952",27.013896873847205,-82.1244278
4,20210831068,Residential Roofing,RE-ROOF METAL,"23450 GARRETT AVE, PORT CHARLOTTE FL 33954",27.030656697743655,-82.06021873
4,20210831055,Residential Roofing,remove and reroof shingle,"27153 DEEP CREEK BLVD, PUNTA GORDA FL 33983",27.022964577046796,-82.00415044
4,20210831043,Residential Roofing,New Metal roof over rubber,"21083 BERSELL AVE, PORT CHARLOTTE FL 33952",26.99582862,-82.10434724
4,20210831001,Residential Roofing,remove and reroof shingle,"144 TORRINGTON ST, PORT CHARLOTTE FL 33954",27.028106614311543,-82.06788638
4,20210831049,Residential Roofing,remove and reroof shingle,"25354 PALISADE RD, PUNTA GORDA FL 33983",27.016378348064098,-82.03059383
4,20210830986,Residential Roofing,Tear Off & Reroof Shingles,"84 OAKLAND HILLS CT, ROTONDA WEST FL 33947",26.887123007957218,-82.28400427
4,20210830989,Residential Roofing,Tear Off & Reroof Metal,"3701 WISTERIA PL, PUNTA GORDA FL 33950",26.90517723075722,-82.04960629
4,20210830992,Residential Roofing,Tear Off & Re-Roof Shingle & Flat,"3825 WISTERIA PL, PUNTA GORDA FL 33950",26.90379550820471,-82.04962928
4,20210831094,Residential Roofing,Asphalt Shingle tear off and reroof,"23259 QUASAR BLVD, PORT CHARLOTTE FL 33980",27.009876267863554,-82.06609346
4,20210831030,Residential Roofing,44 Square Shingle Roof Replacement,"36 WHITE MARSH LN, ROTONDA WEST FL 33947",26.89115894878703,-82.25325006
4,20210831050,Residential Roofing,Replace Shingle Roof,"3722 ROSEMARY DR, Punta Gorda FL 33950",26.945691669335023,-82.01045825
4,20210831002,Residential Roofing,"Complete Re-Roof, GAF 50 year asphalt shingle, 19 sq, 3/12 pitch","607 N ELLICOTT CIR, PORT CHARLOTTE FL 33952",26.99734097272797,-82.12193201
4,20210831022,Residential Roofing,remove and reroof shingle,"23144 MINERAL AVE, PORT CHARLOTTE FL 33954",27.023527026419142,-82.06962582
4,20210831014,Residential Roofing,Tear off old roof install new underlayment Fl#5259-R32 and install 26ga Classic Rib Fl#14645.11-R3,"22236 LASALLE RD, PORT CHARLOTTE FL 33952",27.00050341437776,-82.08339693
4,20210830997,Residential Roofing,remove and reroof shingle and flat (slope = .25/12),"1085 ORTON ST, PORT CHARLOTTE FL 33952",27.015581102062335,-82.11636345
4,20210831079,Residential Roofing,"REROOF, SHINGLE TO SHINGLE, PITCH 3/12--15SQ.","27399 RIDGE RD, PUNTA GORDA FL 33982",26.951608526083955,-81.99650996
4,20210831080,Residential Roofing,RE-ROOF SHINGLE,"4452 LARKSPUR CT, PORT CHARLOTTE FL 33948",26.964588084340484,-82.16448206
4,20210831019,Residential Roofing,remove and reroof shingle,"1361 SALYERS ST, PORT CHARLOTTE FL 33952",27.00755312591887,-82.11882783
4,20210831059,Residential Roofing,RE-ROOF SHINGLE,"19898 MIDWAY BLVD, PORT CHARLOTTE FL 33948",26.988853542531352,-82.12644964
4,20210831045,Residential Roofing,New metal roof over shingles and metal over  rubber,"118 COUSLEY DR, PORT CHARLOTTE FL 33952",26.963992953799792,-82.09736633
4,20210830805,Residential Roofing,New metal roof over shingles,"360 PORTO ALEGRE ST, PUNTA GORDA FL 33983",27.02268794211978,-81.99905396
4,20210830912,Residential Roofing,"REROOF, SHINGLE TO SHINGLE, PITCH 3/12--27SQ, FLAT 8SQ.","4085 DRANCE ST, PORT CHARLOTTE FL 33980",26.97118385801512,-82.04172512
4,20210830950,Residential Roofing,Re roof flat area only,"134 PECKHAM ST SW, PORT CHARLOTTE FL 33952",26.96445462407783,-82.10024257
4,20210830915,Residential Solar Photovoltaic,install 10.2kW roof mounted solar system,"4210 DAY ST, PORT CHARLOTTE FL 33948",26.96812067379576,-82.14500435
4,20210830952,Residential Solar Photovoltaic,13.545KW PV SOLAR PANEL INSTALLATION ROOF MOUNTED,"23168 LANGDON AVE, PORT CHARLOTTE FL 33954",27.026816527102568,-82.06882476
4,20210830836,Residential Garage,30'x40' closed metal accessory structure anchored in new concrete,"12085 ORSON ST, PUNTA GORDA FL 33955",26.856109683247936,-81.99179843
4,20210830870,Residential Roofing,Re-Roof,"24398 HARBORVIEW RD, PORT CHARLOTTE FL 33980",26.972150716520414,-82.046257
4,20210830885,Residential Single Family,New Construction Single Family Residence,"18133 OHARA DR, PORT CHARLOTTE FL 33948",26.95914273976652,-82.15202327
4,20210830813,Residential Roofing,Tear off shingle roof. Install metal roof with flat,"23364 OLEAN BLVD, PORT CHARLOTTE FL 33980",26.98791325827599,-82.06297308
4,20210830922,Residential Roofing,"Tear down, clean up, and haul away, and install a new shingle roof ( GAF Barkwood ) & put SA Base/Cap on low slope areas.","2314 GIMLET ST, PORT CHARLOTTE FL 33948",26.994724228370046,-82.16235358
4,20210830828,Residential Roofing,"REROOF, SHINGLE TO SHINGLE, PITCH 5/12--30SQ.","1181 SHETLAND ST, PORT CHARLOTTE FL 33980",27.012470144703187,-82.06068422
4,20210830904,Commercial Multi-Family-Babcock,4 units new construction MFR,"15887 GRASSLAND LN, Punta Gorda FL 33982",26.801769282330696,-81.73542869
4,20210830907,Residential Roofing,Replace shingle roof,"8024 SWISS BLVD, PUNTA GORDA FL 33982",26.9163228,-81.96852878
4,20210830804,Residential Solar Water Heater,Roof Mount Solar Hot Water - NO PHOTOVOLTAIC,"259 SPORTSMAN RD, ROTONDA WEST FL 33947",26.908107780334216,-82.25704963
4,20210830947,Residential Roofing,Tear off old roof and install new roof,"23403 MULLINS AVE, PORT CHARLOTTE FL 33954",27.02410322383804,-82.06182091
4,20210830890,Residential Roofing,Tear off existing roof down to deck as possible. Install new tapered Duro-Last system.,"4511 SHADY LN, PORT CHARLOTTE FL 33980",26.959031919696237,-82.06141662
4,20210830852,Residential Roofing,remove and reroof shingle,"6257 WESTMINSTER ST, PUNTA GORDA FL 33982",26.939426512876146,-81.98219293
4,20210830850,Residential Roofing,"REROOF, FLAT 1/12--21SQ","22480 CATHERINE AVE, PORT CHARLOTTE FL 33952",26.998878460011557,-82.07962039
4,20210830953,Residential Roofing,RE-ROOF SHINGLE,"373 EPPINGER DR, PORT CHARLOTTE FL 33953",27.023052135366704,-82.20954133
4,20210830834,Residential Roofing,"REROOF, SHINGLE TO METAL, PITCH 4/12--18SQ, FLAT 10SQ","2083 CANNOLOT BLVD, PORT CHARLOTTE FL 33948",27.00119014360578,-82.14829255
4,20210830866,Residential Roofing,Re-Roof,"556 KELLSTADT ST, PORT CHARLOTTE FL 33952",26.987672664958737,-82.11926264
4,20210830856,Residential Roofing,remove and reroof shingle,"2682 LAKE VIEW BLVD, PORT CHARLOTTE FL 33948",26.98633586667147,-82.12308495
4,20210830883,Residential Roofing,"Re Roof, Remove existing materials, Install new underlayment, Install new shingles","24819 RIO VILLA LAKES CIR, PUNTA GORDA FL 33950",26.903912933133824,-82.04468017
4,20210830954,Residential Roofing,RE-ROOF SHINGLE,"2415 BENDWAY DR, PORT CHARLOTTE FL 33948",26.994666999008203,-82.14985651
4,20210830869,Residential Roofing,Reroof of primary dwelling.,"19188 WATERBURY CT, PORT CHARLOTTE FL 33948",26.958421613743724,-82.13416286
4,20210830845,Residential Roofing,Tear off/Replace with shingles on detached garage,"1315 BOUNDS ST, PORT CHARLOTTE FL 33952",27.00895891407849,-82.08889767
4,20210830887,Residential Roofing,Reroof of primary dwelling.,"5209 CHAVES CIR, PORT CHARLOTTE FL 33948",26.956100445989062,-82.13874055
4,20210830910,Residential Roofing,Replace tile roof with SWB,"8248 LAKESIDE DR, ENGLEWOOD FL 34224",26.92315666,-82.31018068
4,20210830927,Commercial Multi-Family-Babcock,Bldg 1800:  30 units new construction of MFR,"43997 BOARDWALK LOOP, Punta Gorda FL 33982",,
4,20210830899,Residential Roofing,Tear off and re roof shingles. Install solar vent,"13524 NEWPORT AVE, PORT CHARLOTTE FL 33981",26.936481420702048,-82.22335818
4,20210830855,Residential Roofing,Tear off/Replace with shingles on house,"1315 BOUNDS ST, PORT CHARLOTTE FL 33952",27.00895891407849,-82.08889767
4,20210830701,Commercial Garage,GARAGE #1: NEW CONSTRUCTION FOR MFR,"15960 GRASSLAND LN, Punta Gorda FL 33982",26.80007542414727,-81.73472209
4,20210830709,Commercial Garage,GARAGE #2: NEW CONSTRUCTION FOR MFR,"15960 GRASSLAND LN, Punta Gorda FL 33982",26.80007542414727,-81.73472209
4,20210830888,Residential Roofing,REROOF SHINGLE,"1393 KINDEL CT, PUNTA GORDA FL 33983",27.00679582927268,-82.0374908
4,20210830652,Residential Roofing,Remove and replace existing shingle roof on guest house,"29370 BRYAN WAY, PUNTA GORDA FL 33982",27.004482156887747,-81.96131139
4,20210830651,Residential Dock,NEW 559 sq.ft DOCK WITH LIFT AND BOATHOUSE ROOF,"24279 BLACKBEARD BLVD, PUNTA GORDA FL 33955",26.80020953521153,-82.04577984
4,20210830759,Residential Roofing,"REROOF, SHINGLE TO SHINGLE, PITCH 3/12--30SQ. FLAT-4SQ","22401 LA GUARDIA AVE, PORT CHARLOTTE FL 33952",26.983507178965844,-82.07857508
4,20210830695,Commercial Multi-Family-Babcock,16 UNIT NEW CONSTRUCTION MFR,"15960 GRASSLAND LN, Punta Gorda FL 33982",26.80007542414727,-81.73472209
4,20210830686,Residential Roofing,TEAR OFF 2 LAYERS SHINGLES & RESHINGLE APPLY MODIFIED RUBBER FLAT AREA,"4350 EWING CIR, PORT CHARLOTTE FL 33948",26.964382111454228,-82.13300324
4,20210830791,Residential Roofing,Shingles ReRoof,"2152 NUREMBERG BLVD, PUNTA GORDA FL 33983",26.998828959781378,-82.02404028
4,20210830770,Residential Roofing,Roof replacement-shingle,"21890 CATHERINE AVE, PORT CHARLOTTE FL 33952",26.991825182733667,-82.09316259
4,20210830744,Residential Roofing,LOT # 21Reroof mobile home addition with single ply membraneIB Systems FL23802.1,"24437 HARBORVIEW RD, 21, PORT CHARLOTTE FL 33980",26.971536319605853,-82.04430769
4,20210830794,Residential Roofing,complete re roof,"251 FAIRWAY RD, ROTONDA WEST FL 33947",26.91153710964801,-82.27463535
4,20210830788,Residential Roofing,Shingle Re-Roof,"25314 CADIZ DR, PUNTA GORDA FL 33955",26.795901782651605,-82.02890407
4,20210830621,Residential Roofing,RESIDENTIAL SHINGLE TEAR OFF & RE-ROOF,"7160 SUSSEX LN, ENGLEWOOD FL 34224",26.926780716354838,-82.26323707
4,20210830693,Residential Roofing,Tear off and Re-RoofShingle to shingle,"360 FOUNTAIN ST, PORT CHARLOTTE FL 33953",27.023044653132203,-82.20754247
4,20210830800,Residential Roofing,complete re roof,"23098 TROY AVE, PORT CHARLOTTE FL 33980",26.97632796703002,-82.0710601
4,20210830789,Residential Roofing,Shingles ReRoof,"1045 DAVENPORT DR, PORT CHARLOTTE FL 33953",27.018035960510037,-82.24208066
4,20210830690,Residential Roofing,Remove and replace existing shingle roof,"339 FORTALEZA ST, PUNTA GORDA FL 33983",27.022645917019265,-82.0011139
4,20210830674,Residential Roofing,Remove and replace existing shingle roof,"25491 BARINAS DR, PUNTA GORDA FL 33983",27.019512262091926,-82.02591703
4,20210830741,Residential Roofing,"Removing Tile roof system, installing Atlas ProLam dimensional shingle roof system. Installing Seamless Aluminum accent roof to dormer over front door.","175 SPYGLASS ALY, PLACIDA FL 33946",26.852754674828777,-82.29376979
4,20210830767,Residential Roofing,RE-ROOF SHINGLE,"152 KINGS DR, ROTONDA WEST FL 33947",26.911456951349237,-82.29086305
4,20210830792,Residential Roofing,DETACHED GARAGE - complete re roof on detached garage,"852 QUAIL DR, PUNTA GORDA FL 33982",26.953868737632025,-81.98613745
4,20210933770,Residential Roofing,RE-ROOF SHINGLE AND LOW SLOPE APPLICATION (1/12),"408 KENSINGTON ST, PORT CHARLOTTE FL 33954",27.021175437701718,-82.10187536
4,20210830761,Commercial Multi-Family-Babcock,4 units new construction MFR,"15903 GRASSLAND LN, Punta Gorda FL 33982",26.801361855469956,-81.73484098
4,20210830614,Residential Roofing,Lot 256:  Reroof mobile home addition with a TPO membrane roof system.,"1475 FLAMINGO DR, 256, ENGLEWOOD FL 34224",26.93581013717891,-82.31780245
4,20210830768,Residential Roofing,Shingle Re-Roof,"23284 SAFARI AVE, PORT CHARLOTTE FL 33954",27.023765670341625,-82.06544495
4,20210933769,Residential Roofing,RE-ROOF SHINGLE,"4205 CONWAY BLVD, PORT CHARLOTTE FL 33952",26.966339144753547,-82.09172828
4,20210830776,Residential Solar Photovoltaic,INSTALLATION OF ROOF MOUNTED SOLAR PV SYSTEM (9.36 KW) INCLUDING BACKUP BATTERY (ENPHASE EMPOWER),"378 RYALS ST, PORT CHARLOTTE FL 33954",27.021709507545722,-82.05917361
4,20210830737,Residential Roofing,RE-ROOF METAL,"5136 CHAVES CIR, PORT CHARLOTTE FL 33948",26.958179430032747,-82.13816065
4,20210830790,Residential Roofing,HOUSE - Complete re roof,"852 QUAIL DR, PUNTA GORDA FL 33982",26.953868737632025,-81.98613745
4,20210830765,Commercial Multi-Family-Babcock,new construction MFR - 4 units,"15895 GRASSLAND LN, Punta Gorda FL 33982",26.801590794223568,-81.73512014
4,20210830724,Residential Roofing,Remove and replace existing shingle roof,"2337 BONN CT, PUNTA GORDA FL 33983",26.99355126320267,-82.01631929
4,20210830631,Residential Roofing,Shingle re-roof,"13257 HIGH SPRINGS AVE, PORT CHARLOTTE FL 33981",26.87908926488645,-82.23131557
4,20210830771,Residential Roofing,RE-ROOF SHINGLE,"21359 QUESADA AVE, PORT CHARLOTTE FL 33952",27.009819124855884,-82.09583289
4,20210830738,Residential Roofing,Lot 45 Reroof mobile home additions with single ply membraneIB Systems FL23802.1,"15550 BURNT STORE RD, 45, PUNTA GORDA FL 33955",26.80039393680137,-82.03623963
4,20210931626,Residential Roofing,RE-ROOF SHINGLE ON MAIN HOUSE,"66 SANTA MARTA ST, PORT CHARLOTTE FL 33954",27.030588087696838,-82.1218414
4,20210830659,Commercial Swimming Pool,"RESURFACE POOL+ SPA, REPLACE WATERLINE TILE, DEPTH MARKERS+ MAIN DRAIN COVER","14100 MYAKKA AVE, PORT CHARLOTTE FL 33953",26.966335419017003,-82.21928929
4,20210830643,Residential Roofing,Shingle re-roof,"3279 ELDORADO LN, PORT CHARLOTTE FL 33948",26.982864265410736,-82.16636651
4,20210830780,Residential Roofing,Re-Roof Installation,"23355 MULLINS AVE, PORT CHARLOTTE FL 33954",27.024103134234633,-82.06328582
4,20210830757,Residential Roofing,"re-roof 12 squares of Tamko FL 18355.1, Apoc FL 27076.16, pitch 3/12 12 squares of Flat FL 2533","2112 GEORGIA AVE, ENGLEWOOD FL 34224",26.92008779821464,-82.32443992
4,20210830799,Residential Roofing,Fl#30310Fl#6785remove and replace shingles,"2296 WHITE SANDS ST, PORT CHARLOTTE FL 33948",26.99523161073649,-82.14990228
4,COD-21-02354,CE - Code Enforcement (Not High Grass Only),"INSTALLED SCUPER HOLES- REMOVED 4"" PIPE AND REPLACED WITH 6"" ON ROOF- DAMAGE FOR ASPHALT","3492 TAMIAMI TRL, PORT CHARLOTTE FL 33952",26.979797528186708,-82.09442651
4,COD-21-02347,CE - Code Enforcement (Not High Grass Only),The inside of the home is just disgusting electrical wires are cut and be live there dangling out of the roof and ceiling rats are bad.. please save them poor cats in that's house please,"3201 AMANDA ST, PUNTA GORDA FL 33950",26.90960692807358,-82.04576113
4,20210830799,Residential Roofing,Fl#30310Fl#6785remove and replace shingles,"2296 WHITE SANDS ST, PORT CHARLOTTE FL 33948",26.99523161073649,-82.14990228
4,20210931623,Residential Roofing,RE-ROOF SHINGLE WITH LOW SLOPE APPLICATION (1/12),"684 N ELLICOTT CIR, PORT CHARLOTTE FL 33952",26.99481571880624,-82.11801912
4,20210830784,Residential Roofing,Re-Roof Installation,"15504 AVERY RD, PORT CHARLOTTE FL 33981",26.892997748309693,-82.19154358
4,20210830766,Residential Roofing,"Re Roof, Remove existing materials, Install new underlayment, Install new shingles (30sq), Install new membrane on flat roof (4sq)","1240 PRESQUE ISLE DR, PORT CHARLOTTE FL 33952",27.01104926861779,-82.08737177
4,20210830699,Residential Roofing,"26SQ OC SHINGLE REROOF (FL10674.1) SELF ADHERING P+S (FL27152.1) 1 1/4"" EG NAILS (6) + (2) 2SQ MODIFIED BITUMEN (FL2533.1)","1435 NEW POINT COMFORT RD, ENGLEWOOD FL 34223",26.937765025004396,-82.34087365
4,20210830682,Residential Roofing,Remove and replace existing shingle and flat roof,"1348 HINTON ST, PORT CHARLOTTE FL 33952",27.007694203906954,-82.10899347
4,20210830650,Residential Roofing,Remove and replace existing shingle and flat roof on house,"29370 BRYAN WAY, PUNTA GORDA FL 33982",27.004482156887747,-81.96131139
4,20210830622,Residential Roofing,Remove existing shingle roof and install new shingles and a secondary water barrier.,"3612 IDLEWILD ST, PORT CHARLOTTE FL 33980",26.97360409555891,-82.07351691
4,20210830449,Residential Roofing,replace shingle roof,"18546 AYRSHIRE CIR, PORT CHARLOTTE FL 33948",26.95487969097745,-82.14218906
4,20210830504,Residential Roofing,TEAR OFF AND RE ROOF SHINGLES,"22388 ELMIRA BLVD, PORT CHARLOTTE FL 33952",26.977271912516677,-82.07862851
4,20210830603,Residential Roofing,TEAR OFF AND REPLACE SHINGLE ROOFING SYSTEM WITH NEW SHINGLES,"30102 ALDER RD, PUNTA GORDA FL 33982",26.992786309749174,-81.95587928
4,20210830434,Residential Roofing,Replace shingle roof,"188 CARLISLE AVE, PORT CHARLOTTE FL 33952",26.974975679518803,-82.10514065
4,20210830431,Commercial Garage,GARAGE #1: NEW CONSTRUCTION FOR MFR,"15970 GRASSLAND LN, Punta Gorda FL 33982",26.799451163187275,-81.73420063
4,20210830582,Commercial Remodel,"Unit 100:: interior alterations- doors, roof top units, water and sewer connection only","1912 KINGS HWY, 100, Port Charlotte FL 33980",27.00623884502483,-82.05383298
4,20210830421,Residential Solar Photovoltaic,Installation of P/V Solar Panels on rooftop.,"64 OAKLAND HILLS CT, ROTONDA WEST FL 33947",26.88554767272326,-82.28572844
4,20210830443,Residential Roofing,remove and reroof shingle,"8180 CASA DE MEADOWS DR, ENGLEWOOD FL 34224",26.915732089287996,-82.31342783
4,20210830435,Residential Remodel,Gable Roof Conversion and New Roof,"14945 APPLETON BLVD, PORT CHARLOTTE FL 33981",26.87748341,-82.20856474
4,20210830578,Residential Roofing,SHINGLE REROOF 50 SQ 4/12 PITCH FL9777 FL10674,"1069 INVERNESS ST, PORT CHARLOTTE FL 33952",27.015453442882567,-82.07132718
4,20210830557,Residential Roofing,T/O R/R GAF TIMBERLINE SHINGLES WITH FELTBUSTER UNDERLAYMENT5/12 35 SQ,"27035 PELOTAS DR, PUNTA GORDA FL 33983",27.023094200475448,-82.00710291
4,20210830491,Residential Roofing,TEAR OFF AND RE ROOF SHINGLES,"20255 BENTON AVE, PORT CHARLOTTE FL 33952",27.00134468509802,-82.11511986
4,20210830428,Commercial Multi-Family-Babcock,NEW CONSTRUCTION MFR - 16 UNIT,"15970 GRASSLAND LN, Punta Gorda FL 33982",26.799451163187275,-81.73420063
4,20210830558,Residential Roofing,RE-ROOF SHINGLE,"20236 NAVAJO LN, PORT CHARLOTTE FL 33952",26.998323534025893,-82.11598974
4,20210830517,Residential Roofing,RE-ROOF SHINGLE,"814 JARVIS ST, PORT CHARLOTTE FL 33948",26.993244307603693,-82.13802338
4,20210830515,Residential Garage,METAL BLDG OVER SLAB,"46274 NEAL RD, PUNTA GORDA FL 33982",26.993103553643248,-81.69143888
4,20210830456,Residential Roofing,Re-Roof,"460 BLARNEY ST, PORT CHARLOTTE FL 33954",27.019460554131648,-82.05828861
4,20210830576,Residential Roofing,SHINGLE REROOF 29 SQ 3/12 PITCH FLAT REROOF 5 SQ FL9777 FL10674 FL1654,"2382 CONWAY BLVD, PORT CHARLOTTE FL 33952",26.992364919995804,-82.08149715
4,20210830425,Residential Roofing,TEAR OFF EXISTING SHINGLES/FLAT SECTION OF ROOFING AND REPLACE WITH POLYGLASS MODIFIED BUTIMEN LOW SLOPE ROOFING SYSTEM AND GAF SHINGLES ON SLOPED AREA OF ROOF,"3203 RIVERSIDE DR, B, PUNTA GORDA FL 33950",,
4,20210830548,Residential Roofing,Residential Reshingle,"133 MARKER RD, ROTONDA WEST FL 33947",26.895708173756585,-82.26551817
4,20210830442,Residential Roofing,Shingle off metal on re-roof,"1192 MARLOW ST, PORT CHARLOTTE FL 33952",27.012289157974344,-82.08023838
4,20210830590,Residential Roofing,REROOF SHINGLES AND FLAT DECK,"88 ANNAPOLIS LN, ROTONDA WEST FL 33947",26.885145072666113,-82.28185273
4,20210830575,Residential Roofing,SHINGLE REROOF 22 SQ 4/12 PITCH FL9777 FL10674,"1373 FARGO ST, PORT CHARLOTTE FL 33952",27.006986505507516,-82.11048896
4,20210830574,Residential Roofing,Roof Replacement of 46 squares due to wind damage,"26105 DOLMAN CT, PUNTA GORDA FL 33983",27.00726696233475,-82.02233131
4,20210830547,Commercial Roofing,REPLACE OLD TPO FLAT ROOF W NEW INSULATE TPO SYSTEM,"1460 S MCCALL RD, A, ENGLEWOOD FL 34223",26.938858107206343,-82.34383393
4,20210830581,Residential Roofing,Replace tile roof with SWB,"8365 PARKSIDE DR, ENGLEWOOD FL 34224",26.926399287194965,-82.30841063
4,20210830419,Residential Roofing,New shingle roof,"41 CLUBHOUSE PL, ROTONDA WEST FL 33947",26.905155146866736,-82.27825934
4,20210830440,Residential Roofing,"REROOF, SHINGLE TO SHINGLE, PITCH 4/12--35SQ.","21080 FIRWOOD TER, PORT CHARLOTTE FL 33954",27.02614983577022,-82.10462955
4,20210830432,Commercial Garage,GARAGE #2: NEW CONSTRUCTION FOR MFR,"15970 GRASSLAND LN, Punta Gorda FL 33982",26.799451163187275,-81.73420063
4,20210830572,Residential Roofing,SHINGLE REROOF 34 SQ 4/12 PITCH FLAT REROOF 2 SQ FL9777 FL10674 FL1654,"1090 BRISTOL ST, PORT CHARLOTTE FL 33952",27.015441846194005,-82.11489112
4,20210830580,Residential Roofing,Replace tile roof with SWB,"8376 PONDVIEW LN, ENGLEWOOD FL 34224",26.930812823472717,-82.30941777
4,20210830513,Residential Solar Photovoltaic,ROOF MOUNTED SOLAR PV SYSTEM INSTALL - 11.16 KW,"6500 GROVE BLVD, PUNTA GORDA FL 33982",26.93246085067144,-81.97245792
4,20210830452,Residential Single Family,New Construction Single Family Home,"13558 KETRIDGE AVE, PORT CHARLOTTE FL 33953",27.02977941216661,-82.22101595
4,20210830478,Residential Roofing,remove and reroof shingle,"18502 BRIGGS CIR, PORT CHARLOTTE FL 33948",26.961752014989564,-82.14281461
4,20210830483,Residential Single Family,New Construction Single Family Home.,"18702 ARAPAHOE CIR, PORT CHARLOTTE FL 33948",26.954938747644757,-82.14702603
4,20210830589,Residential Roofing,REROOF SHINGLES,"13553 BENNETT DR, PORT CHARLOTTE FL 33981",26.94239030726807,-82.22248079
4,20210830284,Residential Roofing,Shingle Re-Roof,"311 POMPANO TER, PUNTA GORDA FL 33950",26.916540126333423,-82.0496369
4,20210830429,Residential Roofing,Re-roof 34 sq shingle. 5/12 pitch. GAF:FL10124.1 & APOC:FL27076.16,"479 FOUNTAIN ST, PORT CHARLOTTE FL 33953",27.02174196484114,-82.20595553
4,20210830389,Residential Roofing,Replace shingle roof with SWB,"4074 N BEACH RD, ENGLEWOOD FL 34223",26.94197647853372,-82.37183386
4,20210830563,Residential Roofing,"Re Roof, Remove existing materials, Install new underlayment, Install new shingles (22sq), Install new membrane on flat roof (5sq)","262 CHAMBER ST, PORT CHARLOTTE FL 33948",26.977804321740603,-82.13017273
4,20210830369,Residential Lanai,Install screen Lanai with Composite roof on Exsiting Slab Permit #20210206445,"325 PORTO ALEGRE ST, PUNTA GORDA FL 33983",27.023977182094118,-81.99938195
4,20210830248,Residential Roofing,tear off the old shingles and replace a new roof,"10332 GULFSTREAM BLVD, ENGLEWOOD FL 34224",26.91781055703136,-82.27832027
4,20210830325,Residential Roofing,Shingle Re-Roof,"29 BUNKER PL, ROTONDA WEST FL 33947",26.894763912868168,-82.29221351
4,20210830276,Residential Roofing,"REROOF, SHINGLE TO SHINGLE, PITCH 4/12--39SQ.","2395 LAKE VIEW BLVD, PORT CHARLOTTE FL 33948",26.992935271511627,-82.12776947
4,20210830287,Residential Roofing,Shingle Re-Roof,"2 MANDERSHAW LN, PUNTA GORDA FL 33982",26.999792158445764,-81.8925628
4,20210830239,Residential Roofing,Reroof,"21275 GLENDALE AVE, PORT CHARLOTTE FL 33952",26.99852183,-82.09855646
4,20210830256,Residential Garage,"METAL BUILDING 18'X26' WITH CONCRETE PAD WITH 13.5'X16"" FOOTERS WITH 2 #5 REBAR 3000 PSI FIBER","510 SPRING LAKE BLVD, PORT CHARLOTTE FL 33952",26.984895688093626,-82.12150581
4,20210830391,Residential Lanai,Lot 19:  install mansard roof and screen panels on existing structure,"14100 MYAKKA AVE, 19, PORT CHARLOTTE FL 33953",26.966753562872423,-82.21875274
4,20210830347,Residential Roofing,Replace Old Shingles & by new one (Full replacement),"7222 ELDRIDGE ST, ENGLEWOOD FL 34224",26.92465018457792,-82.27734368
4,20210830376,Residential Lanai,"FOOTER, CONCRETE DECK EXTENSION ON TOP OF 60"" RETAINING WALL, ELITE ROOF, SCREEN ENCLOSURE WITH 3' PICK RAILING","521 PEEPLES DR, PUNTA GORDA FL 33950",26.900533585476296,-82.04925538
4,20210830411,Residential Roofing,Re-Roof Installation,"4287 MUNDELLA CIR, PORT CHARLOTTE FL 33948",26.967649566106456,-82.13632968
4,20210830345,Residential Roofing,SHINGLE & FLAT DECK ROOF REPLACEMENT,"22189 LITTLE FALLS AVE, PORT CHARLOTTE FL 33952",26.984996794540354,-82.08470161
4,20210830322,Residential Roofing,ROOF RECOVER (METAL),"20479 ALBURY DR, PORT CHARLOTTE FL 33952",26.99675552274381,-82.11123649
4,20210830278,Residential Roofing,Shingle Re-Roof,"864 BOUNDARY BLVD, ROTONDA WEST FL 33947",26.89434061424369,-82.24762452
4,20210830238,Residential Solar Photovoltaic,Installation of P/V Solar Panels on rooftop.,"276 ALLWORTHY ST, PORT CHARLOTTE FL 33954",27.02450358433703,-82.0727463
4,20210830271,Residential Roofing,"Roof replacement, asphalt shingle","13503 LONGWOOD AVE, PORT CHARLOTTE FL 33981",26.937442762314586,-82.2238159
4,20210830263,Residential Roofing,TEAR OFF EXISTING SHINGLE ROOF AND REPLACE WITH STANDING SEAM METAL ROOFING SYSTEM,"3767 PEACE RIVER DR, PUNTA GORDA FL 33983",26.972093496470524,-82.01188666
4,20210830315,Residential Roofing,Tera off the old Shingles and replace a new roof,"44 WHITE MARSH LN, ROTONDA WEST FL 33947",26.891164823213984,-82.25421909
4,20210830246,Residential Roofing,Replace shingle roof,"157 CONCORD DR, PORT CHARLOTTE FL 33952",26.97323031,-82.09696205
4,20210830530,Residential Roofing,Re-roof 32 sq shingle. 5/12 pitch,"487 FOUNTAIN ST, PORT CHARLOTTE FL 33953",27.021743741362386,-82.20570375
4,20210830339,Residential Roofing,Remove existing shingles down to sheathing and Install new shingles to roof.,"22095 BREEZESWEPT AVE, PORT CHARLOTTE FL 33952",27.00252341196514,-82.0876084
4,20210830396,Residential Roofing,Re-roof single family home using GAF shingles FL10124-R27 Peel and stick FL5259-R30 47 sq 5/12 pitch,"7051 PINEWOOD LN, PUNTA GORDA FL 33982",26.958333994256808,-81.97489927
4,20210830117,Residential Roofing,RE-ROOF SHINGLE,"17297 BLY AVE, PORT CHARLOTTE FL 33948",26.982811097846948,-82.16335301
4,20210830076,Residential Single Family,New Construction Single Family Residence,"15682 MARGO CIR, PORT CHARLOTTE FL 33981",26.913146958912954,-82.19538121
4,20210830091,Residential Roofing,remove and reroof shingle,"1324 DORCHESTER ST, PORT CHARLOTTE FL 33952",27.00834275802747,-82.10772698
4,20210829987,Residential Roofing,ROOF REPLACEMENT ASPHALT SHINGLE,"3495 PINETREE ST, PORT CHARLOTTE FL 33952",26.97580733,-82.10900886
4,20210830174,Residential Roofing,"Remove and replace roofing materials; re-nail plywood, install underlayment, install Concrete Tile.","4 AMBERJACK LN, PLACIDA FL 33946",26.852086989706663,-82.28385922
4,20210830240,Residential Roofing,"Tear off existing, renail decking, install underlayment and shingle roof system.","9431 EL CAMPO AVE, ENGLEWOOD FL 34224",26.918943321397418,-82.29238889
4,20210830128,Residential Miscellaneous,LOT 7:  replacing an existing aluminum roofover,"15550 BURNT STORE RD, 7, PUNTA GORDA FL 33955",26.80039393680137,-82.03623963
4,20210830057,Residential Lanai,"footers, concrete, elite composite roof with screen walls.","12142 STORKE AVE, PORT CHARLOTTE FL 33981",26.961118717086208,-82.25112154
4,20210830151,Residential Roofing,RE-ROOF SHINGLE,"881 SILVER SPRINGS TER, PORT CHARLOTTE FL 33948",26.993593196978356,-82.12598424
4,20210830157,Commercial Fence,863ft - 6ft galv. 11.5GA chain link fence with tension wire at bottom with 1 - 6ft x 24ft cantilever gate with solar operator Set in cement,"7200 HEALTH DR, ENGLEWOOD FL 34224",26.926065460861743,-82.33473211
4,20210830088,Residential Roofing,remove and reroof shingle on detached shed,"3032 SEAFARER DR, PUNTA GORDA FL 33983",26.98268705962132,-82.00553133
4,20210830083,Residential Roofing,remove and reroof shingle and flat (slope = 0.25/12),"3032 SEAFARER DR, PUNTA GORDA FL 33983",26.98268705962132,-82.00553133
4,20210830148,Residential Roofing,RE-ROOF SHINGLE,"1336 FRIZZELL LN, PORT CHARLOTTE FL 33948",27.006217886890276,-82.13861088
4,20210830180,Residential Roofing,Replace tile roof with SWB,"8354 PARKSIDE DR, ENGLEWOOD FL 34224",26.926803550161203,-82.30889127
4,20210830140,Residential Roofing,REMOVE EXISTING TILE ROOFING / REPLACE WITH TILE ROOFING,"14042 ROYAL POINTE DR, PORT CHARLOTTE FL 33953",26.96837000565329,-82.22134875
4,20210830138,Commercial Mechanical,"UNIT A4 - Change out 10-ton rooftop package unit, for unit A4 (restaurant).","8501 PLACIDA RD, A4, Placida FL 33946",26.859991365615304,-82.29978142
4,20210830092,Residential Roofing,remove and reroof shingle,"7367 MEMORIAL DR, PORT CHARLOTTE FL 33981",26.921505079900925,-82.25984194
4,20210830041,Residential Cage,"concrete, footers, slab with elite roof and cage","115 SIESTA RD, ROTONDA WEST FL 33947",26.914222723868374,-82.29507446
4,20210830175,Residential Single Family,New construction of single family residence,"15098 BUSWELL AVE, PORT CHARLOTTE FL 33953",27.019411077671133,-82.20230107
4,20210830135,Residential Garage,metal storage bldg,"7268 SPINNAKER BLVD, ENGLEWOOD FL 34224",26.923198573207934,-82.28813935
4,20210830166,Residential Roofing,tear-off and re-roof shingle,"4330 SANSEDRO ST, PORT CHARLOTTE FL 33948",26.96493533887152,-82.14842226
4,20210830143,Commercial Solar Photovoltaic,install 10.200 kW roof mounted pv solar system,"4210 DAY ST, PORT CHARLOTTE FL 33948",26.96812067379576,-82.14500435
4,20210830120,Residential Roofing,Replace Shingle & Modified Roofing Systems & Repair/Replace Rotten Fascia Boards,"187 GLENRIDGE AVE, PORT CHARLOTTE FL 33952",26.979095473973356,-82.10897063
4,20210830099,Residential Roofing,remove and reroof shingle,"16 MOCHA CT, PUNTA GORDA FL 33983",27.031299519323948,-82.01416023
4,20210830125,Residential Roofing,remove and reroof shingle,"3761 PEACE RIVER DR, PUNTA GORDA FL 33983",26.972234818871573,-82.0116424
4,20210829911,Residential Roofing,Remove and replace existing shingle  and flat roof,"11380 PEPPERDINE ST, PUNTA GORDA FL 33955",26.862909437832982,-82.01055398
4,20210829972,Residential Roofing,Replace tile roof with SWB,"3199 VILLAGE LN, PORT CHARLOTTE FL 33953",26.982763180491986,-82.21795659
4,20210829879,Residential Roofing,Shingle tear off and replace of 24 squares at a 3:12 pitch using FL9777 and FL 10674,"5289 CRESTLINE TER, PORT CHARLOTTE FL 33981",26.95255848544361,-82.24263771
4,20210829825,Residential Roofing,SHINGLE RE-ROOF,"146 CUIABA DR, PUNTA GORDA FL 33983",27.027755728829778,-82.00266268
4,20210829886,Residential Solar Photovoltaic,ROOF MOUNTED SOLAR PV SYSTEM INSTALL - 8.28 KW,"20439 PEACHLAND BLVD, PORT CHARLOTTE FL 33954",27.01746630699543,-82.10965922
4,20210829818,Residential Roofing,remove and reroof shingle and flat (slope = 0.25/12),"13561 LONGWOOD AVE, PORT CHARLOTTE FL 33981",26.93727124234007,-82.22222906
4,20210829829,Residential Roofing,SHINGLE RE-ROOF,"160 CUIABA DR, PUNTA GORDA FL 33983",27.027238739146796,-82.00263983
4,20210829933,Residential Roofing,Shingle Re-Roof,"11302 FIRST AVE, PUNTA GORDA FL 33955",26.866832723953053,-82.00006101
4,20210830093,Residential Roofing,Reroof - Tear off existing roof and underlayment.  Install new underlayment and shingle roof.,"484 HIPPEL ST, PORT CHARLOTTE FL 33954",27.018962907061304,-82.12194066
4,20210830316,Residential Roofing,TEAR OFF EXISTING SHINGLES TO DECK. RENAIL DECK TO CODE. DRY-IN WITH POLYGLASS MTS SECONDARY WATER BARIER. SUPPLY AND INSTALL NEW 5V-CRIMP METAL ROOF.,"102 CADDY RD, ROTONDA WEST FL 33947",26.887035234258605,-82.28149411
4,20210829887,Residential Roofing,SHINGLE TO 5V METAL AND FLAT RE-ROOF,"817 LINNAEN TER, PORT CHARLOTTE FL 33948",26.995174436950247,-82.12525177
4,20210831438,Residential Cage,screen lanai with composite roof,"5168 BRUNSWICK TER, PORT CHARLOTTE FL 33981",26.955423303931358,-82.23729707
4,20210829894,Residential Roofing,Remove and replace existing shingle roof,"801 CORDELE AVE, PORT CHARLOTTE FL 33948",26.981836356454718,-82.12564091
4,20210829805,Residential Roofing,Replace Old Shingles and flat roof by new one .(Full Replacement),"21085 ALPINE AVE, PORT CHARLOTTE FL 33952",27.010769007728637,-82.10424043
4,20210829973,Residential Miscellaneous,Lot 64:  replacing an existing aluminum roofover,"14880 TAMIAMI TRL, 64, PUNTA GORDA FL 33955",26.81129060409012,-81.9568252
4,20210830477,Residential Roofing,38 Square Shingle Roof Replacement,"7 PEBBLE BEACH RD, ROTONDA WEST FL 33947",26.896404265984124,-82.28054813
4,20210829838,Residential Roofing,Re-roof of primary dwelling,"26477 VALPARAISO DR, PUNTA GORDA FL 33983",27.029445692325954,-82.01026159
4,20210829928,Residential Roofing,Shingle Re-Roof - GUEST HOUSE,"4392 SIBLEY BAY ST, PORT CHARLOTTE FL 33980",26.96083453695401,-82.07315829
4,20210829903,Residential Roofing,RUBEROID ROOF SYSTEM (PEEL & STICK) RE-ROOF,"2321 EASY ST, PORT CHARLOTTE FL 33952",26.993980522007483,-82.09411614
4,20210829975,Residential Roofing,35 Square Roof Replacement (31sq Shingle + 4sq Flat),"1202 TALBOT ST, PORT CHARLOTTE FL 33952",27.011993425414587,-82.07749179
4,20210829920,Residential Roofing,Shingle & Flat Re-Roof - MAIN HOUSE,"4392 SIBLEY BAY ST, PORT CHARLOTTE FL 33980",26.96083453695401,-82.07315829
4,20210829772,Residential Single Family,New Construction - Single Family Residence,"222 CASTILE CT, PUNTA GORDA FL 33983",27.026393852355604,-82.03850558
4,20210829869,Residential Roofing,Shingle & Modified 3 ply Flat DeckRoof Replacement,"22181 LITTLE FALLS AVE, PORT CHARLOTTE FL 33952",26.98497577777667,-82.08493803
4,20210829946,Residential Roofing,Remove and replace existing shingle roof,"251 BAHIA BLANCA DR, PUNTA GORDA FL 33983",27.02486988030276,-82.03081517
4,20210830229,Residential Lanai,Remove & Replace pan roof on screen enclosure,"18530 AYRSHIRE CIR, PORT CHARLOTTE FL 33948",26.95488159849511,-82.14169318
4,20210829815,Residential Roofing,Reroof 56 sq Shingles,"2164 ULSTER CT, PUNTA GORDA FL 33983",26.998056362851514,-82.01097867
4,20210829891,Residential Solar Photovoltaic,ROOF MOUNTED SOLAR PV SYSTEM INSTALL - 9.36 KW,"832 CORDELE AVE, PORT CHARLOTTE FL 33948",26.982187298330267,-82.12681588
4,20210829908,Residential Roofing,Shingle Re-Roof,"19326 EDGEWATER DR, PORT CHARLOTTE FL 33948",26.973903717477157,-82.12973793
4,20210829906,Residential Roofing,Re roof shingle to shingle5/1235.33 SQGAF Shingle NOA 19-0312.04,"24148 BUCKINGHAM WAY, PORT CHARLOTTE FL 33980",27.00489617781429,-82.05193331
4,20210829773,Residential Solar Photovoltaic,Installation of P/V Solar Panels on rooftop.,"24675 BUCKINGHAM WAY, PORT CHARLOTTE FL 33980",27.00396184,-82.04038444
4,20210829795,Residential Roofing,"Tear off existing roof down to deck, Install new GAF shingle roof.","540 WEST TARPON BLVD NW, PORT CHARLOTTE FL 33952",26.98523339252011,-82.11431877
4,20210830374,Residential Roofing,34 Square Shingle Roof Replacement,"11378 STARFLOWER AVE, ENGLEWOOD FL 34224",26.930168033436416,-82.26039121
4,20210829836,Residential Roofing,Re-roof of primary dwelling,"421 LONDRINA DR, PUNTA GORDA FL 33983",27.02031133882119,-82.01851657
4,20210829791,Residential Roofing,Tear off the Old roof and re-place a new shingles roof,"3488 DWIGHT ST, PORT CHARLOTTE FL 33981",26.975784415136005,-82.24416356
4,20210829819,Residential Roofing,SHINGLE RE-ROOF,"437 DELANEY ST, PORT CHARLOTTE FL 33954",27.020406741589785,-82.08073431
4,20210829323,GM-Residential Fence (Zoning),INSTALL 6' HIGH METAL FENCE WITH 2 GATES,"324 COMSTOCK ST, PORT CHARLOTTE FL 33954",27.02319714533881,-82.06466675
4,COD-21-02325,CE - Code Enforcement (Not High Grass Only),Dump truck parked/stored on the property and in a residential area; and expired permit # 20191129266 for INSTALL ROOF MOUNTED SOLAR PV SYSTEM - 10.72KW; expired 10-13-2020.,"27400 VOYAGEUR DR, PUNTA GORDA FL 33983",26.988676114449802,-81.99610898
4,COD-21-02306,CE - Code Enforcement (Not High Grass Only),"GRASS IS OVER FOOT TALL, IT LOOKS LIKE IT'S VACANT, BIG LIMB FELL ON THE ROOF OF HOME SO ROOF IS CAVED IN, PLYWOOD ON WINDOWS, IT'S A MESS, AN EYESORE","361 YORKSHIRE ST, PORT CHARLOTTE FL 33954",27.022422801780408,-82.10358432
4,20210829867,Residential Roofing,Remove existing shingles down to sheathing.  Install new 5v metal roof mill finish,"18471 VAN NUYS CIR, PORT CHARLOTTE FL 33948",26.95780556315482,-82.14884191
4,20210829873,Residential Solar Photovoltaic,install solar photovoltaic to roof,"23428 PEACHLAND BLVD, PORT CHARLOTTE FL 33954",27.017709752891808,-82.06127923
4,20210829736,Residential Roofing,remove and install new fiberglass shingles,"15399 ARON CIR, PORT CHARLOTTE FL 33981",26.87613110395059,-82.19889064
4,20210829603,Residential Lanai,Screen room with insulated composite roof,"5929 GILLOT BLVD, PORT CHARLOTTE FL 33981",26.946630506641313,-82.22433476
4,20210829652,Residential Roofing,Roof replacement-shingle,"162 BROADMOOR LN, ROTONDA WEST FL 33947",26.898044551734756,-82.26811985
4,20210829706,Residential Roofing,remove and reroof tile,"21351 HARBORSIDE BLVD, PORT CHARLOTTE FL 33952",26.958597095367953,-82.09651186
4,20210829744,Residential Roofing,"REROOF, OC SHINGLE FL10674, APOC FL26482","18265 ROBINSON AVE, PORT CHARLOTTE FL 33948",26.972793510930455,-82.1478576
4,20210829637,Residential Roofing,"Remove existing, re-nail deck, install SWB, install tiles","4646 ARLINGTON DR, PLACIDA FL 33946",26.853857067037207,-82.28780362
4,20210829733,Residential Roofing,TILE TO SHINGLE RE-ROOF,"3048 SARGEANT ST, PORT CHARLOTTE FL 33948",26.98735610604849,-82.14874271
4,20210829678,Residential Miscellaneous,DEMO FRONT ENTRY AND REPLACE WITH GABLE ROOF WITH CONVENTIONAL FRAMING,"17536 VELLUM CIR, PUNTA GORDA FL 33955",26.77335369282303,-82.04276278
4,20210829728,Residential Solar Photovoltaic,install 16.065 kW roof mounted pv solar system,"1074 DARBY DR, PORT CHARLOTTE FL 33948",26.98759259,-82.13310247
4,20210829627,Residential Roofing,Replace shingle roof,"6358 CUTLER TER, PORT CHARLOTTE FL 33981",26.93551649005902,-82.22249609
4,20210829737,Residential Single Family,SFR NEW CONSTRUCTION,"18179 PETOSKEY CIR, PORT CHARLOTTE FL 33948",26.954093895000952,-82.15375526
4,20210829743,Residential Solar Photovoltaic,INSTALL PHOTOVOLTAIC SOLAR TO ROOF,"15107 BUSWELL AVE, PORT CHARLOTTE FL 33953",27.018915297376207,-82.20206447
4,20210829608,Residential Roofing,tear off existing shingles and replace with new shingle roofing system,"18163 PETOSKEY CIR, PORT CHARLOTTE FL 33948",26.95409217064093,-82.15326693
4,20210829764,Residential Roofing,RE-ROOFING SHINGLES TO SHINGLES,"19972 MIDWAY BLVD, PORT CHARLOTTE FL 33948",26.990447878488208,-82.12368007
4,20210829700,Residential Roofing,remove and reroof flat (slope = 0.5/12),"22101 MIDWAY BLVD, PORT CHARLOTTE FL 33952",26.999197029337598,-82.08747862
4,20210829697,Residential Roofing,REROOF MODIFIED FLAT DECK,"13280 FOWLER AVE, PORT CHARLOTTE FL 33981",26.937511539804003,-82.23067469
4,20210829647,Residential Roofing,tear off shingle roof and re roof with shingle due to storm,"25708 PRADA DR, PUNTA GORDA FL 33955",26.785791492405135,-82.02358244
4,20210829667,Residential Solar Photovoltaic,17.955KW PV SOLAR PANEL INSTALLATION ROOF MOUNTED,"20206 GLADSTONE AVE, PORT CHARLOTTE FL 33952",27.004280220697943,-82.11684412
4,20210829698,Residential Garage,METAL DETACHED GARAG 30X24 720 SQ FT,"5428 MONTEGO LN, PORT CHARLOTTE FL 33981",26.951370171950686,-82.23819736
4,20210829714,Residential Roofing,Roof replacement-shingle,"1601 PALACE CT, PORT CHARLOTTE FL 33980",27.010608733377456,-82.05197908
4,20210829663,Residential Roofing,Reroof addition with TPO membrane,"1415 SANDERLING DR, ENGLEWOOD FL 34224",26.93989185713603,-82.3144303
4,20210829685,Commercial Mechanical,UNIT 102 - REPLACING TWO EXISTING 5.0 TON RTU'S FOR 7.5 TON RTU'S. NEW CURB ADAPTERS AND ELECTRIC TO BE DONE. ELECTRICIAN AND ROOFER WILL SUBMIT SUB PERMITS.,"1900 TAMIAMI TRL, 102, Port Charlotte FL 33948",27.005430149333385,-82.13031774
4,20210829640,Residential Roofing,RUBEROID ROOF SYSTEM (PEEL & STICK) FLAT RE-ROOF ONLY,"1912 NUREMBERG BLVD, PUNTA GORDA FL 33983",27.006126392903752,-82.0238877
4,20210829702,Residential Roofing,SHINGLE AND FLAT RE-ROOF UNIT A ONLY,"3203 RIVERSIDE DR, A, PUNTA GORDA FL 33950",,
4,20210829657,Residential Roofing,Tear off/Replace with Shingles,"6314 COLISEUM BLVD, PORT CHARLOTTE FL 33981",26.942842444576492,-82.22637172
4,20210829738,Residential Single Family,SFR - NEW CONSTRUCTION,"21436 DAWSON AVE, PORT CHARLOTTE FL 33952",27.002056066130013,-82.09372707
4,20210829634,Residential Roofing,33 Square Shingle Roof Replacement,"2317 ACHILLES ST, PORT CHARLOTTE FL 33980",26.994121532859378,-82.06989296
4,20210829708,Residential Roofing,HOUSE - SHINGLE RE-ROOF-MAIN HOUSE,"5196 CRAWFORDSVILLE DR, PORT CHARLOTTE FL 33948",26.954038574201135,-82.14798733
4,20210829587,Residential Roofing,Shingle Replacement,"25176 ESTRADA CIR, PUNTA GORDA FL 33955",26.79401774796827,-82.03643043
4,20210829561,Residential Roofing,Re-roof metal,"29336 SAM WAY, PUNTA GORDA FL 33982",27.00112877761891,-81.96335057
4,20210829476,Residential Roofing,Install metal roof over existing shingle roof,"168 ROSE CIR, PUNTA GORDA FL 33982",27.03054429661411,-81.9652787
4,20210829469,Residential Roofing,Re-roof shingle & flat,"520 WOODLAND AVE, PORT CHARLOTTE FL 33952",26.975368591271252,-82.11761478
4,20210829558,Residential Roofing,Re-roof shingle,"231 ALLWORTHY ST, PORT CHARLOTTE FL 33954",27.025800729932893,-82.07327277
4,20210829444,Residential Lanai,LANAI W COMPOSITE ROOF,"1520 UPSHAW TER, PORT CHARLOTTE FL 33952",27.00387960685849,-82.08465578
4,20210829559,Residential Roofing,"ROOF RECOVER, SHINGLE OVER SHINGLE","2395 MONTPELIER RD, PUNTA GORDA FL 33983",26.99155231942959,-82.02462009
4,20210829498,Residential Solar Photovoltaic,INSTALL ROOF MOUNTED SOLAR PV SYSTEM,"130 EASTON DR, PORT CHARLOTTE FL 33952",26.97501750268753,-82.1023483
4,20210829527,Residential Roofing,"TEAR OFF EXISTING SHINGLES AND REPLACE WITH GAF TIMBERLINE HDZ SHINGLES FL # 10124-R29,30SQ, ROOF PITCH 5/12","113 SESAME RD W, ROTONDA WEST FL 33947",26.909965416403967,-82.30415341
4,20210829480,Residential Roofing,tear off shingle roof and re roof with shingle due to storm,"25491 DOREDO DR, PUNTA GORDA FL 33955",26.78661164,-82.02563482
4,20210829470,Residential Roofing,REROOF,"1269 RANDOLPH ST, PORT CHARLOTTE FL 33952",27.00989531225561,-82.10639191
4,20210829566,Commercial Roofing,Re-roof metal,"1459 LULLABY ST, PORT CHARLOTTE FL 33948",27.005386256870555,-82.15754699
4,20210829473,Residential Roofing,"TEAR OFF EXISTING SHINGLES AND REPLACE WITH GAF TIMBERLINE HDZ SHINGLES FL # 10124-R29,32SQ,ROOF PITCH 5/12","26359 VILLA MARIA DR, PUNTA GORDA FL 33983",27.02378273147773,-82.01393884
4,20210829554,Residential Roofing,Re-roof shingle,"270 FORTALEZA ST, PUNTA GORDA FL 33983",27.02455509,-82.00104526
4,20210829575,Residential Roofing,RE-ROOF SHINGLE,"2331 CANNOLOT BLVD, PORT CHARLOTTE FL 33948",26.994371366259188,-82.14829259
4,20210829475,Residential Roofing,Re-Roof,"4437 MEAGER CIR, PORT CHARLOTTE FL 33948",26.962858234828495,-82.13825229
4,20210829455,Residential Roofing,TEAR OFF RE ROOF SHINGLES,"13703 DRYSDALE AVE, PORT CHARLOTTE FL 33981",26.94574941156923,-82.21765907
4,20210829471,Residential Roofing,Re-Roof,"4066 YUCATAN CIR, PORT CHARLOTTE FL 33948",26.971912371371204,-82.13581841
4,20210829535,Residential Roofing,Tear off re roof shingles and flat roof,"244 ROTONDA CIR, ROTONDA WEST FL 33947",26.89219660058319,-82.254982
4,20210829590,Residential Roofing,tear off existing shingle roof system and install a new asphalt shingle roof system,"3363 IDLEWILD ST, PORT CHARLOTTE FL 33980",26.980396174656846,-82.07390602
4,20210829448,Residential Garage,24x25 ft garage metal bldg over concrete,"18396 LARAMIE AVE, PORT CHARLOTTE FL 33954",27.027910104641634,-82.14363091
4,20210829582,Residential Roofing,reroof shingle pitch'4/12 sqs'22 noa 16-1109.18  19-0506.02,"11187 FOURTH AVE, PUNTA GORDA FL 33955",26.867746458012896,-82.00571441
4,20210829508,Residential Roofing,Flat Reroof,"179 DARTMOUTH DR, PORT CHARLOTTE FL 33952",26.976444277010103,-82.10132602
4,20210829589,Residential Roofing,Tear off the old roof and Replace a new roof,"179 CADDY RD, ROTONDA WEST FL 33947",26.890585034242356,-82.28462978
4,20210829549,Residential Roofing,Re-roof shingle & modified,"22228 LITTLE FALLS AVE, PORT CHARLOTTE FL 33952",26.98546226729686,-82.08359519
4,20210829424,Residential Miscellaneous,OFFICE BUILDING replacing an existing aluminum roofover,"24437 HARBORVIEW RD, PORT CHARLOTTE FL 33980",26.967000989578466,-82.04450895
4,20210829586,Residential Roofing,New Roof Replacement,"16 SPORTSMAN CT, ROTONDA WEST FL 33947",26.903409864129745,-82.26564031
4,20210829434,Residential Roofing,Remove existing shingle roof. Install new shingle Roof System,"12031 HUNTER AVE, PORT CHARLOTTE FL 33953",27.026147723016372,-82.25415803
4,20210829332,Residential Roofing,Roof replacement-shingle,"24055 BUCKINGHAM WAY, PORT CHARLOTTE FL 33980",27.00415606425643,-82.04882814
4,20210829262,Residential Roofing,Reroof shingle to metal w/full SWR,"6299 ENGLAR LN, ENGLEWOOD FL 34224",26.937168090103008,-82.30297082
4,20210829381,Residential Solar Photovoltaic,INSTALL RESIDENTIAL ROOF MOUNTED SOLAR PV SYSTEM,"17756 CORKWOOD BEND TRL, Punta Gorda FL 33982",26.777793090487535,-81.73723198
4,20210829408,Residential Roofing,reroof shingles,"806 ROTONDA CIR, ROTONDA WEST FL 33947",26.899748074371754,-82.25038485
4,20210829311,Residential Roofing,remove and reroof shingle,"1334 EAGLE ST, PORT CHARLOTTE FL 33952",27.00809101646817,-82.11083987
4,20210829304,Residential Roofing,"REROOF, SHINGLE TO SHINGLE, PITCH 4/12--38SQ, 4/12-12SQ","1128 ANAHEIM ST, PORT CHARLOTTE FL 33953",27.015056725529945,-82.2537689
4,20210829328,Residential Roofing,"Remove existing, renail deck, install SWB, Install shingles","71 GOLFVIEW RD N, ROTONDA WEST FL 33947",26.886344860285693,-82.28996282
4,20210829342,Residential Roofing,"Remove existing shingle roof down to plywood deck. Install new peel and stick underlayment, galvanized accessory metals and new architectural shingles.","24235 BUCKINGHAM WAY, PORT CHARLOTTE FL 33980",27.008512513254722,-82.05288704
4,20210829318,Residential Roofing,"18SQ OC SHINGLE REROOF (FL10674.1) SELF ADHERING P+S (FL27152.1) 1 1/4"" EG NAILS (6)","159 GUAVA ST, PORT CHARLOTTE FL 33980",26.96952054480004,-82.04002376
4,20210829372,Residential Solar Photovoltaic,Install 8.820 kW roof mounted pv solar system,"19343 EDGEWATER DR, PORT CHARLOTTE FL 33948",26.973312433830703,-82.12924964
4,20210829599,Residential Roofing,remove and replace shinglesFL#10124,"22180 MONTROSE AVE, PORT CHARLOTTE FL 33952",27.00220119,-82.08504479
4,20210829310,Residential Miscellaneous,Lot E-6:  replacing an existing aluminum roofover,"3701 BAYNARD DR, E-6, PUNTA GORDA FL 33950",,
4,20210829384,Residential Roofing,Re-roof,"23437 TABER AVE, PORT CHARLOTTE FL 33954",27.019710453208884,-82.06095123
4,20210829292,Residential Roofing,remove and reroof shingle,"452 WABASH TER, PORT CHARLOTTE FL 33954",27.02014554080957,-82.06248481
4,20210829297,Residential Roofing,remove and reroof shingle,"18513 KULDIN AVE, PORT CHARLOTTE FL 33948",26.97613903197789,-82.14025882
4,20210829370,Residential Roofing,REROOF INSTALL,"9477 ST PAUL DR, PORT CHARLOTTE FL 33981",26.892022990972734,-82.19091029
4,20210829365,Residential Roofing,REROOF INSTALL,"10379 CALUMET BLVD, PORT CHARLOTTE FL 33981",26.876062254109367,-82.22415929
4,20210829361,Residential Roofing,reroof install,"112 MARINER LN, ROTONDA WEST FL 33947",26.899312869270336,-82.27864076
4,20210829296,Residential Roofing,remove and reroof shingle,"23168 LANGDON AVE, PORT CHARLOTTE FL 33954",27.026816527102568,-82.06882476
4,20210829308,Residential Miscellaneous,LOT 293:  replacing an existing aluminum roofover,"2100 KINGS HWY, 293, PORT CHARLOTTE FL 33980",26.999233302768417,-82.05657329
4,20210829314,Residential Roofing,19SQ OC SHINGLE REROOF (FL10674.1) SELF ADHERING P+S (FL27152.1) 1 14/IN EG NAILS (6),"1116 EAST CORKTREE CIR, PORT CHARLOTTE FL 33952",27.015003189890546,-82.12136844
4,20210829267,Residential Solar Photovoltaic,Install PV Solar panels and wiring on existing roof.,"250 BANGSBERG RD, PORT CHARLOTTE FL 33952",26.95906259303388,-82.08905787
4,20210829646,Residential Roofing,Shingle + flat re-roof,"16146 QUICHE CT, PUNTA GORDA FL 33955",26.79690178941687,-82.0275726
4,20210829333,Residential Miscellaneous,REPLACE COMPOSITE ROOF ON EXISTING LANAI,"55 OAKLAND HILLS PL, ROTONDA WEST FL 33947",26.88443956783107,-82.28624732
4,20210829401,Residential Roofing,Re-Roof Shingle FL10674-R16Underlayment - FL34539.1Vent - FL19567-R2,"9977 BISHOP CREEK WAY, PUNTA GORDA FL 33950",26.889329036986137,-82.00461127
4,20210829288,Residential Roofing,Shingle re-roof,"21239 GAYLORD AVE, PORT CHARLOTTE FL 33954",27.022334930185703,-82.09950264
4,20210829293,Residential Roofing,Re-Roof shingle off shingle on,"25768 PRADA DR, PUNTA GORDA FL 33955",26.786268268041358,-82.02294927
4,20210829301,Residential Miscellaneous,117 IROQUOIS TRL:  replacing an existing aluminum roofover with new,"2100 KINGS HWY, 117, PORT CHARLOTTE FL 33980",26.999233302768417,-82.05657329
4,20210829261,Residential Roofing,Roof replacement,"23161 AMBASSADOR AVE, PORT CHARLOTTE FL 33954",27.023858966411947,-82.06913002
4,20210829255,Residential Remodel,Lot 141:  Install 10x20 lanai with aluminum and screen walls and composite roof on existing stem wall/concrete slab,"1000 KINGS HWY, 141, PORT CHARLOTTE FL 33980",27.012224296403744,-82.05295935
4,20210829317,Commercial Remodel,UNIT 608 - -change bedroon door to a pocket door-add 4 can lights in kitchen-add 2 can lights in living room-reduce depth of entry closet and divide with end closet door-new kitchen and bathroom cabinets with same layout -new floor tile and carpet throughout,"1760 GULF BLVD, 608, ENGLEWOOD FL 34223",26.92127211,-82.35869414
4,20210830382,Residential Lanai,LOT 11: INSTALL MANSARD SCREEN ROOF OVER EXISTING CONCRETE STUCTURE AS PER PLAN,"14100 MYAKKA AVE, 11, PORT CHARLOTTE FL 33953",26.966753562872423,-82.21875274
4,20210829249,Residential Roofing,New shingle roof,"388 ORLANDO BLVD, PORT CHARLOTTE FL 33954",27.02145757860362,-82.07366187
4,20210829219,Residential Roofing,"? Remove Existing Shingles and damaged decking: Up to ____38_______ Sq? Replace roof flashing (including drip edge, pipe vent collars, and valley flashing)? Install approved ridge vents? Install Peel & Stick on roof decking: Up to _____38________ Sq","23428 PEACHLAND BLVD, PORT CHARLOTTE FL 33954",27.017709752891808,-82.06127923
4,20210829155,Residential Roofing,"ASPHALT SHINGLE REMOVAL, ASPHALT SHINGLE INSTALL","21328 WARDELL AVE, PORT CHARLOTTE FL 33952",27.009489022465477,-82.09681696
4,20210829146,Residential Roofing,Shingle reroof 17sq 4/12,"1170 CLARK ST, ENGLEWOOD FL 34224",26.941730597195658,-82.32595828
4,20210829111,Residential Roofing,"REROOF, SHINGLE TO SHINGLE, PITCH 5/12--15SQ","20013 GOLDCUP CT, PORT CHARLOTTE FL 33952",27.01448922010933,-82.1226529
4,20210829194,Residential Garage,AG 50X57 SQ FT METAL BLDG OVER CONCRETE,"8495 SWEDEN BLVD, PUNTA GORDA FL 33982",26.903430851319776,-81.95976253
4,20210829133,Commercial Roofing,BLDG 1600 -  Reroof shingle,"3300 LOVELAND BLVD, 1600, Port Charlotte FL 33980",26.980242956140227,-82.05744295
4,20210829221,Residential Roofing,"We are removing and replacing 43 SQ's of architcetural shingles and, installing new peel n stick underlayment.","26130 MADRAS CT, PUNTA GORDA FL 33983",26.988744819501477,-82.02114876
4,20210829241,Residential Roofing,"RE-ROOF, SHINGLE","1032 BOUNDARY BLVD, ROTONDA WEST FL 33947",26.87755959757122,-82.25435644
4,20210829211,Residential Roofing,Remove and replace existing shingle roof,"1381 RAZORBILL LN, PUNTA GORDA FL 33983",27.00725940089412,-82.03350074
4,20210829168,Residential Roofing,Tear off old roof and install new roof,"2255 CORNELIUS BLVD, PORT CHARLOTTE FL 33953",26.99738306987339,-82.20284272
4,20210829189,Residential Roofing,Re-roof,"518 AZALEA AVE, PORT CHARLOTTE FL 33952",26.985141739040483,-82.10822291
4,20210829220,Residential Roofing,Remove existing Roof Install New Architectural Shingle roofing SystemRemove and install Low slope roofing on Flat area,"1641 HARMONY DR, PORT CHARLOTTE FL 33952",27.002468032976214,-82.0895538
4,20210829150,Residential Roofing,New metal roof over shingles.New rubber roof over rubber on flat roof.,"630 ATHOS TER, PORT CHARLOTTE FL 33952",26.996866332045034,-82.12183384
4,20210829224,Residential Roofing,"We are removing and replacing 28 SQ's of architectural shingles and, installing new peel n stick underlayment.","1349 EAGLE ST, PORT CHARLOTTE FL 33952",27.007659919917174,-82.11135869
4,20210829167,Residential Roofing,"We are removing & replacing 42 SQ's of architectural shingles and, installing new peel n stick underlayment.","1405 NAVIGATOR RD, PUNTA GORDA FL 33983",27.007762782828593,-82.01031488
4,20210829100,Residential Lanai,Remove & replcae existing lanai. Replace with Composite roof with Vinyl Windbreaks / doors on existing concrets per attached plans,"3280 TOWHEE ST, ENGLEWOOD FL 34224",26.90498341040168,-82.32413484
4,20210829103,Residential Roofing,"Re Roof, Remove existing materials, Install new underlayment, Install new shingles","174 ALLWORTHY ST, PORT CHARLOTTE FL 33954",27.027328583291915,-82.07271569
4,20210829089,Residential Cage,Remove & Replace existing Pan Roof at pool cage,"18530 AYRSHIRE CIR, PORT CHARLOTTE FL 33948",26.95488159849511,-82.14169318
4,20210829243,Residential Roofing,"RE-ROOF, SHINGLE","681 BOUNDARY BLVD, ROTONDA WEST FL 33947",26.911434064345453,-82.25816758
4,20210829038,Residential Roofing,Shingle reroof 39sq  6/12,"13496 FORESMAN BLVD, PORT CHARLOTTE FL 33981",26.945449762319342,-82.22386177
4,20210828984,Residential Roofing,Tear off/Replace with shingles,"1009 SHEARER ST, PORT CHARLOTTE FL 33953",27.018035823691235,-82.20638272
4,20210829019,Commercial Roofing,Roof over existing modified bitumen with TPO. Heat weld seams,"2595 TAMIAMI TRL, PORT CHARLOTTE FL 33952",26.992796043829358,-82.11486055
4,20210829067,Residential Roofing,Tile NOA,"17522 POMEGRANTE WAY, PUNTA GORDA FL 33955",26.771377663079402,-82.04254915
4,20210829023,Residential Roofing,TEAR OFF RE ROOF SHINGLES INSTALL SOLAR VENT,"22115 LOCKPORT AVE, PORT CHARLOTTE FL 33952",26.984159380403295,-82.08703617
4,20210828942,Residential Miscellaneous,"Lot 	I-14:  replacing an existing aluminum roofover","3701 BAYNARD DR, I-14, PUNTA GORDA FL 33950",26.90536676459262,-82.03952024
4,20210829039,Residential Roofing,remove and reroof shingle and flat (.25/12 slope),"1477 PROPER ST, PORT CHARLOTTE FL 33952",27.00423618,-82.11239631
4,20210829056,Residential Roofing,"Re Roof, Remove existing materials, Install new underlayment, Install new flat roof","22176 BEVERLY AVE, PORT CHARLOTTE FL 33952",26.994085404376253,-82.08483892
4,20210828999,Residential Roofing,Shingle Re-Roof,"509 ROSE APPLE CIR, PORT CHARLOTTE FL 33954",27.01858716517029,-82.11971285
4,20210829055,Residential Roofing,REMOVE EXISTING TILE ROOFING / REPLACE WITH TILE ROOFING,"14117 MYAKKA POINTE DR, PORT CHARLOTTE FL 33953",26.970799353932225,-82.2213663
4,20210829042,Residential Roofing,RE-ROOF SHINGLE,"22317 NEW YORK AVE, PORT CHARLOTTE FL 33952",26.986823950225133,-82.0807648
4,20210828936,Residential Roofing,"REROOF, SHINGLE TO SHINGLE, PITCH 5/12--42SQ","349 ADALIA TER, PORT CHARLOTTE FL 33953",27.023364909407842,-82.19664007
4,20210828956,Residential Roofing,Replace shingle roof,"27035 NOTRE DAME BLVD, PUNTA GORDA FL 33955",26.860534654066317,-82.00579079
4,20210829046,Residential Roofing,REMOVE EXISTING TILE ROOFING / REPLACE WITH TILE ROOFING,"14173 MYAKKA POINTE DR, PORT CHARLOTTE FL 33953",26.968822025389148,-82.22098025
4,20210829070,Residential Roofing,Shingles ReRoof,"24337 CONTRA COSTA LN, PUNTA GORDA FL 33955",26.795803004862893,-82.04393771
4,20210829057,Residential Solar Photovoltaic,11.025KW PV SOLAR PANEL INSTALLATION ROOF MOUNTED,"4349 LIBRARY ST, PORT CHARLOTTE FL 33948",26.96551711770779,-82.16595464
4,20210829044,Residential Roofing,"REROOF, SHINGLE TO SHINGLE, PITCH 5/12--35SQ","2328 AUBURN BLVD, PORT CHARLOTTE FL 33948",26.995626494929965,-82.15328982
4,20210828981,Residential Roofing,Replace shingle roof,"363 VICEROY TER, PORT CHARLOTTE FL 33954",27.02240179841966,-82.06761165
4,20210828965,Residential Roofing,METAL OVER SHINGLE ROOF OVER,"22565 BOLANOS CT, PORT CHARLOTTE FL 33952",26.994497347869824,-82.07299036
4,20210828960,Residential Roofing,Shingle Re-Roof,"182 ATWATER ST, PORT CHARLOTTE FL 33954",27.027368559125932,-82.1130218
4,20210829060,Residential Roofing,Remove and replace shingles to Florida Building Code,"2088 BENDWAY DR, PORT CHARLOTTE FL 33948",27.00103195299383,-82.15506749
4,20210828358,GM-Residential Fence (Zoning),"INSTALL 6' HIGH METAL PRIVACY FENCE. 4' HIGH METAL PRIVACY, 4' HIGH CHAINLINK, 5' HIGH CHAINLINK WITH 1 GATE","1161 ALTON RD, PORT CHARLOTTE FL 33952",27.01309195507305,-82.08537293
4,20210829203,Residential Roofing,Reroof MH and all attachments with TPO single ply membrane (MH does not need permit),"1347 MALLARD DR, ENGLEWOOD FL 34224",26.94251643679235,-82.3153839
4,20210828977,Residential Roofing,Shingle Re-Roof,"23160 LANGDON AVE, PORT CHARLOTTE FL 33954",27.02681640379446,-82.06907655
4,20210829064,Residential Roofing,Tile ReRoof,"20 WINDWARD CT, PLACIDA FL 33946",26.860811868814796,-82.29133425
4,20210828948,Residential Roofing,Remove existing shingle roof and replace with metal,"467 ENCARNACION ST, PUNTA GORDA FL 33983",27.018924586020347,-82.00242612
4,20210829062,Commercial Roofing,Bldg 3:  Remove existing shingles from solar panel area down to sheathing and install new underlayment and shingles,"970 KINGS HWY, 3, PORT CHARLOTTE FL 33980",27.015049837909583,-82.05213394
4,20210828990,Residential Roofing,Tear off and ReRoof- Shingle to Shingle,"20169 MOUNT PROSPECT AVE, PORT CHARLOTTE FL 33952",27.014398492374372,-82.11804193
4,20210828697,Residential Roofing,Remove hurricane damaged shingles and underlayment.  Re-nail decking to code.  Install self adhered underlayment and flashing.  Install shingles to manufacturers specifications.,"26116 COPIAPO CIR, PUNTA GORDA FL 33983",27.027887325151067,-82.02446754
4,20210828893,Residential Roofing,Replace tile roof with SWB,"8228 PARKSIDE DR, ENGLEWOOD FL 34224",26.924518566998895,-82.31188965
4,20210828708,Residential Roofing,"Remove and replace roofing materials; re-nail plywood, install underlayment, install GAF shingles.","727 ROTONDA CIR, ROTONDA WEST FL 33947",26.906816472860346,-82.25444793
4,20210828767,Residential Roofing,"T/O, R/R GAF TIMBERLINE HDZ SHINGLES W/ FELT BUSTER UNDERLAYMENT. 44 SQ. 6/12 PITCH.","165 ROTONDA BLVD N, ROTONDA WEST FL 33947",26.88952458620883,-82.29586035
4,20210828719,Residential Roofing,"Remove and replace roofing materials; re-nail plywood, install underlayment, install Standing Seam Metal.","60 MARINER LN, ROTONDA WEST FL 33947",26.903322338621805,-82.28311154
4,20210828673,Residential Solar Photovoltaic,Installation of P/V Solar Panels on rooftop.,"42999 CANON CT, Punta Gorda FL 33982",26.778971133192332,-81.74371629
4,20210828735,Residential Roofing,RE-ROOF SHINGLE,"18774 ACKERMAN AVE, PORT CHARLOTTE FL 33948",26.965889003274558,-82.13190458
4,20210828881,Residential Lanai,10'x20' elite roof screen room on existing concrete slab (NO pool),"167 HARRISBURG ST, PORT CHARLOTTE FL 33954",27.027501931097603,-82.06424719
4,20210828721,Residential Roofing,"Remove and replace roofing materials; re-nail plywood, install underlayment, install 5V Crimp Metal.","6936 MAMOUTH ST, ENGLEWOOD FL 34224",26.93252379630086,-82.28930658
4,20210828788,Residential Roofing,RE- ROOF TEAR OFF AND REPLACE WITH NEW,"757 ROTONDA CIR, ROTONDA WEST FL 33947",26.90418058,-82.25217441
4,20210828704,Residential Roofing,"Remove and replace roofing materials; re-nail plywood, install underlayment, install 5V Crimp Metal to the detached Garage.","11117 SUNNYDALE AVE, ENGLEWOOD FL 34224",26.92060672326364,-82.26860045
4,20210828846,Residential Garage,18x25 METAL GARAGE,"8352 BAYSIDE AVE, ENGLEWOOD FL 34224",26.896699948823905,-82.31146247
4,20210828734,Residential Roofing,remove and reroof shingle,"500 KELLSTADT ST, PORT CHARLOTTE FL 33952",26.986101128642513,-82.11989599
4,20210828666,Residential Roofing,Tear off existing roofing and replace with new GAF shingle roofing system,"2181 TAIWAN CT, PUNTA GORDA FL 33983",26.99757394805103,-82.01525879
4,20210828850,Residential Roofing,remove and reroof shingle,"244 HOFFER ST, PORT CHARLOTTE FL 33953",27.026481638111022,-82.22018437
4,20210828731,Residential Roofing,Remove existing shingles and install new shingle roofing system,"2418 RISKEN TER, PORT CHARLOTTE FL 33981",26.992881857748124,-82.25228879
4,20210828703,Residential Roofing,"Remove and replace roofing materials; re-nail plywood, install underlayment, install 5V Crimp Metal To the main House.","11117 SUNNYDALE AVE, ENGLEWOOD FL 34224",26.92060672326364,-82.26860045
4,20210828726,Residential Roofing,RE-ROOF SHINGLE,"744 HARTFORD DR, PORT CHARLOTTE FL 33952",26.99151615,-82.11653136
4,20210828711,Residential Roofing,"Remove and replace roofing materials; re-nail plywood, install underlayment, install GAF shingles.","11394 WILLMINGTON BLVD, PORT CHARLOTTE FL 33981",26.943193402144583,-82.25972752
4,20210828915,Residential Solar Photovoltaic,15.75KW PV SOLAR PANEL INSTALLATION ROOF MOUNTED,"265 MIRACLE ST, PORT CHARLOTTE FL 33954",27.025594697011027,-82.16840359
4,20210828672,Residential Lanai,BUILD SCREEN ROOM WITH COMPOSITE ROOF,"2710 CAMELLIA TER, PUNTA GORDA FL 33950",26.913999434078853,-82.05194089
4,20210828756,Residential Single Family,Single Family New Construction,"4066 JOSEPH ST, PORT CHARLOTTE FL 33948",26.97230917465829,-82.1595535
4,20210829510,Residential Single Family,Single Family New Construction,"23254 STELLING AVE, PORT CHARLOTTE FL 33980",26.992069367245346,-82.06638341
4,20210828832,Residential Roofing,REPLACE ROOF,"29290 BRYAN WAY, PUNTA GORDA FL 33982",27.00457004786381,-81.96522527
4,20210828680,Residential Roofing,REROOF,"10478 GRAIL AVE, ENGLEWOOD FL 34224",26.944066942941436,-82.27372737
4,20210828891,Residential Roofing,Remove existing shingle roof system and replace with new shingle roof system,"5331 FLEMING ST, PORT CHARLOTTE FL 33981",26.95089731457606,-82.22310633
4,20210828669,Residential Remodel,change bedroom door to a pocket dooradd 4 can lights in kitchenadd 2 can lights in living roomreduce the depth of entry closet and divide with end closet doornew kitchen and bathroom cabinets with same layoutnew tile and carpet flooring throughout,"1760 GULF BLVD, 608, ENGLEWOOD FL 34223",26.92127211,-82.35869414
4,20210828855,Residential Lanai,10'x20' elite roof screen room on existing concrete slab (NO pool),"269 ALLWORTHY ST, PORT CHARLOTTE FL 33954",27.02473459743487,-82.07324988
4,20210828870,Residential Roofing,"re-roof, tear off and replace with new","10356 GREENWAY AVE, ENGLEWOOD FL 34224",26.91685303471809,-82.27758798
4,20210828710,Residential Roofing,"Remove and replace roofing materials; re-nail plywood, install underlayment, install GAF shingles.","9293 GULFSTREAM BLVD, ENGLEWOOD FL 34224",26.930793660484095,-82.30212401
4,20210828713,Residential Roofing,"Remove and replace roofing materials; re-nail plywood, install underlayment, install GAF shingles.","2282 PARAISO CT, ENGLEWOOD FL 34224",26.913711605715253,-82.31733704
4,20210828523,Residential Roofing,"ROOF REPLACEMENT, ASPHALT SHINGLE","269 HARWICK ST, PORT CHARLOTTE FL 33954",27.02471924725911,-82.06427002
4,20210828654,Residential Roofing,Replace tile roof with SWB,"8342 PARKSIDE DR, ENGLEWOOD FL 34224",26.926565047259906,-82.30922698
4,20210828609,Commercial Roofing,"BLDG J - Remove and replace roofing materials; re-nail plywood, install underlayment, install GAF shingles.","19365 WATER OAK DR, J, PORT CHARLOTTE FL 33948",27.01676531536792,-82.12708838
4,20210828636,Residential Roofing,"REROOF, OC SHINGLE FL10674, APOC FL26482","4484 HERDER ST, PORT CHARLOTTE FL 33948",26.96058471656445,-82.1465606
4,20210828551,Residential Roofing,RE- ROOF SHINGLE TO SHINGLE,"142 PEACE ISLAND DR, PUNTA GORDA FL 33950",26.947874830935024,-82.01146905
4,20210828644,Residential Roofing,"REROOF, SHINGLE TO SHINGLE, PITCH 3/12--21SQ.","1119 BARBOUR AVE, PORT CHARLOTTE FL 33948",26.98386761062777,-82.13544459
4,20210828534,Residential Roofing,Re Roof Shingle to Shingle,"30250 ELM RD, PUNTA GORDA FL 33982",26.98823742270758,-81.9514923
4,20210828656,Residential Roofing,42 Square Shingle Roof Replacement,"6206 ROSEWOOD DR, ENGLEWOOD FL 34224",26.939742942226523,-82.2873078
4,20210828653,Residential Solar Photovoltaic,ROOF MOUNTED SOLAR PV SYSTEM INSTALL - 20.16 KW,"10294 ARCADIA ST, PORT CHARLOTTE FL 33981",26.878364701570188,-82.22269437
4,20210828647,Residential Roofing,Shingle roof replacement,"6241 DRUCKER CIR, PORT CHARLOTTE FL 33981",26.939142184788896,-82.22729489
4,20210828560,Residential Roofing,Shingle re-roof,"6166 GILLOT BLVD, PORT CHARLOTTE FL 33981",26.947143474645557,-82.21717834
4,20210828620,Residential Roofing,"REROOF, SHINGLE TO SHINGLE, PITCH 5/12--46SQ","23508 AGATHA AVE, PORT CHARLOTTE FL 33980",27.016157234391862,-82.05896003
4,20210828530,Residential Roofing,"REROOF, SHINGLE TO SHINGLE, PITCH 4/12--35SQ.","118 MOLLENDO ST, PUNTA GORDA FL 33983",27.02866353561829,-82.03144074
4,20210828605,Residential Roofing,Remove and replace existing shingle and flat roof,"11437 EIGHTH AVE, PUNTA GORDA FL 33955",26.86197218879514,-82.00331952
4,20210828568,Residential Roofing,"LOT 741 - Reroof MH, lanai, and shed with TPO single ply membrane (MH does not need permit)","2100 KINGS HWY, 741, PORT CHARLOTTE FL 33980",26.999233302768417,-82.05657329
4,20210828558,Residential Roofing,Metal off metal on re-roof,"24314 PIRATE HARBOR BLVD, PUNTA GORDA FL 33955",26.80433469880143,-82.04456335
4,20210828607,Residential Roofing,"Remove and replace roofing materials; re-nail plywood, install underlayment, install GAF shingles.","21 TOURNAMENT RD, ROTONDA WEST FL 33947",26.87862005465943,-82.25874112
4,20210828623,Residential Single Family,NEW CONSTRUCTION OF SINGLE FAMILY RESIDENCE,"15106 APPLETON BLVD, PORT CHARLOTTE FL 33981",26.878051565944226,-82.20356577
4,20210828622,Residential Single Family,NEW CONSTRUCTION OF SINGLE FAMILY RESIDENCE,"15049 APPLETON BLVD, PORT CHARLOTTE FL 33981",26.877498803095328,-82.20537154
4,20210828546,Residential Roofing,FLAT REROOF 10 SQ FL1654,"21448 MALLORY AVE, PORT CHARLOTTE FL 33952",26.986679003555174,-82.09306342
4,20210828543,Residential Demolitions,DEMO METAL GAZEBO,"23406 AGATHA AVE, PORT CHARLOTTE FL 33980",27.016857023662837,-82.06151574
4,20210828624,Residential Single Family,NEW CONSTRUCTION OF SINGLE FAMILY RESIDENCE,"15291 APPLETON BLVD, PORT CHARLOTTE FL 33981",26.87756535838994,-82.19786842
4,20210828454,Residential Roofing,SHINGLE RE-ROOF,"2210 SEWARD ST, PORT CHARLOTTE FL 33953",26.998077327737725,-82.21157071
4,20210828486,Residential Roofing,Replace roof with SWB,"1046 LEE ST, ENGLEWOOD FL 34224",26.931319325881223,-82.3307519
4,20210828488,Residential Single Family,NEW CONSTRUCTION SFR,"3286 ITHACA ST, PORT CHARLOTTE FL 33952",26.98023675623624,-82.08231815
4,20210828509,Residential Roofing,Reroof,"541 FAIRVIEW AVE, PORT CHARLOTTE FL 33952",26.984796461927907,-82.11912535
4,20210828405,Residential Roofing,SHINGLE RE-ROOF,"153 CUIABA DR, PUNTA GORDA FL 33983",27.027488625183157,-82.0032272
4,20210828396,Residential Roofing,SHINGLE AND FLAT RE-ROOF,"1203 TIFT ST, PORT CHARLOTTE FL 33952",27.01207933749413,-82.0816803
4,20210828360,Residential Roofing,TEAR OFF AND REROOF,"7363 MULLEN LN, PORT CHARLOTTE FL 33981",26.92151082566629,-82.26055147
4,20210828507,Residential Roofing,remove and reroof shingle,"1976 PENNSYLVANIA AVE, ENGLEWOOD FL 34224",26.914899801646357,-82.32934176
4,20210828444,Residential Roofing,SHINGLE RE-ROOF,"749 PHYLLIS ST, PORT CHARLOTTE FL 33948",26.991437884782044,-82.13294988
4,20210828462,Residential Roofing,Residential re-roof,"4112 GINGOLD ST, PORT CHARLOTTE FL 33948",26.970733609608832,-82.1446915
4,20210828453,Residential Solar Photovoltaic,Installation of P/V Solar Panels on rooftop.,"17416 SILVERSPUR DR, Punta Gorda FL 33982",26.777247977035227,-81.74322848
4,20210828447,Residential Solar Photovoltaic,6.615 KW PV SOLAR PANELS INSTALLATION ROOF MOUNTED,"4518 SUTLIVE ST, PORT CHARLOTTE FL 33948",26.959669222888976,-82.15238184
4,20210828436,Residential Roofing,SHINGLE AND FLAT RE-ROOF,"4484 CUNNINGHAM ST, PORT CHARLOTTE FL 33948",26.96058475399976,-82.14350135
4,20210828911,Residential Roofing,40 Square Shingle Roof Replacement,"168 SPORTSMAN RD, ROTONDA WEST FL 33947",26.90075104,-82.26605989
4,20210828495,Residential Single Family,NEW CONSTRUCTION SFR,"503 FAIRVIEW AVE, PORT CHARLOTTE FL 33952",26.984800366790953,-82.11716464
4,20210828355,Residential Roofing,"REROOF, SHINGLE TO SHINGLE, PITCH 3/12--18SQ.","22457 CATHERINE AVE, PORT CHARLOTTE FL 33952",26.99852948216826,-82.08026891
4,20210828517,Residential Solar Photovoltaic,5.355 KW PV SOLAR PANEL INSTALLATION ROOF MOUNTED,"18070 NORTHERN AVE, PORT CHARLOTTE FL 33948",26.99202524964859,-82.1538696
4,20210828499,Residential Single Family,NEW CONSTRUCTION SFR,"520 GROVE AVE, PORT CHARLOTTE FL 33952",26.982809154411765,-82.11711126
4,20210828490,Residential Roofing,Shingle re-roof,"4502 MEAGER CIR, PORT CHARLOTTE FL 33948",26.96439372408859,-82.13881681
4,20210828364,Residential Single Family,NEW CONSTRUCTION SFR,"22467 CEZANE AVE, PORT CHARLOTTE FL 33952",27.015583133611518,-82.07574463
4,20210828419,Residential Roofing,"Re-roof, tear off and replace with new","890 SILVER SPRINGS TER, PORT CHARLOTTE FL 33948",26.99374783,-82.1265335
4,20210828516,Residential Solar Photovoltaic,11.34 KW PV solar panel installation roof mounted,"17380 GULFSPRAY CIR, PORT CHARLOTTE FL 33948",26.972330089759605,-82.16149906
4,20210828510,Residential Roofing,Replace Shingle Roofing System,"9033 FRUITLAND AVE, ENGLEWOOD FL 34224",26.91641813649947,-82.30387878
4,20210828629,Residential Roofing,"Re-roof remove and install shingle roof.  4/12 pitch NOA shingle 19-0312.04, NOA underlayment 19-0919.02","1078 VERONICA ST, PORT CHARLOTTE FL 33952",27.015804426937525,-82.11676787
4,20210828475,Residential Roofing,Remove the Existing Roof Shingle; Install New Shingle Roof,"3500 BEACON DR, PORT CHARLOTTE FL 33980",26.974489164873727,-82.0766906
4,20210828502,Residential Single Family,NEW CONSTRUCTION SFR,"6990 BEARDSLEY ST, ENGLEWOOD FL 34224",26.931039796111868,-82.28703307
4,20210828326,Residential Single Family,New Construction Single Family Home,"2526 ROCK CREEK DR, PORT CHARLOTTE FL 33948",26.99539940170669,-82.13186642
4,20210828331,Residential Roofing,"This is for house only, Tear off and install new shingles","564 SPRING LAKE BLVD, PORT CHARLOTTE FL 33952",26.98653038796979,-82.12123871
4,20210828332,Residential Roofing,"House roof, tear off and install new shingles","6322 THORMAN RD, PORT CHARLOTTE FL 33981",26.942167315989913,-82.22702025
4,20210828327,Residential Duplex,New Construction Duplex,"11982 TETZEL AVE, PORT CHARLOTTE FL 33981",26.934195262281257,-82.25621323
4,20210828324,Residential Single Family,New Construction Single Family Home,"2273 WILLOUGHBY ST, PORT CHARLOTTE FL 33980",26.99550631890705,-82.06348422
4,20210828325,Residential Single Family,New Construction Single Family - PRIVATE PROVIDER INSPECTIONS,"2886 ROCK CREEK DR, PORT CHARLOTTE FL 33948",26.991930006731135,-82.13856503
4,20210828323,Residential Duplex,New Construction Duplex Home,"10482 PENDLETON AVE, ENGLEWOOD FL 34224",26.931679452782788,-82.27361814
4,20210828329,Residential Roofing,Shingle Roof Replacement. Front and left Slope.,"19 SPORTSMAN WAY, ROTONDA WEST FL 33947",26.902313181119606,-82.26583106
4,20210828322,Residential Roofing,"Remove old roofing to the deck, Renail deck, install new peel and stick, install new shingles","717 BOUNDARY BLVD, ROTONDA WEST FL 33947",26.90888778159601,-82.25477938
4,20210828306,Residential Single Family,New Construction Single Family Home,"53 PRESQUE ISLE DR, PORT CHARLOTTE FL 33954",27.030767378149275,-82.08324432
4,20210828305,Residential Single Family,New Construction Single Family Home,"12134 WADSWORTH AVE, PORT CHARLOTTE FL 33981",26.94963444243645,-82.25152583
4,20210828234,Residential Single Family,New Construction Single Family Home,"107 SUNDIET ST, PORT CHARLOTTE FL 33954",27.029821443834933,-82.1619034
4,20210828269,Residential Roofing,45 Square Shingle Roof Replacement,"22 TEE VIEW RD, ROTONDA WEST FL 33947",26.874353304406604,-82.26506805
4,20210828250,Residential Roofing,RE-ROOF SHINGLE,"6558 JACK ST, PUNTA GORDA FL 33982",26.962682603448037,-81.98012539
4,20210828301,Residential Solar Photovoltaic,6.93 KW PV SOLAR PANEL ISNTALLATION ROOF MOUNTED,"2127 LUCKY ST, PORT CHARLOTTE FL 33948",26.999883783014397,-82.15756232
4,20210828272,Commercial Garage,BLDG 8 - GARAGE #2 - NEW CONSTRUCTION,"14214 HERITAGE LANDING BLVD, 8, Punta Gorda FL 33955",,
4,20210828177,Residential Miscellaneous,Lot 177:  Aluminum roofover on mobile home replacing an existing aluminum roofover,"1000 KINGS HWY, 177, PORT CHARLOTTE FL 33980",27.012224296403744,-82.05295935
4,20210828274,Residential Duplex,New Construction Duplex,"6349 SPINNAKER BLVD, ENGLEWOOD FL 34224",26.93563855211231,-82.28863491
4,20210828218,Residential Pool Solar System,installation of (8) 4x12 pool solar panels on the roof to heat the pool.,"16201 PALMETTO ST, Punta Gorda FL 33982",26.787965827061225,-81.73216509
4,20210828259,Residential Pool Solar System,SOLAR POOL HEATER ROOF MOUNTED HOOKED UP TO EXISTING POOL EQUIPMENT,"25491 TERRAIN LN, PUNTA GORDA FL 33983",27.005916683993537,-82.0263061
4,20210829664,Residential Roofing,32 Square Shingle Roof Replacement,"253 CADDY RD, ROTONDA WEST FL 33947",26.890630758815565,-82.29370883
4,20210828240,Commercial Garage,BLDG 7 - GARAGE #2 - NEW CONSTRUCTION,"14204 HERITAGE LANDING BLVD, 7, Punta Gorda FL 33955",,
4,20210828232,Residential Single Family,New Construction Single Family Home,"99 SUNDIET ST, PORT CHARLOTTE FL 33954",27.03004455590325,-82.16189569
4,20210828212,Residential Roofing,Remove existing tile roof on detached garage and replace with metal,"38492 WASHINGTON LOOP RD, PUNTA GORDA FL 33982",26.970949453441396,-81.94144735
4,20210828235,Commercial Garage,BLDG 7 --  GARAGE #1 - NEW CONSTRUCTION,"14204 HERITAGE LANDING BLVD, 7, Punta Gorda FL 33955",,
4,20210828238,Residential Roofing,Shingle Re-Roof,"17098 OHARA DR, PORT CHARLOTTE FL 33948",26.965537903988498,-82.17028808
4,20210828280,Residential Roofing,TEAR OFF AND RE ROOF METAL,"36400 WASHINGTON LOOP RD, PUNTA GORDA FL 33982",26.96935929403493,-81.90703355
4,20210828189,Residential Roofing,Remove hurricane damaged shingles and underlayment.  Re-nail decking to code.  Install self adhered underlayment and flashing.  Install shingles to manufacturers specifications,"2111 ALARIC ST, PORT CHARLOTTE FL 33952",27.00041382377329,-82.102089
4,20210828208,Residential Roofing,Remove existing tile roof on house and replace with metal,"38492 WASHINGTON LOOP RD, PUNTA GORDA FL 33982",26.970949453441396,-81.94144735
4,20210828281,Residential Roofing,"Remove existing roof material, renail plywood, install underlayment, install GAF shingles.","27265 PUNO DR, PUNTA GORDA FL 33983",27.01997748015822,-82.00072479
4,20210828255,Residential Single Family,NEW CONSTRUCTION SFR,"3243 PINETREE ST, PORT CHARLOTTE FL 33952",26.981469993634143,-82.11189265
4,20210828266,Residential Roofing,"REROOF, SHINGLE TO SHINGLE, PITCH 3/12--17SQ, FLAT 1/12--9SQ","1645 MANOR RD, B, ENGLEWOOD FL 34223",26.933513531421816,-82.33506767
4,20210828270,Commercial Garage,BLDG 8- GARAGE #1  NEW CONSTRUCTION,"14214 HERITAGE LANDING BLVD, 8, Punta Gorda FL 33955",,
4,20210828285,Residential Single Family,New Construction Single Family Residence,"2337 SOFIA LN, PUNTA GORDA FL 33983",26.993219392276064,-82.01265711
4,20210828294,Residential Duplex,New Construction Duplex,"2092 HILTON ST, PORT CHARLOTTE FL 33948",27.000938887167777,-82.17108846
4,20210828125,Residential Duplex,New Construction Duplex,"27089 SUNNYBROOK RD, PUNTA GORDA FL 33983",26.984266241604583,-82.0056992
4,20210828148,Residential Roofing,RESIDENTIAL SHINGLE TEAR OFF & RE-ROOF WITH FLAT,"3290 SMITH ST, ENGLEWOOD FL 34224",26.905805470836185,-82.32183841
4,20210828064,Commercial Roofing,"Bldg 900:  Remove and replace roofing materials; re-nail plywood, install underlayment, install GAF shingles.","25275 RAMPART BLVD, 900, PUNTA GORDA FL 33983",27.002395241777624,-82.03167937
4,20210828162,Residential Roofing,"Remove existing, renail deck, install SWB, install tiles","8300 PARKSIDE DR, ENGLEWOOD FL 34224",26.92589183851639,-82.31023409
4,20210828150,Residential Roofing,fasten metal roof as needed per FBC 2020 7th edition Coat roof complete,"21522 GLADIS AVE, PORT CHARLOTTE FL 33952",26.997362107524136,-82.0913468
4,20210828573,Residential Roofing,"Remove existing Shingle and Flat roofs down to plywood deck and re-nail deck to code. Install new peel & stick underlayment and shingles on pitched roof. Flat roof to receive a 2-ply primed, self-adhered, modified bitumen system by Certainteed.","1358 KARIN TER, PORT CHARLOTTE FL 33952",27.00815394817334,-82.08240501
4,20210828165,Residential Roofing,Replace Old Shingles & by new one .(Full Replacement),"3034 MOCKING BIRD ST, PORT CHARLOTTE FL 33948",26.987611784589618,-82.1450882
4,20210828190,Residential Roofing,Shingle to Shingle 80 sq 4/12 pitch,"24038 HARBORVIEW RD, PORT CHARLOTTE FL 33980",26.966455526337345,-82.05649559
4,20210828118,Residential Roofing,"re-roof 18 squares of Certainteed FL 5444.1, apoc FL 27076, pitch 3/12, 6 squares of flat FL 2533","1358 BIRCHCREST BLVD, PORT CHARLOTTE FL 33952",27.007820023138496,-82.09021757
4,20210828075,Residential Roofing,RE-ROOF TILE ROOF; INSTALL NEW SHINGLES,"2717 ROCK CREEK DR, PORT CHARLOTTE FL 33948",26.995820936336358,-82.13789365
4,20210828035,Residential Roofing,"TEAR OFF EXISTING SHINGLES AND REPLACE WITH GAF TIMBERLINE HDZ SHINGLES FL # 10124-R29,32SQ, ROOF PITCH 6/12","167 MOCHA CT, PUNTA GORDA FL 33983",27.02857195343856,-82.01308435
4,20210828058,Commercial Roofing,"Bldg 500:  Remove and replace roofing materials; re-nail plywood, install underlayment, install GAF shingles.","25275 RAMPART BLVD, 500, PUNTA GORDA FL 33983",27.002395241777624,-82.03167937
4,20210828163,Residential Roofing,Replace Old Shingles & by new one .(Full Replacement,"20017 ISOBAR AVE, PORT CHARLOTTE FL 33954",27.018949557848273,-82.1236648
4,COM-21-00825,CE - Complaints,Madeline Bonomo called in and left voice mail and also was contacted by email regarding issues with Total Home Roofing. She said they had forged her name on some finance documents tied to them reroofing her home.,"100 VARIOUS LOCATIONS, VARIOUS FL 12345",,
4,NPN-21-00152,CE - High Grass and Weeds ONLY,"Very Tall Grass and Weeds. Yard not being mowed.owner contacted, but was very hostile that I contacted her.","7301 SPINNAKER BLVD, ENGLEWOOD FL 34224",26.922296433068336,-82.28876494
4,20210828109,Residential Roofing,Remove and replace existing shingle roof,"335 SAILFISH LN, PUNTA GORDA FL 33982",26.94423852226484,-81.99058531
4,20210828060,Commercial Roofing,"Bldg 600:  Remove and replace roofing materials; re-nail plywood, install underlayment, install GAF shingles.","25275 RAMPART BLVD, 600, PUNTA GORDA FL 33983",27.002395241777624,-82.03167937
4,20210828034,Residential Solar Photovoltaic,INSTALL ROOF MOUNTED SOLAR PV SYSTEM,"574 READING ST, PORT CHARLOTTE FL 33952",26.986675351029984,-82.11097724
4,20210828054,Residential Roofing,remove and reroof shingle,"342 MILLPORT ST, PORT CHARLOTTE FL 33948",26.979621845589392,-82.12454986
4,20210828144,Residential Roofing,Shingle Re-Roof,"12203 FORESMAN BLVD, PORT CHARLOTTE FL 33981",26.945018635194984,-82.24935148
4,20210828073,Commercial Roofing,"Bldg 2000:  Remove and replace roofing materials; re-nail plywood, install underlayment, install GAF shingles.","25275 RAMPART BLVD, 2000, PUNTA GORDA FL 33983",27.002395241777624,-82.03167937
4,20210828085,Residential Roofing,Re-roof single family home using gaf shingles fl10124-R27 peel and stick fl5259-R30 24sq 4/12 pitch,"10218 TOPSAIL AVE, ENGLEWOOD FL 34224",26.924514888125334,-82.28171545
4,20210828076,Residential Roofing,"Remove existing, renail deck, install synthetic underlayment, install new shingles","4601 S FAIRWAY DR, PUNTA GORDA FL 33982",26.939968042308138,-82.00070948
4,20210828151,Residential Roofing,RESIDENTIAL SHINGLE TEAR OFF & RE-ROOF WITH FLAT,"114 CADDY RD, ROTONDA WEST FL 33947",26.887962386912136,-82.28047176
4,20210828069,Commercial Roofing,"Bldg 1500:  Remove and replace roofing materials; re-nail plywood, install underlayment, install GAF shingles.","25275 RAMPART BLVD, 1500, PUNTA GORDA FL 33983",27.002395241777624,-82.03167937
4,20210828066,Commercial Roofing,"Bldg 1100:  Remove and replace roofing materials; re-nail plywood, install underlayment, install GAF shingles.","25275 RAMPART BLVD, 1100, PUNTA GORDA FL 33983",27.002395241777624,-82.03167937
4,20210828146,Residential Roofing,Roof replacement-shingle,"27189 PUNTA CABELLO CT, PUNTA GORDA FL 33983",27.03096399095902,-82.00331124
4,20210828051,Residential Lanai,"Pour ribbon footer, build composite roof screen room.","15376 MILLE FIORE BLVD, PORT CHARLOTTE FL 33953",27.00291796623193,-82.19926353
4,20210828136,Residential Roofing,Complete roof replacement,"199 ROTONDA BLVD E, ROTONDA WEST FL 33947",26.88189327410362,-82.27194217
4,20210828097,Residential Roofing,Remove and replace existing shingle roof,"27120 FORMOSA DR, PUNTA GORDA FL 33983",27.02223010932956,-82.00473019
4,20210828171,Residential Roofing,SHINGLE REROOF,"236 DAY BREAK CIR, PORT CHARLOTTE FL 33954",27.026163009483472,-82.13010404
4,20210828072,Commercial Roofing,"Bldg 1900:  Remove and replace roofing materials; re-nail plywood, install underlayment, install GAF shingles.","25275 RAMPART BLVD, 1900, PUNTA GORDA FL 33983",27.002395241777624,-82.03167937
4,20210828070,Commercial Roofing,"Bldlg 1800:  Remove and replace roofing materials; re-nail plywood, install underlayment, install GAF shingles.","25275 RAMPART BLVD, 1800, PUNTA GORDA FL 33983",27.002395241777624,-82.03167937
4,20210828168,Residential Roofing,42 Square Shingle Roof Replacement,"20 WHITE MARSH LN, ROTONDA WEST FL 33947",26.888206296323684,-82.26169757
4,20210827968,Residential Single Family,new construction of single family residence,"1163 CAMPBELL ST, PORT CHARLOTTE FL 33953",27.01397898527413,-82.25504308
4,20210827994,Residential Roofing,re-roof,"2681 AUBURN BLVD, PORT CHARLOTTE FL 33948",26.990774192891855,-82.14416506
4,20210827984,Residential Roofing,reroof shingle pitch'5/12 sqs'34 noa 16-1109.18 19-0506.02,"5172 WHITE AVE, PORT CHARLOTTE FL 33981",26.953519938156767,-82.24897772
4,20210828760,Residential Roofing,RE-ROOF SHINGLE,"397 DELANEY ST, PORT CHARLOTTE FL 33954",27.021528163491325,-82.08072662
4,20210827980,Residential Roofing,remove and reroof shingle,"924 SILVER SPRINGS TER, PORT CHARLOTTE FL 33948",26.99223364043263,-82.12883773
4,20210827938,Residential Solar Photovoltaic,INSTALL ROOF MOUNTED PHOTOVOLTAIC SYSTEM,"13905 LONG LAKE LN, PORT CHARLOTTE FL 33953",26.98630511724808,-82.2179642
4,20210828000,Residential Roofing,remove and reroof shingle,"33 SAO PAULO DR, PUNTA GORDA FL 33983",27.030937138612373,-82.01038361
4,20210827945,Residential Roofing,Tear off old roof and install new roof,"1219 STAMFORD ST, PORT CHARLOTTE FL 33952",27.011570104692623,-82.078949
4,20210827864,Residential Solar Photovoltaic,install 11.22kw PV solar system roof top mount,"46 ZENITH ST, PORT CHARLOTTE FL 33954",27.030843597941516,-82.06961065
4,20210828006,Residential Roofing,remove and reroof shingle,"6214 AVILA ST, ENGLEWOOD FL 34224",26.939491352191233,-82.28044133
4,20210827978,Residential Roofing,remove and reroof shingle,"5451 CYPRESS GROVE CIR, PUNTA GORDA FL 33982",26.999629871904737,-81.86373143
4,20210827972,Residential Roofing,Tear off/Replace with shingles,"220 BUNKER RD, ROTONDA WEST FL 33947",26.902761486818797,-82.28639984
4,20210828016,Residential Roofing,New shingle roof,"302 AZALEA AVE, PORT CHARLOTTE FL 33952",26.98753927,-82.10987854
4,20210827871,Residential Roofing,Reroof Shingles,"1580 HARBOR BLVD, PORT CHARLOTTE FL 33952",27.001411339426397,-82.09410092
4,20210828002,Residential Roofing,Tear off old roof and install new roof,"4423 NORTH SHORE DR, PORT CHARLOTTE FL 33980",26.962728439685982,-82.05743407
4,20210827904,Residential Solar Photovoltaic,Installation of P/V Solar Panels on rooftop.,"9288 ARRID CIR, PORT CHARLOTTE FL 33981",26.896606311116642,-82.20442196
4,20210827975,Residential Roofing,Re-Roof Shingle - FL10674-R16Underlayment - FL34539.1Ridge Vent - FL10758-R8Flat - FL30268-R2Flat roof INCLUDED in scope of work project,"30482 ALDER RD, PUNTA GORDA FL 33982",26.992664277703565,-81.94419862
4,20210827985,Residential Roofing,remove and reroof shingle,"1188 EPPINGER DR, PORT CHARLOTTE FL 33953",27.014133461440156,-82.21448513
4,20210827921,Residential Single Family,New construction of single family residence,"148 CORY ST, PORT CHARLOTTE FL 33953",27.02928167899603,-82.23641971
4,20210827990,Residential Roofing,REPLACE SHINGLE ROOF WITH SWB - SHINGLE REROOF,"171 SPORTSMAN RD, ROTONDA WEST FL 33947",26.900613921591976,-82.26548764
4,20210827854,Residential Roofing,Tear off existing roof down to deck. Install new Owens Corning roof system.,"10305 CHADWICK AVE, ENGLEWOOD FL 34224",26.93544392450694,-82.27890008
4,20210827998,Residential Roofing,remove and reroof shingle,"5403 WILSON DR, PUNTA GORDA FL 33982",26.950903051555752,-81.99642186
4,20210827982,Residential Roofing,remove and reroof shingle,"214 STANHOPE ST, PORT CHARLOTTE FL 33954",27.026929897229024,-82.15309137
4,20210828772,Residential Roofing,RE-ROOF SHINGLE AND LOW SLOPE APPLICATION (1/12),"644 ERROLL ST, Port Charlotte FL 33952",26.989273116609052,-82.11643224
4,20210828779,Residential Roofing,RE-ROOF SHINGLE AND LOW SLOPE APPLICATION (1/12),"20166 HOLLAND AVE, PORT CHARLOTTE FL 33952",27.012420656253617,-82.11819464
4,20210827964,Residential Roofing,remove and reroof shingle,"23128 LANGDON AVE, PORT CHARLOTTE FL 33954",27.026820161581462,-82.07004547
4,20210828782,Residential Roofing,RE-ROOF SHINGLE AND LOW SLOPE APPLICATION (1/12),"1345 NEWTON ST, PORT CHARLOTTE FL 33952",27.008157643363443,-82.10060123
4,20210827880,Residential Roofing,TEAR OFF RE ROOF SHINGLES,"3214 YUKON DR, PORT CHARLOTTE FL 33948",26.982828204027296,-82.13927465
4,20210828014,Residential Roofing,new shingle roof,"38 TEE VIEW CT, ROTONDA WEST FL 33947",26.875618042425458,-82.2661056
4,20210828764,Residential Roofing,RE-ROOF SHINGLE,"4239 BUR ST, PORT CHARLOTTE FL 33948",26.967189848357094,-82.13034812
4,20210827949,Residential Roofing,Tear off old roof and install new roof,"5206 HOPKINS AVE, PORT CHARLOTTE FL 33981",26.95493876047486,-82.22822578
4,20210827993,Residential Roofing,Shingle Re-Roof,"22117 BREEZESWEPT AVE, PORT CHARLOTTE FL 33952",27.002531176114136,-82.08691412
4,20210828754,Residential Roofing,RE-ROOF SHINGLE 1,"23076 HILLSDALE AVE, PORT CHARLOTTE FL 33954",27.027652644033747,-82.07161707
4,20210827876,Residential Roofing,"REROOF, SHINGLE TO SHINGLE, PITCH 4/12--32SQ.","446 SPRING LAKE BLVD, PORT CHARLOTTE FL 33952",26.983139002444883,-82.12062842
4,20210828062,Residential Roofing,"Tear off existing roof down to deck as possible. On roof with slope, install new GAF shingle roof. On flat roof install new Duro-Last roof system.","507 FAIRVIEW AVE, PORT CHARLOTTE FL 33952",26.98479855153254,-82.11765293
4,20210827903,Residential Solar Photovoltaic,6.93 KW PV SOLAR PANEL INSTALLATION ROOF MOUNTED,"2285 FINTONROD ST, PORT CHARLOTTE FL 33948",26.995729561919347,-82.14655307
4,20210828004,Residential Roofing,remove and reroof shingle,"151 NORMAN ST, PORT CHARLOTTE FL 33954",27.027957975674774,-82.06240079
4,20210827878,Residential Roofing,"Remove Shingles, felt, Decking, Replace 1/2 "" CDX Decking, Roofing Felt 30 lb, Drip Edge, Hurricane Straps, Ice & water Barrie, Ridge Vent, Flashing, Step Flashing, Shingles","706 MERRICK LN, PORT CHARLOTTE FL 33948",26.988351768103573,-82.12895199
4,20210827810,Residential Roofing,RE-ROOF SHINGLE,"21444 WINLOCK AVE, PORT CHARLOTTE FL 33952",27.00291454637806,-82.09341433
4,20210827827,Residential Solar Photovoltaic,10.08 KW PV SOLAR PANEL INSTALLATION ROOF MOUNTED,"4508 HERDER ST, PORT CHARLOTTE FL 33948",26.959919080797633,-82.14656069
4,20210827688,Residential Solar Photovoltaic,Roof Mount Photovoltaic,"259 SPORTSMAN RD, ROTONDA WEST FL 33947",26.908107780334216,-82.25704963
4,20210827804,Residential Lanai,"screen room with composite roof, new footers and slab","15236 MILLE FIORE BLVD, Port Charlotte FL 33953",27.00093331497423,-82.19819364
4,20210827793,Residential Single Family,SFR - NEW CONSTRUCTION,"23421 PATERA AVE, PORT CHARLOTTE FL 33980",26.978754000691502,-82.06114196
4,20210827693,Residential Roofing,tear off shingle roof and re roof with shingle due to storm,"491 RAMBLEWOOD ST, PORT CHARLOTTE FL 33953",27.02077865512066,-82.24609375
4,20210827739,Residential Roofing,Shingle Roof Replacement,"9350 CRUGAR TER, ENGLEWOOD FL 34224",26.922736998083426,-82.29409021
4,20210827749,Residential Roofing,Shingle off Shingle on & Flat Deck,"331 POMPANO TER, PUNTA GORDA FL 33950",26.916540126333423,-82.0496369
4,20210827735,Residential Roofing,Install metal roof over existing shingle roof and replace flat roof,"2548 STARLITE LN, PORT CHARLOTTE FL 33952",26.99033160941299,-82.08628089
4,20210827698,Residential Roofing,Remove existing shingle roof and replace with metal,"7300 CLEVELAND DR, PUNTA GORDA FL 33982",26.960249156118156,-81.97064979
4,20210827737,Residential Single Family,SFR - NEW CONSTRUCTION,"430 SHERBOURNE ST, PORT CHARLOTTE FL 33954",27.020988421138053,-82.15403753
4,20210827713,Residential Single Family,SFR - NEW CONSTRUCTION,"18395 EVENGLOW AVE, PORT CHARLOTTE FL 33948",26.993734257448565,-82.14391333
4,20210827799,Residential Solar Photovoltaic,INSTALL 7.60KW PV SOLAR SYSTEM ON ROOF,"5424 ANDERSON RD, PORT CHARLOTTE FL 33981",26.95312130542587,-82.2326737
4,20210827806,Residential Solar Photovoltaic,INSTALL ROOF MOUNTED SOLAR PHOTOVOLTAIC SYSTEM.,"21452 DAWSON AVE, PORT CHARLOTTE FL 33952",27.00205216968407,-82.09323114
4,20210828005,Residential Roofing,"Remove existing shingles, install all new peel n stick, new drip edge, new shingles, new ridge vent","27 BUNKER TER, ROTONDA WEST FL 33947",26.89476397441747,-82.29245762
4,20210827683,Residential Roofing,"ROF REPLACEMENT, ASPHALT SHINGLE","538 ALTOONA ST, PORT CHARLOTTE FL 33948",26.985305743375335,-82.12699897
4,20210827786,Residential Roofing,Re roof,"73 CADDY RD, ROTONDA WEST FL 33947",26.88450994,-82.28352356
4,20210827776,Residential Solar Photovoltaic,9.135 KW PV SOLAR PANEL INSTALLATION ROOF MOUNTED,"539 FENTON AVE, PORT CHARLOTTE FL 33952",26.974054448299956,-82.11772155
4,20210827695,Residential Roofing,Remove existing tile roof and replace with shingles,"1593 BLUE LAKE CIR, PUNTA GORDA FL 33983",27.009521538676037,-82.03529361
4,20210827823,Residential Roofing,"Remove existing, renail deck, install SWB, install tiles","8407 CREEKVIEW LN, ENGLEWOOD FL 34224",26.92974674955784,-82.30835727
4,20210827800,Residential Roofing,Reroof (replacement) of Primary Dwelling,"630 HAWAII CT, PUNTA GORDA FL 33950",26.89619830676717,-82.05048365
4,20210827703,Residential Roofing,"TEAR OFF EXISTING SHINGLES AND REPLACE WITH GAF TIMBERLINE HDZ SHINGLES FL # 10124-R29,36SQ, ROOF PITCH 6/12","1234 RICHTER ST, PORT CHARLOTTE FL 33952",27.011110282297903,-82.07656098
4,20210827681,Residential Roofing,"Remove existing roofing material, renail plywood, install unederlayment, install final roofing material.","301 S GULF BLVD, 7, PLACIDA FL 33946",26.863099624663928,-82.31601171
4,20210827711,Residential Roofing,"38SQ TAMKO SHINGLE REROOF (FL18355.1) SELF ADHERING P+S (FL27152.1) 1 1/4"" EG NAILS (6)","16101 CORUNA CT, PUNTA GORDA FL 33955",26.797304144823787,-82.02684791
4,20210827758,Residential Roofing,Re-Roof,"2191 CLAUDE CT, PORT CHARLOTTE FL 33952",26.99758522922266,-82.08019252
4,20210827755,Residential Roofing,Remove and replace existing metal roof on detached garage,"24501 NOVA LN, PORT CHARLOTTE FL 33980",26.989034628804454,-82.04189306
4,20210827730,Residential Cage,build screen room with composite roof,"2710 CAMELLIA TER, PUNTA GORDA FL 33950",26.913999434078853,-82.05194089
4,20210827751,Residential Roofing,"REMOVE EXISTING, RENAIL DECK, INSTALL GAF TIMBERLINE HD SHINGLES, FL#10124.1, INSTALL GAF TIGERPAW SYNTHETIC UNDERLAYMENT, FL#18686.1, 46 SQUARES, 6/12 PITCH, 2 STORIES","23499 MORELAND AVE, PORT CHARLOTTE FL 33954",27.031007903407716,-82.05874637
4,20210827788,Residential Roofing,Shingle roof replacement,"6249 DRUCKER CIR, PORT CHARLOTTE FL 33981",26.93914602221965,-82.22753911
4,20210827530,Residential Roofing,Re-roof metal,"795 S ELLICOTT CIR, PORT CHARLOTTE FL 33952",26.99121844524929,-82.12106318
4,20210827589,Residential Single Family,new construction - single family residence,"13687 ALLAMANDA CIR, PORT CHARLOTTE FL 33981",26.88945199827545,-82.22911842
4,20210827635,Residential Roofing,Install metal roof over existing shingle roof,"22182 FELTON AVE, PORT CHARLOTTE FL 33952",26.99382590774018,-82.08392332
4,20210827566,Residential Single Family,new construction - single family residence,"6 YARDARM DR, PLACIDA FL 33946",26.870460308146065,-82.25105248
4,20210827655,Residential Roofing,RESIDENTIAL SHINGLE TEAR OFF & RE-ROOF,"12 MEDALIST CT, ROTONDA WEST FL 33947",26.881380108995103,-82.25506592
4,20210827662,Residential Roofing,RESIDENTIAL SHINGLE TEAR OFF & RE-ROOF,"23 LONG MEADOW CT, ROTONDA WEST FL 33947",26.896823833814086,-82.25251008
4,20210827581,Residential Single Family,new construction - single family residence,"23 BINNACLE RD, PLACIDA FL 33946",26.87470616079587,-82.24877166
4,20210827595,Residential Single Family,new construction - single family residence,"13347 BOUVARDIA LN, PORT CHARLOTTE FL 33981",26.88840841501734,-82.22893365
4,20210827569,Residential Roofing,RE-ROOF MOD BIT,"4362 CONWAY BLVD, PORT CHARLOTTE FL 33952",26.967088800554784,-82.08867638
4,20210827619,Residential Roofing,Remove current roof and reroof,"849 E 6TH ST, ENGLEWOOD FL 34223",26.944085067732594,-82.33348998
4,20210827602,Residential Single Family,new construction - single family residence,"18 SCUPPER LN, PLACIDA FL 33946",26.879049158574347,-82.24668878
4,20210827562,Residential Single Family,new construction - single family residence,"1 DECK CT, PLACIDA FL 33946",26.868217340150636,-82.24218898
4,20210827633,Residential Single Family,New Construction Single Family Residence,"269 BRIG CIR W, PLACIDA FL 33946",26.882938259757836,-82.24803165
4,20210827645,Residential Roofing,RESIDENTIAL SHINGLE TEAR OFF & RE-ROOF,"538 SUNSET RD N, ROTONDA WEST FL 33947",26.915826719565906,-82.28963478
4,20210827660,Residential Roofing,RESIDENTIAL SHINGLE TEAR OFF & RE-ROOF,"289 MARINER LN, ROTONDA WEST FL 33947",26.912832126743243,-82.27340706
4,20210827658,Residential Solar Photovoltaic,8.505 KW PV SOLAR PANEL INSTALLATION ROOF MOUNTED,"18218 DRIGGERS AVE, PORT CHARLOTTE FL 33948",26.969169555168264,-82.14938347
4,20210827583,Residential Roofing,Shingle re-roof,"523 OLIPHANT LN, PUNTA GORDA FL 33950",26.915033439262206,-82.04263308
4,20210827526,Residential Roofing,Remove hurricane damaged tile and underlayment.  Re-nail decking to code.  Install self adhered underlayment and flashing.  Install metal to manufacturers specifications.,"17019 CAPE HORN BLVD, PUNTA GORDA FL 33955",26.78477471046678,-82.04544069
4,20210827653,Residential Roofing,Reroof with TPO membrane,"2512 EDNOR ST, PORT CHARLOTTE FL 33952",26.989156712741412,-82.10595697
4,20210827538,Residential Roofing,44SQ OC SHINGLE REROOF (FL10674.1) SELF ADHERING P+S (FL27152.1) 1 1/4IN EG NAILS (6),"2341 MEETZE ST, PORT CHARLOTTE FL 33953",26.99484256157244,-82.21894078
4,20210827579,Residential Single Family,new construction - single family residence,"8253 CHICO ST, PORT CHARLOTTE FL 33981",26.90908624376469,-82.21630856
4,20210827563,Residential Single Family,new construction - single family residence,"3 YARDARM DR, PLACIDA FL 33946",26.87027837176093,-82.25152326
4,20210827670,Residential Roofing,Re-Roof Installation,"75 MARKER RD, ROTONDA WEST FL 33947",26.900527876477053,-82.26141356
4,20210827577,Residential Single Family,new construction - single family residence,"8055 THRUSO RD, PORT CHARLOTTE FL 33981",26.91456992409565,-82.20971675
4,20210827568,Residential Single Family,new construction - single family residence,"15 BANK CT, PLACIDA FL 33946",26.881348179837747,-82.23845509
4,20210827590,Residential Single Family,new construction - single family residence,"13355 BOUVARDIA LN, PORT CHARLOTTE FL 33981",26.888324425850286,-82.22870309
4,20210829988,Residential Roofing,"Roof replacement, asphalt shingle","3229 CODY ST, PORT CHARLOTTE FL 33948",26.982410456529795,-82.14680483
4,20210827657,Residential Roofing,RESIDENTIAL SHINGKE TEAR OFF & RE-ROOF,"7485 FIRE ISLAND ST, ENGLEWOOD FL 34224",26.917259323826745,-82.29558561
4,20210827578,Residential Single Family,new construction - single family residence,"8222 DITTMAR ST, PORT CHARLOTTE FL 33981",26.910013267777657,-82.21672059
4,20210827661,Residential Roofing,RESIDENTIAL SHINGLE TEAR OFF & RE-ROOF,"232 WHITE MARSH LN, ROTONDA WEST FL 33947",26.882925128849635,-82.26050571
4,20210827528,Residential Roofing,Re-roof metal,"2493 CUSHING DR, PUNTA GORDA FL 33983",26.989177647868896,-81.9984359
4,20210827570,Residential Roofing,SHINGLE REPLACE 35 SQ 4/12 PITCH FL9777 FL10674,"539 LOWELL AVE, PORT CHARLOTTE FL 33952",26.97571359532093,-82.11788178
4,20210827654,Residential Roofing,Remove and replace existing shingle roof,"3191 PEACE RIVER DR, PUNTA GORDA FL 33983",26.983218461369464,-81.99825405
4,20210827652,Residential Roofing,RESIDENTIAL SHINGLE TEAR OFF & RE-ROOF,"6121 COLISEUM BLVD, PORT CHARLOTTE FL 33981",26.942954920958822,-82.23248289
4,20210827545,Residential Electrical,REPLACE 200 AMP WEATHERPROOF SERVICE PANEL,"18523 GOODMAN CIR, PORT CHARLOTTE FL 33948",26.96236789025968,-82.14292901
4,20210827586,Residential Roofing,"Remove existing renail deck, install SWB, install tile","8 WINDWARD CT, PLACIDA FL 33946",26.86150364030778,-82.28937523
4,20210827599,Residential Single Family,new construction - single family residence,"13480 BOATBILL LN, PORT CHARLOTTE FL 33981",26.89524851198233,-82.22519686
4,20210827598,Residential Roofing,Re-Roof; Remove the Existing Metal Roof; Install New Metal Roof,"25319 MARILIA DR, PUNTA GORDA FL 33983",27.02108951765795,-82.03122715
4,20210827584,Residential Single Family,new construction - single family residence,"14130 INGRAHAM BLVD, PORT CHARLOTTE FL 33981",26.901258369623157,-82.21965775
4,20210827585,Residential Single Family,new construction - single family residence,"14122 INGRAHAM BLVD, PORT CHARLOTTE FL 33981",26.901390114187052,-82.21984245
4,20210827501,Residential Roofing,Replace Shingle Roofing System,"251 CADDY RD, ROTONDA WEST FL 33947",26.890630704858182,-82.29346473
4,20210827498,Residential Single Family,New Construction Single Family Home,"7183 BATAVIA ST, ENGLEWOOD FL 34224",26.925615258865747,-82.2742157